0;0;0;0;land;false;unknown;0
1;230;81;119;land;false;plains;6
2;0;0;55;land;true;plains;6
3;0;0;205;land;false;plains;6
4;0;0;232;sea;true;ocean;0
5;0;2;240;sea;true;ocean;0
6;0;3;20;land;false;hills;6
7;0;3;170;land;false;hills;1
8;0;3;225;land;false;hills;6
9;131;87;19;land;false;plains;6
10;0;6;85;land;false;plains;1
11;0;6;135;land;false;hills;1
12;0;6;190;land;false;plains;1
13;131;57;219;land;false;marsh;6
14;0;9;155;land;false;hills;1
15;0;9;200;land;false;mountain;1
16;130;195;174;land;false;urban;6
17;0;12;15;land;false;plains;1
18;0;12;165;land;false;hills;6
19;131;12;29;land;true;forest;1
20;0;14;248;sea;false;ocean;0
21;0;15;80;land;false;plains;1
22;0;15;130;land;true;urban;1
23;0;15;185;land;false;forest;1
24;130;201;149;land;false;hills;1
25;130;195;219;land;false;plains;1
26;0;18;45;land;true;plains;6
27;0;18;150;land;false;forest;1
28;0;19;240;sea;false;ocean;0
29;0;20;248;sea;false;ocean;0
30;0;21;10;land;false;plains;1
31;0;21;65;land;false;forest;6
32;0;21;215;land;false;plains;1
33;131;27;9;land;false;plains;6
34;176;162;137;land;false;plains;2
35;0;24;30;land;false;plains;1
36;0;24;75;land;false;urban;1
37;0;24;180;land;false;hills;1
38;0;27;40;land;false;plains;1
39;0;27;95;land;false;plains;1
40;0;27;145;land;false;forest;6
41;131;84;204;land;false;hills;1
42;0;28;236;sea;false;ocean;0
43;0;29;244;sea;false;ocean;0
44;0;30;5;land;true;plains;1
45;0;30;60;land;false;plains;6
46;0;30;210;sea;true;ocean;0
47;0;31;232;sea;false;ocean;0
48;131;66;9;land;false;hills;6
49;0;33;25;land;false;mountain;1
50;131;90;189;land;false;plains;6
51;169;204;2;land;false;forest;2
52;0;36;90;land;false;hills;1
53;0;36;195;land;false;mountain;1
54;169;210;87;land;false;forest;2
55;169;201;92;land;false;plains;1
56;131;99;79;land;false;plains;1
57;0;39;55;land;false;mountain;1
58;0;39;205;land;false;forest;1
59;219;74;215;land;false;plains;2
60;0;42;20;land;true;hills;6
61;0;42;170;land;false;hills;1
62;0;42;225;land;false;plains;6
63;0;45;85;land;false;plains;1
64;0;45;135;land;true;plains;1
65;0;45;190;land;false;desert;1
66;0;48;50;land;false;forest;1
67;0;48;155;land;false;mountain;1
68;0;51;15;land;false;jungle;1
69;0;51;70;land;true;urban;1
70;0;51;220;land;false;forest;6
71;0;54;35;land;false;hills;1
72;0;54;185;land;true;plains;6
73;0;57;0;land;false;plains;1
74;0;57;45;land;false;forest;1
75;0;57;150;land;false;plains;6
76;0;60;10;land;false;forest;1
77;0;60;65;land;false;mountain;1
78;0;60;215;land;true;forest;6
79;0;63;30;land;false;plains;1
80;0;63;180;sea;true;ocean;0
81;0;66;95;land;true;urban;6
82;0;66;145;land;false;forest;1
83;0;66;200;land;false;plains;1
84;0;69;60;land;true;plains;6
85;0;69;165;land;true;urban;1
86;0;69;210;land;false;marsh;1
87;0;72;25;land;false;forest;6
88;0;72;130;land;false;forest;6
89;0;72;175;land;true;plains;6
90;0;75;90;land;false;mountain;1
91;0;75;140;land;true;plains;1
92;0;78;55;land;true;urban;6
93;0;78;160;land;true;plains;1
94;0;81;20;land;true;plains;6
95;0;81;75;land;false;plains;1
96;0;81;225;sea;true;ocean;0
97;0;84;40;land;false;plains;6
98;0;84;85;land;true;plains;6
99;0;84;190;land;false;hills;6
100;0;87;5;land;false;desert;1
101;0;87;50;land;false;plains;1
102;0;87;155;land;false;plains;1
103;0;90;15;land;false;plains;1
104;0;90;70;land;false;mountain;1
105;0;90;220;land;false;plains;6
106;0;93;35;land;true;plains;6
107;0;93;185;land;false;plains;1
108;0;96;0;land;false;hills;6
109;0;96;150;land;false;plains;1
110;0;96;205;land;false;hills;6
111;0;99;65;land;false;plains;1
112;0;99;170;land;false;forest;1
113;0;102;30;land;false;plains;1
114;0;102;135;land;false;hills;1
115;0;105;95;land;false;plains;1
116;0;105;145;land;true;plains;6
117;0;105;200;land;false;plains;1
118;0;108;60;land;false;forest;1
119;0;108;165;land;true;plains;1
120;0;111;25;land;false;hills;1
121;0;111;80;land;false;plains;1
122;0;111;130;land;false;desert;1
123;0;114;45;land;false;forest;6
124;0;114;90;land;false;plains;1
125;0;114;195;land;false;mountain;1
126;0;117;10;land;false;hills;1
127;0;117;55;land;false;plains;6
128;0;120;20;land;false;forest;1
129;0;120;75;land;false;plains;6
130;0;120;225;land;false;forest;1
131;0;123;40;land;false;forest;1
132;0;123;190;land;false;mountain;1
133;0;126;5;land;false;plains;1
134;0;126;155;land;false;forest;1
135;0;126;210;land;false;plains;1
136;0;129;70;land;true;plains;1
137;0;129;175;land;false;plains;1
138;0;129;220;land;true;plains;6
139;0;132;35;land;false;forest;1
140;0;132;185;land;true;forest;6
141;0;135;0;land;true;plains;1
142;0;135;150;land;true;plains;6
143;0;135;205;land;false;forest;6
144;0;138;170;land;false;plains;1
145;0;141;30;land;false;hills;1
146;0;141;85;land;false;forest;6
147;0;144;50;land;true;plains;1
148;0;144;95;land;false;hills;1
149;0;144;200;land;false;plains;1
150;0;147;15;land;true;plains;1
151;0;147;60;land;false;forest;1
152;0;147;165;land;false;mountain;1
153;0;150;25;land;false;plains;1
154;0;150;80;land;true;plains;6
155;0;150;130;land;true;plains;6
156;0;153;45;land;false;mountain;1
157;0;153;195;land;true;plains;6
158;0;156;160;land;false;forest;1
159;0;156;215;land;false;marsh;1
160;0;159;75;land;false;mountain;1
161;0;159;180;land;false;plains;1
162;0;159;225;land;false;plains;1
163;0;162;40;land;true;plains;6
164;0;162;145;land;false;plains;6
165;0;162;190;land;false;plains;1
166;0;165;5;land;false;hills;6
167;0;165;155;land;false;plains;1
168;0;168;70;land;false;plains;1
169;0;168;175;land;false;plains;1
170;0;171;35;land;false;plains;6
171;0;171;90;land;false;hills;1
172;0;171;140;land;false;forest;1
173;0;174;0;land;false;forest;1
174;0;174;205;land;true;plains;6
175;0;177;20;land;false;forest;1
176;0;177;65;land;false;forest;1
177;0;177;170;land;true;plains;1
178;0;180;30;land;true;plains;6
179;0;180;85;land;false;urban;1
180;0;180;135;land;false;plains;6
181;0;183;50;land;false;plains;1
182;0;183;200;land;false;plains;1
183;0;186;15;land;true;urban;6
184;0;186;165;land;false;forest;1
185;0;186;220;land;false;hills;1
186;0;189;80;land;false;hills;6
187;0;189;185;land;true;plains;1
188;0;192;45;land;false;plains;1
189;0;192;150;land;false;forest;6
190;0;192;195;land;false;forest;1
191;0;195;10;land;false;hills;6
192;0;195;160;land;false;forest;1
193;0;198;75;land;false;mountain;1
194;0;198;180;land;false;hills;1
195;0;201;40;land;false;urban;1
196;0;201;145;land;false;plains;1
197;0;204;5;land;false;forest;1
198;130;171;94;land;false;plains;6
199;0;204;210;land;false;desert;1
200;0;207;25;land;false;urban;1
201;0;207;70;land;false;hills;1
202;0;207;175;land;false;plains;1
203;0;210;35;land;false;plains;1
204;0;210;90;land;false;hills;1
205;0;210;140;land;false;plains;1
206;1;0;10;lake;false;lakes;0
207;1;0;160;land;false;plains;1
208;1;0;215;land;false;plains;6
209;1;0;236;sea;true;ocean;0
210;1;2;244;sea;false;ocean;0
211;1;3;75;land;false;hills;6
212;1;3;180;land;false;forest;1
213;131;87;169;land;false;forest;6
214;1;6;40;land;false;plains;1
215;1;6;95;land;false;plains;1
216;1;6;145;land;false;plains;1
217;1;6;240;sea;false;ocean;0
218;168;15;227;land;false;plains;6
219;1;9;5;land;false;plains;1
220;130;192;209;land;false;forest;1
221;1;12;25;land;false;plains;1
222;1;12;70;land;false;forest;1
223;1;12;175;land;false;marsh;1
224;173;192;222;land;false;hills;6
225;1;14;232;sea;false;ocean;0
226;1;15;35;land;true;plains;1
227;1;15;90;land;false;mountain;6
228;1;15;140;land;false;forest;6
229;130;201;99;land;false;plains;1
230;169;132;137;land;false;forest;1
231;1;18;0;land;true;plains;1
232;1;18;55;land;false;hills;1
233;1;18;205;land;false;plains;1
234;131;6;99;land;false;mountain;1
235;131;18;164;land;false;forest;6
236;1;21;20;land;false;plains;1
237;1;21;170;land;true;plains;6
238;1;21;225;land;false;plains;1
239;177;75;197;land;false;forest;6
240;173;192;72;land;false;plains;6
241;1;24;85;land;false;jungle;1
242;1;24;135;land;true;plains;1
243;1;24;190;land;false;plains;1
244;131;30;74;land;false;hills;6
245;131;78;174;land;false;forest;6
246;1;27;50;land;false;mountain;1
247;1;27;155;land;false;jungle;1
248;1;27;200;land;false;plains;1
249;46;83;51;land;false;forest;6
250;41;49;25;land;false;forest;6
251;1;29;248;sea;false;ocean;0
252;1;30;165;land;true;plains;1
253;1;30;220;land;false;hills;1
254;1;31;236;sea;true;ocean;0
255;131;66;214;land;false;plains;6
256;1;33;130;land;false;plains;1
257;1;33;185;land;false;hills;6
258;171;102;197;land;false;plains;1
259;175;138;2;land;false;forest;6
260;1;36;45;land;false;forest;6
261;1;36;150;land;false;forest;1
262;168;180;177;land;false;plains;1
263;169;207;172;land;false;mountain;1
264;172;15;52;land;true;plains;1
265;1;39;10;land;false;forest;1
266;1;39;215;land;false;plains;1
267;168;6;27;land;false;plains;1
268;1;42;30;land;false;plains;1
269;1;42;180;land;false;mountain;1
270;1;45;40;land;false;forest;1
271;1;45;95;land;false;hills;1
272;1;48;5;land;false;forest;6
273;1;48;60;land;false;mountain;6
274;1;48;210;land;false;forest;1
275;1;51;25;land;false;forest;1
276;1;51;175;land;false;plains;1
277;1;54;90;land;false;plains;1
278;1;57;55;land;true;plains;6
279;1;57;160;land;false;forest;1
280;1;57;205;land;false;plains;1
281;1;60;20;land;false;plains;1
282;1;60;170;land;false;plains;6
283;1;63;85;land;false;hills;1
284;1;63;135;land;false;plains;1
285;1;63;190;land;false;plains;1
286;1;66;155;land;false;plains;6
287;1;69;15;land;false;mountain;1
288;1;69;70;land;false;plains;1
289;1;69;220;land;false;forest;1
290;1;72;35;land;false;desert;1
291;1;72;80;land;false;mountain;6
292;1;72;185;land;false;forest;6
293;1;75;0;land;false;hills;1
294;1;75;150;land;false;plains;1
295;1;78;10;land;false;forest;1
296;1;78;65;land;false;plains;1
297;1;78;215;land;false;plains;1
298;1;81;30;land;false;mountain;6
299;1;81;180;land;false;plains;1
300;1;84;95;land;false;forest;1
301;1;84;145;land;false;plains;1
302;1;84;200;land;false;forest;1
303;1;87;60;land;false;plains;1
304;1;87;165;land;false;plains;1
305;1;87;210;land;false;hills;6
306;1;90;25;land;false;plains;1
307;1;93;90;land;true;plains;6
308;1;93;140;land;false;forest;1
309;1;93;195;land;false;jungle;1
310;1;96;55;land;false;plains;1
311;1;96;160;land;true;urban;1
312;1;99;20;land;false;plains;6
313;1;99;75;land;false;forest;6
314;1;99;225;land;false;mountain;1
315;1;102;40;land;false;forest;1
316;1;102;85;land;false;plains;1
317;1;102;190;land;false;plains;1
318;1;105;5;land;false;desert;1
319;1;105;50;land;false;forest;1
320;1;108;15;land;false;plains;1
321;1;108;70;land;false;plains;1
322;1;111;35;land;false;plains;1
323;1;111;185;land;false;plains;1
324;1;114;0;land;false;mountain;1
325;1;114;150;land;false;forest;1
326;1;114;205;land;true;forest;6
327;1;117;65;land;false;plains;1
328;1;117;170;land;false;forest;1
329;1;117;215;land;false;plains;1
330;1;120;30;land;false;forest;1
331;1;120;135;land;false;plains;1
332;1;123;95;land;false;forest;1
333;1;123;145;land;true;plains;1
334;1;123;200;land;false;forest;1
335;1;126;60;land;false;forest;1
336;1;126;165;land;true;marsh;1
337;1;129;25;land;false;plains;1
338;1;129;80;land;false;forest;6
339;1;129;130;land;false;hills;6
340;1;132;45;land;false;plains;1
341;1;132;90;land;false;marsh;1
342;1;132;195;land;false;forest;1
343;1;135;10;land;false;plains;1
344;1;135;55;land;false;forest;1
345;1;135;160;land;false;mountain;1
346;1;138;20;land;false;hills;1
347;1;138;75;land;false;desert;1
348;1;138;225;land;false;forest;1
349;1;141;40;land;false;plains;1
350;1;141;190;land;false;mountain;1
351;1;144;155;land;false;urban;1
352;1;147;70;land;false;hills;1
353;1;147;175;land;false;hills;6
354;1;147;220;land;false;forest;1
355;1;150;35;land;false;forest;6
356;1;150;140;land;false;plains;1
357;1;150;185;land;false;forest;1
358;1;153;0;land;false;plains;1
359;1;153;150;land;false;forest;6
360;1;153;205;land;false;plains;1
361;1;156;65;land;false;plains;6
362;1;156;170;land;false;forest;1
363;1;159;30;land;true;plains;1
364;1;159;135;land;false;plains;1
365;1;162;50;land;false;forest;6
366;1;162;95;land;false;forest;1
367;1;165;15;land;false;plains;1
368;1;165;60;land;false;plains;1
369;1;165;165;land;false;forest;1
370;1;168;25;land;false;hills;6
371;1;168;80;land;false;marsh;1
372;1;171;195;land;false;forest;6
373;1;173;10;land;false;plains;1
374;1;174;10;land;false;plains;1
375;1;174;215;land;false;plains;1
376;1;177;75;land;false;mountain;1
377;1;177;180;land;false;mountain;1
378;1;177;225;land;false;plains;1
379;1;180;40;land;true;plains;1
380;1;180;145;land;false;forest;6
381;1;180;190;land;false;hills;6
382;1;183;5;land;false;plains;1
383;1;183;155;land;false;plains;6
384;1;183;210;land;false;forest;1
385;1;186;70;land;false;plains;1
386;1;186;175;land;false;plains;1
387;1;189;35;land;false;plains;1
388;1;189;90;land;false;plains;1
389;1;189;140;land;false;plains;1
390;1;192;0;land;false;forest;6
391;1;192;55;land;false;jungle;1
392;1;192;205;land;false;hills;6
393;1;195;20;land;false;mountain;6
394;1;195;65;land;false;plains;1
395;1;195;170;land;false;plains;1
396;1;198;85;land;false;hills;1
397;1;198;135;land;false;forest;1
398;1;201;50;land;false;forest;1
399;1;201;200;land;false;plains;1
400;1;204;15;land;false;forest;1
401;1;204;165;land;false;forest;1
402;1;204;220;land;false;plains;1
403;1;207;80;land;false;mountain;6
404;1;207;130;land;true;plains;6
405;1;207;185;land;true;jungle;1
406;1;210;45;land;false;plains;1
407;1;210;150;land;false;plains;1
408;1;210;195;land;false;plains;1
409;2;0;20;land;false;forest;1
410;2;0;65;land;false;forest;6
411;2;0;240;sea;true;ocean;0
412;131;39;174;land;false;forest;6
413;2;3;30;land;false;hills;1
414;2;3;85;land;false;plains;1
415;2;3;135;land;false;forest;1
416;131;45;54;land;false;plains;6
417;2;6;50;land;false;plains;1
418;2;6;200;land;true;plains;1
419;131;48;19;land;false;forest;6
420;131;90;134;land;false;plains;6
421;2;9;15;land;false;hills;1
422;2;9;165;lake;false;lakes;0
423;130;198;34;land;false;forest;1
424;2;12;80;land;false;jungle;1
425;2;12;130;land;false;jungle;1
426;2;12;185;land;false;plains;1
427;130;156;219;land;false;mountain;1
428;2;14;236;sea;false;ocean;0
429;2;15;150;land;false;hills;1
430;2;15;244;sea;false;ocean;0
431;2;17;232;sea;false;ocean;0
432;2;18;10;lake;false;lakes;0
433;2;18;160;land;false;forest;6
434;2;18;215;land;false;forest;1
435;170;57;202;land;false;desert;1
436;131;6;204;land;false;forest;6
437;2;21;75;land;true;plains;1
438;2;21;180;land;false;plains;6
439;177;75;92;land;true;forest;6
440;173;192;17;land;true;plains;1
441;2;24;40;land;false;plains;1
442;2;24;145;land;false;plains;1
443;177;0;207;land;false;plains;1
444;2;27;5;land;false;plains;1
445;2;27;210;land;false;forest;6
446;53;22;35;land;false;forest;6
447;34;120;17;land;false;forest;6
448;2;29;232;sea;false;ocean;0
449;2;30;25;land;false;plains;1
450;2;31;240;sea;true;ocean;0
451;131;210;154;land;false;forest;6
452;2;33;35;land;false;plains;6
453;2;33;90;land;false;hills;1
454;2;33;140;land;false;hills;1
455;171;102;92;land;false;plains;1
456;176;138;12;land;false;plains;6
457;2;36;0;land;false;plains;1
458;2;36;55;land;false;plains;1
459;168;180;72;land;false;forest;1
460;168;204;197;land;false;hills;1
461;172;14;65;sea;true;ocean;0
462;2;39;20;land;false;plains;1
463;2;39;170;land;false;forest;1
464;2;39;225;sea;true;ocean;0
465;168;3;212;land;false;plains;1
466;2;42;85;land;false;plains;1
467;2;42;135;land;false;plains;1
468;2;42;190;sea;true;ocean;0
469;2;45;50;land;false;desert;1
470;2;51;80;land;false;hills;6
471;2;51;130;land;false;mountain;1
472;2;51;185;land;false;plains;1
473;2;54;45;land;false;forest;1
474;2;57;10;land;false;plains;1
475;2;57;65;land;false;hills;6
476;2;57;215;land;false;plains;1
477;2;60;30;land;false;hills;6
478;2;60;75;land;false;desert;1
479;2;60;180;land;false;plains;1
480;2;63;40;land;false;forest;1
481;2;63;95;land;false;forest;6
482;2;63;145;land;false;jungle;1
483;2;66;5;land;false;forest;6
484;2;66;60;land;false;marsh;1
485;2;66;210;land;false;hills;1
486;2;69;25;land;false;hills;1
487;2;69;175;land;false;plains;6
488;2;72;90;land;false;urban;1
489;2;72;140;land;false;urban;1
490;2;72;195;sea;true;ocean;0
491;2;75;55;land;false;desert;1
492;2;75;160;land;true;hills;1
493;2;75;205;land;false;plains;1
494;2;78;20;land;false;hills;1
495;2;78;170;land;false;jungle;1
496;2;78;225;land;false;hills;1
497;2;81;135;land;true;forest;6
498;2;81;190;land;false;forest;6
499;2;84;50;land;false;plains;6
500;2;84;155;land;false;plains;1
501;2;87;15;land;false;hills;1
502;2;87;220;land;false;hills;1
503;2;90;35;land;false;plains;1
504;2;90;185;land;false;plains;1
505;2;93;0;land;false;hills;6
506;2;93;150;land;false;plains;1
507;2;96;10;land;false;plains;1
508;2;99;180;land;false;forest;6
509;2;102;95;land;false;plains;1
510;2;102;145;land;false;hills;1
511;2;105;60;land;false;plains;1
512;2;105;165;land;false;forest;1
513;2;108;25;land;false;plains;1
514;2;111;90;land;false;desert;1
515;2;111;195;land;false;mountain;6
516;2;114;55;land;false;forest;1
517;2;114;160;land;false;hills;6
518;2;117;20;land;false;hills;6
519;2;117;75;land;false;jungle;1
520;2;117;225;land;false;forest;6
521;2;120;40;land;false;mountain;1
522;2;120;85;land;false;hills;1
523;2;120;190;land;false;forest;1
524;2;123;50;land;false;plains;1
525;2;123;155;land;false;plains;1
526;2;126;15;land;false;plains;1
527;2;126;70;land;false;plains;1
528;2;129;35;land;false;plains;6
529;2;129;185;land;true;plains;1
530;2;132;0;land;false;plains;1
531;2;132;150;land;true;plains;6
532;2;132;205;land;false;jungle;1
533;2;135;65;land;false;forest;6
534;2;135;215;land;false;forest;1
535;2;138;180;land;false;plains;1
536;2;141;95;land;false;plains;1
537;2;141;145;land;false;desert;1
538;2;144;60;land;true;plains;1
539;2;144;165;land;false;marsh;1
540;2;147;25;land;true;plains;1
541;2;147;80;land;false;hills;1
542;2;147;130;land;false;plains;1
543;2;150;45;land;false;marsh;1
544;2;150;90;land;false;forest;6
545;2;150;195;land;false;hills;6
546;2;153;55;land;false;forest;1
547;2;153;160;land;false;forest;1
548;2;156;20;land;false;plains;1
549;2;156;75;land;false;jungle;1
550;2;156;225;land;false;plains;1
551;2;159;40;land;false;forest;1
552;2;159;190;land;false;mountain;1
553;2;162;5;land;false;forest;1
554;2;165;70;land;false;forest;6
555;2;165;175;land;false;desert;1
556;2;165;220;land;false;plains;6
557;2;168;140;land;false;jungle;1
558;2;168;185;land;false;plains;1
559;2;171;0;land;false;plains;1
560;2;171;150;land;false;forest;1
561;2;171;205;land;false;jungle;1
562;2;174;65;land;false;plains;1
563;2;174;170;land;false;forest;1
564;2;177;30;land;true;plains;1
565;2;177;85;land;false;plains;1
566;2;180;95;land;false;marsh;6
567;2;183;60;land;false;hills;1
568;2;183;165;land;true;forest;1
569;2;186;80;land;false;jungle;1
570;2;186;130;land;false;hills;1
571;2;189;45;land;false;jungle;1
572;2;189;195;land;false;plains;1
573;2;192;160;land;false;desert;1
574;2;192;215;land;false;plains;1
575;2;195;225;land;false;forest;1
576;2;198;40;land;false;forest;6
577;2;198;145;land;false;plains;1
578;2;198;190;land;true;plains;6
579;2;201;5;land;true;plains;6
580;2;201;155;land;false;plains;1
581;2;201;210;land;true;plains;1
582;2;204;70;land;false;plains;1
583;2;204;175;land;false;jungle;1
584;2;207;35;land;false;desert;1
585;2;207;90;land;true;urban;1
586;2;207;140;land;true;urban;1
587;2;210;0;land;false;jungle;1
588;2;210;55;land;true;forest;1
589;2;210;205;land;true;plains;1
590;3;0;75;land;false;plains;1
591;3;0;180;land;false;plains;1
592;3;0;225;land;false;mountain;1
593;3;0;244;sea;true;ocean;0
594;178;12;177;land;false;plains;6
595;3;3;40;land;false;plains;1
596;3;3;145;land;false;plains;1
597;177;87;212;land;false;forest;6
598;3;6;5;land;false;plains;1
599;3;6;210;land;false;forest;1
600;131;57;14;land;false;hills;6
601;171;99;177;land;true;forest;1
602;3;9;70;land;true;forest;1
603;3;9;175;land;false;plains;1
604;130;198;184;land;false;hills;1
605;3;12;35;land;true;plains;1
606;3;12;90;land;false;hills;1
607;3;12;140;land;false;hills;1
608;169;87;2;land;false;plains;1
609;3;14;240;sea;true;ocean;0
610;3;15;0;land;false;plains;6
611;3;15;205;land;false;hills;1
612;135;15;129;land;false;mountain;6
613;130;195;69;land;false;plains;1
614;3;18;20;land;false;plains;1
615;3;18;65;land;false;plains;6
616;175;204;202;land;false;hills;6
617;178;156;67;land;false;plains;6
618;3;21;30;land;false;hills;6
619;3;21;85;land;false;plains;1
620;3;21;135;land;false;plains;1
621;131;51;84;land;false;plains;6
622;173;189;157;land;false;plains;1
623;173;189;52;land;true;plains;1
624;3;24;50;land;true;plains;1
625;3;24;200;land;false;plains;1
626;177;0;162;land;false;plains;6
627;131;81;34;land;false;plains;1
628;3;27;15;land;false;desert;1
629;3;27;165;land;false;forest;1
630;3;27;220;land;false;mountain;1
631;25;74;39;land;false;plains;6
632;0;101;78;land;false;forest;6
633;3;29;236;sea;false;ocean;0
634;3;30;130;land;false;forest;1
635;3;31;244;sea;false;ocean;0
636;3;33;45;land;false;mountain;1
637;3;33;150;land;false;desert;1
638;3;33;195;land;false;hills;1
639;171;99;27;land;false;plains;1
640;176;135;197;land;false;forest;6
641;3;36;10;land;false;plains;1
642;3;36;160;land;false;mountain;6
643;168;177;212;land;false;plains;1
644;168;204;152;land;false;mountain;1
645;170;0;7;land;false;forest;2
646;3;39;180;land;false;plains;1
647;168;3;62;land;false;forest;1
648;3;42;40;land;false;plains;1
649;3;42;95;land;false;desert;1
650;3;42;145;land;false;forest;6
651;3;45;5;land;false;plains;1
652;3;45;60;land;false;plains;6
653;3;45;210;land;true;plains;1
654;3;48;25;land;false;forest;1
655;3;48;70;land;false;forest;1
656;3;48;175;land;true;plains;1
657;3;51;90;land;false;plains;1
658;3;51;140;land;false;hills;1
659;3;54;0;land;false;hills;1
660;3;54;55;land;false;forest;1
661;3;54;205;land;false;forest;1
662;3;57;20;land;true;plains;1
663;3;57;170;land;false;jungle;1
664;3;57;225;land;false;plains;6
665;3;63;50;land;true;plains;1
666;3;63;155;land;false;plains;1
667;3;63;200;land;false;plains;1
668;3;66;15;land;true;plains;1
669;3;66;165;land;false;hills;1
670;3;66;220;land;false;plains;1
671;3;69;80;land;true;forest;1
672;3;69;185;land;false;plains;1
673;3;72;45;land;true;plains;1
674;3;72;150;land;false;desert;1
675;3;75;65;land;false;plains;6
676;3;75;215;land;false;plains;1
677;3;78;30;land;false;forest;6
678;3;78;75;land;false;mountain;1
679;3;78;180;land;false;plains;1
680;3;81;40;land;false;jungle;1
681;3;81;95;land;false;forest;6
682;3;81;145;land;false;plains;1
683;3;84;60;land;false;plains;1
684;3;84;210;land;false;forest;1
685;3;87;25;land;false;forest;1
686;3;87;175;land;false;forest;1
687;3;90;90;land;false;desert;1
688;3;90;140;land;false;plains;1
689;3;90;195;land;false;mountain;1
690;3;93;55;land;true;forest;1
691;3;93;160;land;false;mountain;1
692;3;93;205;land;false;plains;1
693;3;96;20;land;true;plains;1
694;3;96;170;land;true;jungle;1
695;3;96;225;land;false;mountain;1
696;3;99;85;land;false;forest;1
697;3;99;90;land;false;plains;6
698;3;99;135;land;false;desert;1
699;3;102;50;land;false;forest;1
700;3;102;155;land;false;forest;1
701;3;105;15;land;false;plains;1
702;3;105;70;land;false;mountain;1
703;3;108;35;land;false;hills;1
704;3;108;80;land;false;plains;1
705;3;108;185;land;false;plains;1
706;3;111;0;land;false;hills;1
707;3;111;45;land;false;jungle;1
708;3;114;10;land;false;jungle;1
709;3;114;65;land;false;forest;1
710;3;117;30;land;false;plains;6
711;3;117;180;land;false;forest;1
712;3;120;95;land;false;plains;1
713;3;120;145;land;false;desert;1
714;3;123;60;land;false;plains;1
715;3;123;165;land;true;plains;1
716;3;123;210;land;false;desert;1
717;3;126;25;land;true;plains;1
718;3;126;130;land;true;plains;1
719;3;129;90;land;false;plains;1
720;3;129;195;land;false;mountain;1
721;3;132;55;land;true;plains;1
722;3;132;160;land;false;urban;1
723;3;135;20;land;false;forest;1
724;3;135;75;land;true;hills;1
725;3;135;225;land;false;forest;6
726;3;138;40;land;false;plains;1
727;3;138;85;land;false;plains;1
728;3;138;190;land;false;plains;1
729;3;141;5;land;false;plains;1
730;3;141;50;land;false;forest;1
731;3;141;155;land;false;forest;1
732;3;141;209;land;false;hills;1
733;3;144;70;land;false;marsh;1
734;3;147;35;land;false;mountain;1
735;3;147;185;land;false;plains;1
736;3;150;0;land;false;forest;6
737;3;150;150;land;true;plains;1
738;3;150;205;land;false;plains;1
739;3;153;65;land;false;plains;6
740;3;153;170;land;false;plains;1
741;3;153;215;land;false;forest;1
742;3;156;30;land;false;hills;6
743;3;156;135;land;false;marsh;1
744;3;156;180;land;false;plains;1
745;3;159;95;land;false;hills;6
746;3;159;145;land;false;plains;1
747;3;159;200;land;false;plains;1
748;3;165;25;land;false;urban;1
749;3;165;130;land;false;plains;1
750;3;168;90;land;false;plains;1
751;3;168;195;land;false;forest;1
752;3;171;10;land;false;plains;1
753;3;171;160;land;false;urban;6
754;3;174;20;land;false;forest;1
755;3;174;75;land;false;plains;1
756;3;174;225;land;false;plains;6
757;3;177;190;land;false;hills;6
758;3;180;5;land;true;urban;1
759;3;180;155;land;false;plains;1
760;3;180;210;land;false;plains;1
761;3;183;70;land;false;forest;6
762;3;183;175;land;false;plains;1
763;3;186;35;land;false;forest;6
764;3;186;140;land;false;plains;1
765;3;186;185;land;false;plains;1
766;3;189;0;land;false;hills;6
767;3;189;150;land;true;plains;1
768;3;192;65;land;false;mountain;6
769;3;192;170;land;false;plains;1
770;3;195;85;land;false;forest;1
771;3;198;50;land;false;plains;1
772;3;198;95;land;false;plains;1
773;3;201;15;land;false;plains;1
774;3;201;165;land;false;urban;1
775;3;204;25;land;false;plains;1
776;3;204;80;land;false;plains;1
777;3;204;130;land;true;forest;1
778;3;207;45;land;false;hills;1
779;3;207;195;land;false;mountain;1
780;3;210;10;land;false;plains;1
781;3;210;160;land;false;hills;6
782;3;210;215;land;false;plains;1
783;4;0;30;lake;false;lakes;0
784;4;0;85;land;false;plains;1
785;4;0;135;land;false;plains;1
786;4;0;248;sea;true;ocean;0
787;131;24;44;land;true;hills;6
788;4;3;50;land;true;plains;1
789;4;3;95;land;true;plains;6
790;4;3;200;land;false;forest;1
791;4;4;244;sea;false;ocean;0
792;4;6;15;land;true;forest;6
793;4;6;60;land;false;desert;1
794;4;6;165;land;false;plains;1
795;168;3;7;land;false;hills;1
796;171;96;212;land;true;plains;1
797;4;9;25;land;false;forest;1
798;4;9;80;land;false;forest;1
799;4;9;130;land;false;plains;1
800;4;12;45;land;false;plains;6
801;4;12;195;land;false;forest;1
802;130;159;34;land;false;urban;1
803;4;14;244;sea;false;ocean;0
804;4;15;10;land;false;plains;1
805;4;15;160;land;false;plains;6
806;4;15;215;land;false;plains;1
807;133;33;154;land;true;urban;1
808;133;18;79;land;false;hills;6
809;4;18;180;land;false;plains;1
810;4;18;225;land;false;marsh;6
811;175;204;147;land;true;forest;6
812;135;141;74;land;false;forest;6
813;4;21;40;land;false;plains;1
814;4;21;145;land;false;plains;6
815;177;72;132;land;false;hills;6
816;131;9;169;land;false;hills;6
817;4;24;5;land;false;hills;1
818;4;24;155;land;false;desert;1
819;4;24;210;land;false;desert;1
820;177;0;57;land;true;plains;6
821;255;53;120;sea;false;ocean;0
822;4;27;70;land;false;plains;1
823;4;27;175;land;false;plains;6
824;20;124;113;land;false;plains;6
825;4;28;232;sea;false;ocean;0
826;4;29;240;sea;false;ocean;0
827;4;30;35;land;false;plains;1
828;4;30;90;land;false;plains;6
829;4;30;140;land;true;urban;6
830;4;31;248;sea;false;ocean;0
831;4;33;0;land;false;mountain;1
832;4;33;55;land;false;forest;1
833;4;33;205;land;false;mountain;1
834;171;96;62;land;false;forest;6
835;176;135;152;land;false;plains;6
836;4;36;20;land;true;jungle;6
837;4;36;65;land;false;forest;6
838;168;177;157;land;true;plains;6
839;168;204;47;land;false;plains;1
840;172;12;137;land;false;forest;1
841;4;39;85;land;false;plains;1
842;168;0;147;land;true;plains;6
843;4;40;248;sea;true;ocean;0
844;4;42;50;land;false;plains;1
845;4;42;200;land;false;plains;1
846;4;45;15;land;false;hills;6
847;4;45;165;land;false;hills;1
848;4;45;220;land;false;plains;6
849;4;48;80;land;false;plains;1
850;131;69;179;land;false;plains;6
851;4;48;185;land;false;hills;1
852;4;51;150;land;false;plains;6
853;131;60;184;land;true;plains;6
854;4;54;10;land;false;plains;1
855;130;141;89;land;false;plains;1
856;4;54;215;land;false;hills;1
857;4;57;75;land;false;forest;1
858;4;57;180;land;false;plains;1
859;4;60;40;land;false;hills;1
860;4;60;95;land;true;forest;1
861;4;60;145;land;false;plains;6
862;4;63;5;land;false;mountain;1
863;4;63;60;land;false;forest;1
864;4;63;210;land;true;forest;6
865;4;66;25;land;true;plains;1
866;4;66;70;land;false;hills;1
867;4;66;175;land;false;plains;1
868;4;69;35;land;false;hills;6
869;4;69;90;land;false;plains;1
870;4;72;0;land;false;mountain;1
871;4;72;55;land;false;plains;1
872;4;72;205;land;false;plains;1
873;4;75;20;land;false;plains;1
874;4;75;170;land;false;plains;1
875;4;75;225;land;false;plains;1
876;4;78;85;land;false;hills;1
877;4;78;135;land;false;plains;1
878;4;81;50;land;false;forest;1
879;4;81;155;land;false;plains;1
880;4;84;165;land;false;plains;1
881;4;84;220;land;false;plains;6
882;4;87;130;land;false;plains;1
883;4;87;185;land;false;forest;1
884;4;90;45;land;false;plains;1
885;4;93;10;land;false;plains;1
886;4;93;65;land;false;urban;1
887;4;93;215;land;false;jungle;6
888;4;96;30;land;false;plains;1
889;4;96;75;land;true;forest;1
890;4;96;180;land;false;plains;1
891;4;99;40;land;false;hills;1
892;4;99;95;land;false;jungle;6
893;4;99;145;land;false;plains;1
894;4;102;5;land;false;hills;1
895;4;102;60;land;false;hills;1
896;4;105;25;land;false;hills;1
897;4;105;175;land;false;plains;1
898;4;108;90;land;false;plains;6
899;4;108;140;land;false;plains;1
900;4;108;195;land;false;plains;6
901;4;111;55;land;true;plains;6
902;4;111;160;land;true;plains;1
903;4;111;205;land;false;mountain;1
904;4;114;20;land;false;plains;1
905;4;114;170;land;false;plains;1
906;4;114;225;land;false;urban;6
907;4;117;85;land;false;plains;1
908;4;117;135;land;true;plains;1
909;4;117;190;land;false;hills;1
910;4;120;50;land;false;hills;1
911;4;123;15;land;false;plains;1
912;4;123;70;land;false;plains;6
913;4;123;220;land;false;forest;1
914;4;126;35;land;false;hills;1
915;4;126;80;land;false;plains;1
916;4;126;185;land;false;hills;6
917;4;129;0;land;false;plains;6
918;4;129;45;land;true;plains;1
919;4;129;150;land;false;plains;1
920;4;132;10;land;true;plains;1
921;4;132;65;land;false;plains;1
922;4;132;215;land;false;plains;1
923;4;135;30;land;true;forest;1
924;4;138;95;land;false;forest;1
925;4;138;145;land;false;forest;1
926;4;138;200;land;false;forest;1
927;4;141;60;land;false;plains;6
928;4;141;165;land;false;plains;1
929;4;141;210;land;false;plains;1
930;4;144;25;land;false;jungle;6
931;4;144;130;land;true;plains;1
932;4;144;175;land;false;forest;1
933;4;147;90;land;false;plains;1
934;4;147;195;land;false;plains;6
935;4;150;55;land;true;plains;1
936;4;150;160;land;false;plains;1
937;4;153;20;land;false;forest;1
938;4;153;75;land;true;plains;1
939;4;153;225;land;false;plains;1
940;4;156;40;land;false;plains;1
941;4;156;190;land;false;plains;6
942;4;159;5;land;false;forest;1
943;4;159;50;land;false;plains;1
944;4;159;155;land;false;plains;6
945;4;162;70;land;false;jungle;6
946;4;162;220;land;true;plains;6
947;4;165;35;land;false;plains;1
948;4;168;0;land;false;plains;1
949;4;168;150;land;false;forest;1
950;4;168;205;land;true;urban;1
951;4;171;65;land;false;plains;1
952;4;171;170;land;false;plains;6
953;4;171;215;land;false;plains;1
954;4;174;30;land;false;mountain;1
955;4;174;135;land;true;plains;1
956;4;174;180;land;false;plains;1
957;4;177;95;land;false;plains;6
958;4;177;145;land;false;hills;1
959;4;177;200;land;false;plains;6
960;4;180;60;land;false;plains;1
961;4;180;165;land;false;mountain;1
962;4;183;80;land;false;hills;1
963;4;183;130;land;true;plains;1
964;4;186;45;land;false;plains;6
965;4;186;90;land;false;plains;1
966;4;189;10;land;false;plains;1
967;4;189;55;land;false;hills;1
968;4;189;160;land;false;hills;1
969;4;192;20;land;false;hills;1
970;4;192;75;land;true;plains;1
971;4;192;225;land;false;mountain;1
972;4;195;40;land;false;plains;6
973;4;195;190;land;false;plains;6
974;4;198;5;land;false;plains;1
975;4;198;155;land;false;forest;1
976;4;198;210;land;false;plains;1
977;4;201;70;land;false;plains;1
978;4;201;175;land;false;forest;6
979;4;201;220;land;false;mountain;1
980;4;204;35;land;false;plains;1
981;4;204;140;land;false;hills;1
982;4;204;185;land;false;forest;1
983;4;207;0;land;false;forest;1
984;4;207;150;land;false;plains;1
985;4;207;205;land;false;plains;1
986;4;210;65;land;false;plains;6
987;4;210;170;land;false;forest;6
988;5;0;40;lake;false;lakes;0
989;5;0;190;land;false;jungle;1
990;5;0;232;land;false;hills;6
991;178;9;7;land;true;plains;6
992;5;3;5;land;false;plains;6
993;5;3;155;land;true;forest;6
994;130;150;39;land;false;plains;1
995;131;21;24;land;false;hills;1
996;5;6;70;land;false;plains;6
997;5;6;175;land;false;jungle;6
998;130;192;154;land;false;plains;1
999;136;105;94;land;false;forest;6
1000;169;210;32;land;false;plains;1
1001;5;9;35;land;false;forest;6
1002;130;189;189;land;false;hills;6
1003;130;183;159;land;false;plains;6
1004;5;12;0;land;false;hills;6
1005;5;12;150;land;false;plains;1
1006;5;12;205;land;false;plains;6
1007;169;84;187;land;false;plains;1
1008;5;14;248;sea;false;ocean;0
1009;5;15;65;land;false;plains;1
1010;5;15;170;land;false;plains;6
1011;130;174;164;land;false;marsh;1
1012;133;15;164;land;false;jungle;6
1013;5;18;30;land;false;jungle;1
1014;5;18;85;land;false;mountain;6
1015;5;18;135;land;false;forest;6
1016;175;204;97;land;false;plains;6
1017;178;153;2;land;false;hills;6
1018;5;21;50;land;false;plains;6
1019;5;21;95;land;true;plains;1
1020;5;21;200;land;false;hills;6
1021;177;72;82;land;false;hills;6
1022;173;162;217;land;false;mountain;1
1023;5;24;15;land;false;plains;6
1024;5;24;60;land;false;hills;6
1025;131;201;54;land;false;plains;1
1026;33;51;70;land;false;forest;1
1027;5;27;25;land;false;urban;6
1028;5;27;80;land;false;plains;6
1029;5;27;130;land;false;hills;6
1030;78;36;65;land;false;forest;1
1031;156;126;33;sea;false;ocean;0
1032;5;29;244;sea;true;ocean;0
1033;5;30;45;land;false;hills;6
1034;5;30;195;land;false;urban;6
1035;5;31;232;sea;true;ocean;0
1036;5;33;10;land;false;plains;6
1037;5;33;160;land;false;plains;1
1038;5;33;215;sea;true;ocean;0
1039;171;96;7;land;false;mountain;1
1040;176;135;47;land;false;plains;6
1041;5;36;75;land;false;forest;1
1042;173;30;87;land;false;hills;6
1043;130;210;49;land;false;plains;1
1044;168;201;187;land;true;plains;1
1045;172;12;87;land;false;plains;1
1046;5;39;40;land;false;plains;1
1047;5;39;145;land;false;plains;6
1048;5;39;190;sea;false;ocean;0
1049;168;0;42;land;false;forest;1
1050;5;40;232;sea;true;ocean;0
1051;5;42;5;land;false;forest;6
1052;5;42;155;land;false;plains;6
1053;5;42;210;land;false;plains;6
1054;5;45;70;land;false;hills;6
1055;5;45;175;land;false;plains;6
1056;5;48;35;land;false;forest;1
1057;5;48;140;land;true;plains;1
1058;5;51;0;land;false;plains;1
1059;5;51;55;land;false;mountain;6
1060;5;51;205;land;false;forest;6
1061;5;54;20;land;false;plains;6
1062;5;54;170;land;false;plains;1
1063;5;57;30;land;false;hills;6
1064;5;57;85;land;true;plains;6
1065;5;57;135;land;true;plains;6
1066;5;60;50;land;false;plains;6
1067;5;60;200;land;false;forest;6
1068;5;63;15;land;false;plains;6
1069;5;63;165;land;false;plains;6
1070;5;63;220;sea;true;ocean;0
1071;5;66;80;land;false;hills;6
1072;5;66;130;land;false;forest;1
1073;5;66;185;land;false;plains;6
1074;5;69;45;land;true;plains;6
1075;5;69;150;land;false;hills;6
1076;5;72;10;land;false;hills;6
1077;5;72;160;land;true;plains;1
1078;5;72;215;land;false;plains;6
1079;5;75;75;land;false;jungle;1
1080;5;75;180;land;true;plains;6
1081;5;78;40;land;false;plains;6
1082;5;78;95;land;false;forest;6
1083;5;78;145;land;false;forest;6
1084;5;81;5;land;false;forest;6
1085;173;30;32;land;false;plains;1
1086;5;81;210;land;true;urban;6
1087;5;84;25;land;false;plains;6
1088;5;84;70;land;false;forest;1
1089;5;84;175;land;false;forest;6
1090;5;87;35;land;false;hills;1
1091;5;87;90;land;false;plains;6
1092;5;87;140;land;false;marsh;6
1093;5;90;0;land;false;plains;1
1094;5;90;55;land;false;plains;6
1095;5;90;205;land;true;plains;1
1096;5;93;20;land;false;plains;6
1097;5;93;170;land;true;forest;6
1098;130;186;74;land;false;hills;1
1099;5;96;85;land;false;forest;6
1100;5;96;135;land;false;plains;6
1101;5;96;190;land;false;hills;6
1102;5;99;50;land;true;plains;1
1103;5;99;155;land;false;plains;6
1104;130;138;24;land;false;mountain;1
1105;5;102;15;land;false;forest;1
1106;5;102;165;land;false;plains;1
1107;5;102;220;land;false;plains;6
1108;5;105;80;land;false;plains;6
1109;5;105;130;land;false;plains;1
1110;5;105;185;land;false;plains;6
1111;5;108;45;land;false;jungle;1
1112;5;108;150;land;false;plains;6
1113;5;111;10;land;false;forest;6
1114;5;111;65;land;false;hills;6
1115;5;111;215;land;false;plains;1
1116;5;114;30;land;false;plains;6
1117;5;114;75;land;false;forest;6
1118;5;114;180;land;false;plains;1
1119;5;117;40;land;false;plains;1
1120;5;117;95;land;false;hills;6
1121;5;117;145;land;false;hills;6
1122;5;120;5;land;false;plains;1
1123;5;120;60;land;true;plains;6
1124;5;120;210;land;false;plains;6
1125;5;123;25;land;false;plains;6
1126;5;123;175;land;false;forest;1
1127;5;126;90;land;false;hills;1
1128;5;126;140;land;true;jungle;1
1129;5;126;195;land;false;plains;6
1130;5;129;55;land;false;plains;6
1131;5;129;160;land;false;plains;6
1132;5;129;205;land;true;plains;1
1133;5;132;20;land;false;plains;6
1134;5;132;170;land;false;plains;6
1135;5;132;225;land;false;mountain;6
1136;5;135;85;land;false;plains;6
1137;5;135;135;land;false;plains;6
1138;5;135;190;land;false;urban;6
1139;5;138;50;land;false;forest;6
1140;5;138;155;land;false;forest;6
1141;5;141;15;land;true;plains;1
1142;5;141;70;land;true;plains;6
1143;5;141;220;land;false;forest;6
1144;5;144;35;land;false;plains;6
1145;5;144;80;land;true;jungle;1
1146;5;144;185;land;false;forest;6
1147;5;147;0;land;false;plains;6
1148;5;147;45;land;false;plains;6
1149;5;147;150;land;false;plains;1
1150;5;150;10;land;false;hills;6
1151;5;150;65;land;false;forest;6
1152;5;150;215;land;false;jungle;1
1153;5;153;30;land;false;plains;6
1154;5;153;180;land;false;plains;6
1155;5;156;95;land;true;plains;6
1156;5;156;145;land;false;plains;1
1157;5;156;200;land;false;mountain;6
1158;5;159;60;land;false;hills;6
1159;5;159;165;land;true;hills;6
1160;5;159;210;land;false;plains;1
1161;5;162;25;land;false;forest;6
1162;5;162;130;land;false;forest;6
1163;5;162;175;land;true;plains;1
1164;5;165;90;land;false;forest;1
1165;5;165;140;land;false;hills;6
1166;5;165;195;land;false;forest;6
1167;5;168;55;land;false;hills;6
1168;5;168;160;sea;true;ocean;0
1169;5;171;20;land;false;plains;6
1170;5;171;75;land;false;plains;6
1171;5;171;225;land;false;plains;6
1172;5;174;40;land;false;forest;6
1173;5;174;85;land;false;mountain;1
1174;5;174;190;land;false;plains;1
1175;5;177;5;land;false;plains;6
1176;5;177;50;land;true;plains;1
1177;5;177;155;land;false;plains;6
1178;5;180;15;land;true;plains;1
1179;5;180;70;land;false;forest;6
1180;5;180;220;land;false;marsh;6
1181;5;183;35;land;false;forest;6
1182;5;183;185;land;false;hills;6
1183;5;186;0;land;true;plains;6
1184;5;186;150;land;false;forest;6
1185;5;186;205;land;false;hills;6
1186;5;189;65;land;false;plains;1
1187;5;189;170;land;false;plains;6
1188;5;189;215;land;false;plains;6
1189;5;192;30;land;false;plains;1
1190;5;192;135;land;false;plains;6
1191;5;195;95;land;false;hills;6
1192;5;195;145;land;false;hills;1
1193;5;195;200;land;false;plains;6
1194;5;198;60;land;true;plains;1
1195;5;198;165;land;false;hills;6
1196;5;201;25;land;false;hills;6
1197;5;201;80;land;false;plains;6
1198;5;201;130;land;true;plains;1
1199;5;204;45;land;false;plains;6
1200;5;204;90;land;false;hills;6
1201;5;204;195;land;true;plains;6
1202;5;207;10;land;false;forest;6
1203;5;207;55;land;false;forest;6
1204;5;207;160;land;true;plains;1
1205;5;210;20;land;false;plains;1
1206;5;210;75;land;false;hills;6
1207;5;210;225;land;false;jungle;1
1208;130;177;129;land;false;forest;1
1209;6;0;145;land;false;urban;6
1210;6;0;200;land;false;mountain;6
1211;6;0;236;sea;true;ocean;0
1212;6;2;244;sea;false;ocean;0
1213;6;3;60;land;false;plains;6
1214;6;3;165;land;false;hills;6
1215;130;207;84;land;false;hills;1
1216;6;6;80;lake;false;lakes;0
1217;175;201;182;land;false;forest;6
1218;130;147;74;land;true;plains;1
1219;171;93;97;land;false;forest;1
1220;6;9;45;lake;false;lakes;0
1221;130;177;24;land;false;plains;1
1222;135;87;49;land;false;forest;6
1223;6;12;10;lake;false;lakes;0
1224;133;78;139;land;false;hills;6
1225;6;12;160;land;false;plains;6
1226;173;189;7;land;false;plains;6
1227;6;14;232;lake;false;lakes;0
1228;6;15;20;land;true;plains;6
1229;6;15;75;land;false;marsh;6
1230;6;15;225;land;true;jungle;6
1231;132;117;184;land;false;mountain;6
1232;133;15;59;land;true;plains;1
1233;6;18;40;lake;false;lakes;0
1234;130;177;79;land;false;forest;1
1235;131;3;184;land;false;plains;6
1236;135;138;214;land;false;plains;1
1237;131;30;179;land;false;plains;6
1238;6;21;155;land;false;plains;6
1239;6;21;210;land;false;hills;6
1240;177;72;27;land;false;forest;6
1241;173;186;192;land;false;plains;1
1242;135;84;134;land;true;jungle;6
1243;6;24;175;land;false;plains;6
1244;6;24;220;land;false;jungle;6
1245;60;37;63;land;false;plains;1
1246;131;63;194;land;false;plains;1
1247;6;27;140;land;true;forest;6
1248;6;27;185;land;true;plains;6
1249;24;38;60;land;false;hills;1
1250;58;91;52;land;false;hills;1
1251;6;29;248;sea;true;ocean;0
1252;6;30;0;land;true;plains;6
1253;6;30;150;land;true;plains;6
1254;6;30;205;land;false;mountain;6
1255;6;31;236;land;false;plains;1
1256;6;32;244;sea;true;ocean;0
1257;6;33;65;land;false;plains;6
1258;6;33;170;land;false;mountain;6
1259;168;102;222;land;false;plains;1
1260;176;132;187;land;false;hills;6
1261;133;78;89;land;false;hills;6
1262;6;36;85;land;false;hills;6
1263;173;75;222;land;false;mountain;6
1264;168;177;7;land;false;plains;6
1265;168;201;132;land;false;mountain;1
1266;172;138;187;land;false;plains;6
1267;6;39;50;land;false;plains;6
1268;6;39;95;land;false;hills;6
1269;173;27;172;land;false;plains;6
1270;136;210;139;land;false;plains;6
1271;6;40;236;land;false;mountain;6
1272;6;42;15;land;false;hills;6
1273;6;42;60;land;true;hills;6
1274;131;3;34;land;false;hills;6
1275;6;45;25;land;true;jungle;6
1276;6;45;80;land;false;plains;6
1277;6;45;130;land;true;plains;1
1278;6;48;45;land;false;mountain;6
1279;6;48;195;land;false;plains;6
1280;6;51;10;sea;false;ocean;0
1281;6;51;160;land;false;plains;6
1282;6;51;215;land;false;forest;1
1283;130;204;64;land;false;plains;6
1284;6;54;180;land;false;hills;1
1285;6;54;225;land;false;plains;6
1286;132;117;129;land;false;plains;6
1287;6;57;145;land;false;forest;6
1288;133;78;34;land;false;plains;6
1289;132;165;29;land;false;hills;6
1290;6;60;210;sea;true;ocean;0
1291;6;63;70;land;false;marsh;6
1292;6;63;175;land;false;plains;6
1293;133;75;174;land;true;plains;6
1294;6;66;90;land;false;plains;6
1295;6;66;140;land;true;plains;6
1296;6;69;0;land;false;mountain;6
1297;6;69;55;land;false;plains;6
1298;173;102;2;land;false;hills;1
1299;6;72;20;land;false;plains;1
1300;133;111;4;land;false;plains;6
1301;133;189;209;land;false;forest;6
1302;6;75;30;land;false;forest;6
1303;6;75;85;land;false;plains;6
1304;6;75;135;land;true;plains;6
1305;6;78;50;land;false;mountain;6
1306;134;3;159;land;false;plains;6
1307;6;81;15;land;true;plains;6
1308;6;81;165;land;false;plains;6
1309;6;81;220;land;false;marsh;6
1310;172;177;37;land;false;plains;6
1311;133;75;69;land;false;plains;6
1312;6;84;185;land;false;forest;6
1313;131;15;49;land;false;plains;6
1314;6;87;150;land;false;forest;6
1315;6;87;195;land;false;hills;6
1316;6;90;10;land;true;plains;6
1317;6;90;160;land;false;plains;6
1318;6;90;215;land;false;forest;6
1319;6;93;75;land;false;hills;6
1320;6;93;180;land;false;hills;6
1321;6;96;40;land;false;plains;6
1322;172;141;2;land;false;plains;1
1323;6;96;145;land;false;hills;6
1324;6;99;5;land;false;jungle;6
1325;6;99;60;land;false;forest;6
1326;170;57;157;land;false;hills;1
1327;6;102;25;land;false;plains;6
1328;6;102;70;land;true;jungle;6
1329;132;114;219;land;false;forest;6
1330;6;105;35;land;false;hills;6
1331;6;105;90;land;false;hills;6
1332;6;105;140;sea;false;ocean;0
1333;6;108;0;land;false;jungle;6
1334;6;108;55;land;true;marsh;6
1335;6;108;205;land;true;plains;6
1336;6;111;20;land;false;forest;6
1337;6;111;170;land;false;plains;6
1338;6;111;225;land;false;forest;1
1339;170;54;192;land;false;forest;6
1340;174;105;182;land;true;forest;6
1341;6;114;190;land;false;hills;1
1342;133;108;144;land;false;hills;6
1343;6;117;155;land;false;plains;6
1344;6;117;200;land;true;plains;6
1345;131;162;159;land;false;plains;6
1346;6;120;165;land;true;forest;1
1347;6;120;220;land;false;hills;6
1348;6;123;80;land;true;plains;6
1349;6;123;130;land;false;forest;6
1350;6;123;185;land;false;mountain;6
1351;134;3;54;land;true;plains;6
1352;6;126;150;sea;true;ocean;0
1353;6;129;10;land;true;plains;6
1354;6;129;65;land;false;hills;1
1355;170;54;137;land;false;forest;1
1356;6;132;30;land;false;forest;1
1357;6;132;75;land;true;plains;6
1358;132;114;164;land;true;plains;6
1359;6;135;40;land;false;jungle;6
1360;6;135;95;land;false;hills;6
1361;132;114;14;land;false;plains;6
1362;6;138;5;land;false;marsh;6
1363;6;138;60;land;false;plains;6
1364;6;138;210;land;false;plains;6
1365;6;141;25;land;false;hills;6
1366;6;141;175;land;false;hills;6
1367;6;144;90;land;false;plains;6
1368;133;72;154;land;true;plains;1
1369;6;144;195;land;false;plains;6
1370;173;27;67;land;false;marsh;6
1371;6;147;160;land;false;forest;6
1372;133;72;4;land;false;hills;1
1373;6;150;20;land;true;plains;1
1374;6;150;170;land;true;plains;6
1375;6;150;225;land;false;forest;6
1376;6;153;85;land;true;plains;6
1377;6;153;135;land;false;mountain;6
1378;6;153;190;land;false;mountain;6
1379;133;69;189;land;false;hills;1
1380;6;156;155;land;false;hills;6
1381;6;159;15;land;false;plains;6
1382;6;159;70;land;false;hills;6
1383;6;159;220;land;false;hills;6
1384;6;162;35;land;false;plains;6
1385;6;162;80;land;false;hills;6
1386;6;162;185;land;false;forest;6
1387;6;165;0;land;false;hills;6
1388;133;69;144;land;false;plains;6
1389;135;84;84;land;false;plains;6
1390;6;168;10;land;false;hills;6
1391;6;168;65;land;false;plains;6
1392;6;168;215;land;false;plains;6
1393;6;171;30;land;false;hills;6
1394;6;171;180;land;false;mountain;6
1395;6;174;95;land;false;forest;6
1396;6;174;145;land;true;plains;6
1397;6;174;200;land;false;forest;6
1398;6;177;60;land;false;plains;6
1399;6;177;165;land;false;hills;6
1400;6;177;210;land;true;jungle;6
1401;130;186;224;land;false;plains;6
1402;6;180;130;land;false;mountain;6
1403;6;180;175;land;false;mountain;6
1404;6;183;90;land;true;plains;6
1405;6;183;140;land;false;plains;6
1406;6;183;195;land;false;mountain;6
1407;133;66;224;land;false;forest;1
1408;6;186;160;land;false;hills;6
1409;6;189;20;land;false;forest;6
1410;175;201;32;land;false;mountain;6
1411;6;192;40;land;false;forest;6
1412;6;192;85;land;false;marsh;6
1413;6;192;190;land;false;plains;6
1414;6;195;5;land;false;plains;6
1415;130;141;194;land;false;plains;6
1416;6;195;155;land;false;plains;6
1417;6;198;15;land;false;jungle;6
1418;6;198;70;land;false;plains;6
1419;131;3;139;land;false;forest;6
1420;6;201;35;land;false;forest;6
1421;134;0;194;land;false;mountain;1
1422;175;198;217;land;false;forest;1
1423;6;204;150;land;true;plains;6
1424;6;204;205;land;false;hills;1
1425;6;207;65;land;false;plains;6
1426;6;207;170;land;false;mountain;1
1427;6;207;215;land;true;plains;6
1428;6;210;30;land;true;plains;6
1429;6;210;135;land;false;forest;6
1430;6;210;180;land;true;jungle;6
1431;175;198;67;land;false;forest;6
1432;7;0;50;land;false;plains;6
1433;7;0;155;land;false;forest;1
1434;7;0;240;land;false;hills;6
1435;131;42;89;land;false;hills;6
1436;7;3;15;land;false;plains;1
1437;134;24;64;land;false;plains;6
1438;7;3;220;land;false;plains;6
1439;130;207;134;land;false;hills;1
1440;7;6;35;land;false;desert;1
1441;7;6;185;land;false;forest;1
1442;131;27;159;land;true;jungle;1
1443;169;210;137;land;false;mountain;1
1444;7;9;0;land;false;mountain;6
1445;131;60;79;land;false;forest;6
1446;7;9;205;land;false;plains;6
1447;134;207;209;land;false;forest;6
1448;7;12;65;land;false;plains;6
1449;7;12;170;land;false;forest;6
1450;7;12;215;land;false;plains;1
1451;173;186;87;land;false;forest;6
1452;7;14;236;sea;true;ocean;0
1453;7;15;30;land;false;mountain;1
1454;175;198;12;land;false;hills;6
1455;7;15;180;land;false;plains;1
1456;133;33;209;land;false;plains;6
1457;134;6;74;land;false;hills;6
1458;130;180;44;land;false;forest;6
1459;130;150;189;land;false;hills;1
1460;7;18;200;land;true;plains;1
1461;175;195;152;land;false;forest;6
1462;178;150;37;land;false;forest;6
1463;7;21;60;land;false;jungle;6
1464;7;21;165;land;false;forest;6
1465;177;69;167;land;false;forest;6
1466;173;162;67;land;false;forest;6
1467;7;24;25;land;false;plains;1
1468;7;24;80;land;false;mountain;6
1469;7;24;130;land;false;plains;6
1470;7;24;240;sea;false;ocean;0
1471;130;198;139;land;false;plains;1
1472;174;168;52;land;false;plains;6
1473;7;27;90;land;false;plains;6
1474;7;27;195;land;false;forest;6
1475;26;32;41;land;false;hills;1
1476;151;30;108;land;false;hills;6
1477;7;29;232;sea;true;ocean;0
1478;175;195;47;land;false;mountain;6
1479;7;30;55;land;true;plains;1
1480;7;30;160;land;false;hills;1
1481;175;69;97;land;false;hills;1
1482;7;32;248;sea;true;ocean;0
1483;7;33;20;land;false;hills;6
1484;130;162;204;land;true;plains;1
1485;7;33;225;land;false;forest;1
1486;168;102;17;land;false;hills;6
1487;172;138;82;land;false;plains;1
1488;7;36;40;land;true;plains;6
1489;7;36;190;land;false;plains;6
1490;168;201;82;land;false;hills;6
1491;7;38;248;sea;false;ocean;0
1492;7;39;5;land;false;forest;6
1493;7;39;155;land;true;plains;1
1494;7;39;210;sea;false;ocean;0
1495;7;39;236;sea;false;ocean;0
1496;7;40;240;sea;true;ocean;0
1497;7;42;70;land;false;plains;6
1498;131;24;194;land;false;hills;6
1499;7;42;220;land;false;hills;6
1500;7;45;35;land;false;plains;6
1501;130;201;204;land;false;plains;1
1502;7;45;185;land;false;mountain;6
1503;7;48;0;land;false;forest;1
1504;7;48;150;land;false;plains;6
1505;7;48;205;sea;false;ocean;0
1506;7;51;65;land;false;plains;1
1507;7;51;170;land;false;forest;6
1508;7;54;30;land;false;plains;6
1509;7;54;85;land;false;forest;6
1510;7;54;135;land;false;hills;6
1511;176;60;57;land;true;plains;6
1512;132;24;204;land;false;plains;6
1513;41;122;120;land;false;hills;1
1514;173;0;82;land;false;hills;6
1515;132;54;209;land;false;hills;6
1516;131;75;209;land;true;urban;6
1517;7;63;25;land;false;hills;6
1518;131;174;219;land;false;mountain;6
1519;7;63;130;land;false;forest;6
1520;7;66;45;land;false;hills;6
1521;7;66;195;land;false;plains;6
1522;7;69;10;land;false;hills;6
1523;7;69;160;land;true;forest;1
1524;7;69;215;land;false;plains;6
1525;7;72;75;land;false;plains;6
1526;176;60;12;land;false;hills;6
1527;7;72;225;land;true;hills;1
1528;7;75;40;land;false;hills;6
1529;7;75;145;land;false;mountain;6
1530;7;75;190;land;false;forest;1
1531;7;78;5;land;false;marsh;6
1532;7;78;155;land;false;plains;6
1533;7;78;210;land;true;plains;1
1534;7;81;70;land;true;plains;1
1535;7;81;175;land;false;jungle;6
1536;7;84;35;land;false;plains;1
1537;174;165;192;land;false;plains;6
1538;7;84;140;land;false;hills;6
1539;7;87;0;land;false;plains;1
1540;176;57;197;land;false;forest;6
1541;7;87;205;land;false;mountain;6
1542;7;90;20;land;false;forest;6
1543;7;90;65;land;true;plains;6
1544;7;90;170;land;true;plains;6
1545;7;93;30;land;false;forest;6
1546;133;129;199;land;false;plains;1
1547;7;93;135;land;true;hills;1
1548;7;96;50;land;true;jungle;6
1549;7;96;200;land;false;jungle;6
1550;7;99;15;land;false;mountain;1
1551;7;99;165;land;false;plains;6
1552;7;99;220;land;false;hills;6
1553;7;102;80;land;false;forest;6
1554;7;102;130;land;false;plains;6
1555;7;102;185;land;false;hills;6
1556;7;105;45;land;false;hills;1
1557;173;0;27;land;false;hills;6
1558;7;105;195;land;false;hills;6
1559;7;108;10;land;false;forest;1
1560;7;108;160;land;true;hills;1
1561;134;114;184;land;false;plains;6
1562;7;111;75;land;false;forest;6
1563;7;111;180;land;true;plains;6
1564;7;114;40;land;false;forest;1
1565;132;0;129;land;false;plains;6
1566;7;114;145;land;false;plains;6
1567;7;117;5;land;false;jungle;6
1568;7;117;60;land;false;forest;6
1569;7;117;210;land;false;hills;6
1570;174;165;137;land;false;jungle;6
1571;7;120;70;land;false;forest;6
1572;7;120;175;land;false;hills;1
1573;7;123;35;land;false;plains;6
1574;170;51;227;land;false;mountain;6
1575;7;123;140;land;false;marsh;6
1576;7;126;0;land;true;plains;1
1577;7;126;55;land;true;plains;6
1578;7;126;205;land;false;plains;1
1579;7;129;20;land;false;hills;6
1580;7;129;225;land;false;mountain;6
1581;7;132;85;land;false;forest;6
1582;7;132;135;land;false;hills;1
1583;7;132;190;land;false;hills;6
1584;7;135;50;land;false;plains;1
1585;7;135;155;land;false;forest;6
1586;7;135;200;land;false;hills;1
1587;7;138;15;land;false;hills;1
1588;7;138;165;land;false;mountain;6
1589;134;21;204;land;false;hills;6
1590;7;141;80;land;false;plains;6
1591;7;141;130;land;false;plains;6
1592;7;141;185;land;false;plains;6
1593;7;144;45;land;true;plains;1
1594;7;144;150;land;false;plains;1
1595;7;147;10;land;false;mountain;1
1596;7;147;65;land;false;hills;6
1597;7;147;215;land;false;forest;6
1598;7;150;30;land;false;forest;6
1599;7;150;75;land;false;plains;1
1600;7;150;180;land;false;mountain;6
1601;7;153;40;land;false;plains;6
1602;170;51;172;land;false;mountain;1
1603;7;153;145;land;false;plains;6
1604;7;156;5;land;false;forest;1
1605;7;156;60;land;true;plains;6
1606;7;156;210;land;false;forest;1
1607;7;159;25;land;false;forest;6
1608;7;159;175;land;false;plains;6
1609;7;162;90;land;false;mountain;6
1610;7;162;140;land;false;plains;1
1611;174;165;87;land;false;hills;6
1612;7;165;55;land;false;forest;6
1613;7;165;160;land;false;hills;6
1614;7;165;205;land;true;plains;1
1615;7;168;20;land;false;forest;1
1616;7;168;170;land;false;plains;1
1617;135;84;29;land;false;hills;6
1618;7;171;85;land;false;hills;6
1619;7;171;135;land;true;forest;1
1620;7;171;190;land;true;plains;6
1621;7;174;50;land;false;forest;1
1622;7;174;155;land;false;mountain;6
1623;7;177;15;land;false;plains;6
1624;7;177;70;land;false;forest;6
1625;7;177;220;land;false;hills;6
1626;7;180;35;land;false;hills;6
1627;7;180;80;land;false;hills;6
1628;7;180;185;land;false;plains;6
1629;172;174;222;land;false;forest;6
1630;7;183;45;land;false;hills;6
1631;7;183;150;land;true;plains;6
1632;7;186;10;land;false;plains;6
1633;7;186;65;land;false;hills;6
1634;7;186;215;land;false;plains;1
1635;7;189;30;land;false;plains;1
1636;7;189;180;land;false;plains;6
1637;7;192;95;land;false;hills;6
1638;7;192;145;land;false;plains;6
1639;7;192;200;land;false;forest;6
1640;7;195;60;land;false;forest;6
1641;7;195;165;land;false;hills;6
1642;7;195;210;land;true;plains;6
1643;7;198;25;land;true;plains;1
1644;172;174;72;land;false;plains;6
1645;7;198;175;land;false;hills;6
1646;7;201;90;land;false;hills;1
1647;7;201;140;land;false;plains;6
1648;7;201;195;land;false;hills;6
1649;7;204;55;land;false;plains;6
1650;7;204;160;land;false;jungle;6
1651;7;207;20;land;false;plains;6
1652;176;57;92;land;false;forest;6
1653;7;207;225;land;false;hills;6
1654;7;210;40;land;false;plains;6
1655;7;210;85;land;false;mountain;1
1656;7;210;190;land;false;hills;6
1657;8;0;60;land;false;hills;1
1658;8;0;165;land;false;forest;6
1659;8;0;210;sea;false;ocean;0
1660;8;0;244;land;false;marsh;6
1661;177;111;27;land;false;hills;6
1662;8;3;25;lake;false;lakes;0
1663;8;3;130;land;false;forest;6
1664;130;165;64;land;false;forest;6
1665;177;201;97;land;false;mountain;6
1666;8;6;90;land;false;forest;6
1667;174;162;227;land;true;forest;6
1668;8;6;195;land;false;plains;6
1669;136;207;174;land;false;forest;6
1670;171;147;227;land;false;mountain;1
1671;8;9;55;land;false;hills;6
1672;8;9;160;land;false;forest;6
1673;132;138;139;land;false;plains;6
1674;8;12;20;lake;false;lakes;0
1675;8;12;75;lake;false;lakes;0
1676;8;12;225;land;false;plains;6
1677;173;162;12;land;false;forest;6
1678;8;15;40;land;false;forest;1
1679;130;135;209;land;false;plains;1
1680;8;15;190;land;false;plains;6
1681;130;144;54;land;false;plains;1
1682;130;171;199;land;false;plains;6
1683;8;18;5;land;false;hills;6
1684;130;165;169;land;false;forest;1
1685;8;18;155;land;false;plains;6
1686;172;174;17;land;false;plains;1
1687;135;138;159;land;false;hills;6
1688;8;21;15;lake;false;lakes;0
1689;8;21;70;lake;false;lakes;0
1690;8;21;220;land;false;plains;6
1691;177;69;62;land;false;plains;6
1692;173;186;42;land;false;forest;6
1693;8;24;35;land;false;plains;6
1694;8;24;185;land;false;plains;6
1695;131;165;19;land;false;plains;1
1696;8;27;0;lake;false;lakes;0
1697;8;27;150;land;false;plains;6
1698;8;27;205;land;false;hills;6
1699;185;112;67;land;false;forest;1
1700;0;76;241;sea;true;ocean;0
1701;8;29;236;sea;true;ocean;0
1702;8;30;65;lake;false;lakes;0
1703;130;138;174;land;false;forest;1
1704;8;30;215;sea;false;ocean;0
1705;175;69;52;land;false;mountain;6
1706;8;32;232;sea;false;ocean;0
1707;8;33;30;land;false;forest;6
1708;132;162;214;land;true;plains;6
1709;130;210;94;land;false;mountain;1
1710;168;99;157;land;false;plains;1
1711;176;132;132;land;false;forest;6
1712;131;63;149;land;false;plains;6
1713;175;111;17;land;false;forest;6
1714;8;36;200;land;false;forest;6
1715;168;174;192;land;false;forest;1
1716;168;198;222;land;false;mountain;1
1717;133;30;189;land;false;plains;6
1718;8;39;60;land;false;forest;6
1719;8;39;165;land;false;mountain;1
1720;168;69;152;land;true;plains;6
1721;8;40;244;sea;false;ocean;0
1722;8;42;25;land;false;hills;6
1723;130;162;99;land;false;forest;1
1724;8;42;130;land;false;hills;6
1725;8;45;45;land;false;forest;6
1726;8;45;90;land;false;hills;6
1727;8;45;195;land;false;plains;6
1728;8;48;10;land;false;plains;6
1729;8;48;55;land;false;plains;6
1730;131;162;54;land;false;plains;6
1731;8;51;20;land;false;forest;6
1732;8;51;75;land;false;forest;6
1733;8;51;225;land;false;forest;6
1734;8;54;40;land;false;hills;1
1735;134;114;129;land;false;forest;6
1736;8;57;5;land;false;plains;6
1737;8;57;155;land;false;forest;6
1738;8;57;210;land;false;hills;6
1739;8;60;70;land;false;plains;6
1740;8;60;175;land;false;forest;6
1741;8;60;220;land;true;hills;6
1742;135;39;149;land;false;forest;6
1743;8;63;140;land;false;plains;6
1744;8;63;185;land;false;plains;6
1745;8;66;0;land;false;mountain;6
1746;175;108;202;land;false;plains;6
1747;8;66;205;land;false;plains;6
1748;8;69;65;land;false;forest;6
1749;8;69;170;land;false;plains;6
1750;8;72;30;land;false;forest;6
1751;8;72;85;land;true;jungle;1
1752;8;72;135;land;false;mountain;1
1753;8;75;50;land;false;plains;1
1754;8;75;95;land;false;forest;6
1755;135;39;99;land;false;plains;6
1756;8;78;15;land;false;plains;6
1757;8;78;60;land;true;forest;6
1758;8;78;165;land;false;mountain;1
1759;131;21;129;land;false;hills;6
1760;8;81;80;land;false;forest;1
1761;8;81;130;land;false;forest;6
1762;8;84;45;land;false;plains;6
1763;8;84;195;land;false;mountain;6
1764;8;87;10;land;false;forest;1
1765;8;87;160;land;false;hills;6
1766;8;87;215;land;false;hills;6
1767;8;90;75;land;false;hills;1
1768;8;90;225;land;false;hills;6
1769;8;93;40;land;true;forest;1
1770;8;93;145;land;false;urban;1
1771;8;93;190;land;false;forest;6
1772;8;96;5;land;false;plains;6
1773;131;21;79;land;false;plains;6
1774;8;96;210;land;false;plains;6
1775;8;99;70;land;false;plains;6
1776;8;99;175;land;false;forest;6
1777;8;102;35;land;false;plains;6
1778;8;102;90;land;false;plains;6
1779;8;102;140;land;false;plains;6
1780;8;105;0;land;false;plains;6
1781;8;105;55;land;false;plains;6
1782;8;105;205;land;false;forest;1
1783;8;108;20;land;false;plains;6
1784;8;108;65;land;false;hills;6
1785;8;108;170;land;false;hills;1
1786;175;108;52;land;true;plains;6
1787;8;111;85;land;false;plains;6
1788;8;111;135;land;false;mountain;6
1789;8;114;50;land;false;plains;6
1790;8;114;200;land;false;plains;6
1791;8;117;15;land;false;plains;6
1792;8;117;165;land;true;plains;6
1793;8;117;220;land;false;forest;6
1794;8;120;80;land;false;plains;6
1795;8;120;130;land;false;hills;6
1796;8;120;185;land;false;marsh;6
1797;8;123;45;land;false;plains;6
1798;8;123;150;land;false;plains;6
1799;131;69;74;land;false;forest;6
1800;8;126;10;land;false;plains;6
1801;175;105;137;land;false;hills;6
1802;8;126;215;sea;false;ocean;0
1803;8;129;75;land;false;plains;6
1804;8;129;180;land;false;hills;6
1805;8;132;40;land;false;hills;6
1806;8;132;95;land;false;plains;6
1807;8;132;145;land;false;hills;6
1808;8;135;5;land;true;plains;6
1809;8;135;60;land;false;hills;6
1810;8;135;210;land;false;plains;6
1811;8;138;25;land;false;hills;6
1812;8;138;70;land;false;hills;6
1813;8;138;175;land;false;plains;6
1814;135;81;169;land;false;hills;6
1815;8;141;90;land;false;plains;6
1816;8;141;140;land;false;forest;6
1817;8;144;0;land;false;forest;6
1818;8;144;55;land;false;plains;6
1819;131;141;149;land;true;plains;1
1820;135;36;184;land;false;plains;6
1821;8;147;170;land;true;marsh;6
1822;8;147;225;land;false;jungle;6
1823;135;42;169;land;false;urban;6
1824;8;150;135;land;false;hills;6
1825;8;150;190;land;false;hills;6
1826;8;153;50;land;false;plains;6
1827;8;153;155;land;false;plains;6
1828;8;153;200;land;false;plains;6
1829;8;156;15;land;false;plains;6
1830;8;156;165;land;false;plains;6
1831;8;156;220;land;true;plains;1
1832;8;159;80;land;false;plains;6
1833;8;159;130;land;false;mountain;6
1834;8;159;185;land;false;plains;6
1835;8;162;45;land;false;plains;6
1836;8;162;150;land;false;mountain;1
1837;8;165;10;land;false;plains;6
1838;8;165;65;land;false;hills;6
1839;132;54;154;land;false;hills;6
1840;8;168;30;land;false;plains;6
1841;8;168;75;land;false;forest;6
1842;8;168;180;land;false;hills;6
1843;8;171;40;land;false;hills;1
1844;8;171;95;land;false;forest;6
1845;8;171;145;land;false;marsh;6
1846;8;174;5;land;false;plains;6
1847;8;174;60;land;false;forest;6
1848;8;174;210;land;false;mountain;6
1849;8;177;25;land;true;hills;1
1850;8;177;175;land;false;plains;6
1851;8;180;90;land;false;hills;6
1852;8;180;140;land;false;hills;6
1853;8;180;195;land;false;plains;6
1854;8;183;55;land;false;marsh;6
1855;8;183;160;land;false;plains;6
1856;8;183;205;land;false;forest;6
1857;8;186;20;land;false;mountain;6
1858;8;186;170;land;false;mountain;6
1859;8;186;225;land;false;forest;6
1860;8;189;85;land;false;plains;6
1861;174;162;172;land;true;plains;6
1862;8;189;190;land;false;plains;6
1863;132;54;4;land;false;forest;6
1864;8;192;155;land;false;plains;6
1865;131;141;99;land;false;plains;6
1866;8;195;70;land;true;hills;1
1867;8;195;220;land;false;forest;6
1868;8;198;35;land;false;forest;6
1869;8;198;80;land;false;forest;1
1870;8;198;185;land;false;mountain;1
1871;8;201;0;land;false;hills;6
1872;8;201;45;land;false;forest;6
1873;8;201;150;land;false;plains;6
1874;8;204;10;land;false;forest;6
1875;8;204;65;land;false;plains;6
1876;8;204;215;land;false;plains;6
1877;8;207;30;land;false;plains;6
1878;8;207;180;land;false;plains;6
1879;8;210;95;land;false;forest;6
1880;8;210;145;land;false;forest;6
1881;8;210;200;land;false;mountain;1
1882;9;0;15;lake;false;lakes;0
1883;9;0;70;lake;false;lakes;0
1884;9;0;220;land;false;forest;6
1885;9;0;248;land;false;plains;6
1886;177;108;167;land;false;plains;6
1887;9;3;35;lake;false;lakes;0
1888;9;3;80;land;false;hills;6
1889;9;3;185;sea;false;ocean;0
1890;177;201;42;land;false;hills;6
1891;9;6;0;lake;false;lakes;0
1892;9;6;45;land;false;forest;6
1893;9;6;150;land;false;marsh;6
1894;177;87;157;land;false;forest;6
1895;169;201;37;land;false;forest;1
1896;9;9;10;land;false;marsh;6
1897;9;9;65;land;false;plains;1
1898;9;9;215;land;false;plains;6
1899;132;51;189;land;true;plains;6
1900;9;12;30;land;false;plains;6
1901;131;114;209;land;false;plains;6
1902;169;105;142;land;false;marsh;1
1903;130;210;199;land;false;plains;1
1904;9;15;145;sea;false;ocean;0
1905;9;15;200;land;true;forest;6
1906;132;111;154;land;false;plains;6
1907;169;165;2;land;false;plains;1
1908;9;18;60;land;false;plains;6
1909;9;18;165;land;false;mountain;6
1910;9;18;210;land;false;forest;6
1911;176;57;47;land;false;hills;6
1912;135;138;9;land;false;plains;6
1913;9;21;25;land;false;hills;1
1914;9;21;130;land;false;hills;6
1915;9;21;175;land;false;plains;6
1916;177;66;202;land;true;plains;6
1917;173;183;227;land;false;forest;6
1918;9;24;90;land;false;hills;6
1919;9;24;140;land;false;plains;6
1920;9;24;195;land;false;forest;6
1921;131;153;59;land;false;forest;6
1922;9;27;55;land;false;forest;1
1923;9;27;160;land;false;plains;6
1924;112;121;135;land;false;hills;1
1925;12;117;162;land;false;mountain;1
1926;9;29;240;sea;true;ocean;0
1927;9;30;20;land;false;plains;6
1928;131;45;204;land;false;hills;6
1929;9;30;225;land;false;hills;6
1930;9;31;248;sea;false;ocean;0
1931;177;141;32;land;false;plains;6
1932;9;33;40;land;false;plains;6
1933;9;33;85;land;false;plains;6
1934;9;33;190;land;false;plains;6
1935;168;99;52;land;false;plains;1
1936;172;138;37;land;false;plains;1
1937;9;36;5;land;false;hills;6
1938;9;36;50;land;false;hills;6
1939;9;36;155;land;false;hills;6
1940;168;174;147;land;false;forest;1
1941;168;198;167;land;false;hills;1
1942;131;96;164;land;false;plains;1
1943;9;39;15;land;false;hills;6
1944;134;69;94;land;false;forest;6
1945;9;39;220;land;false;forest;6
1946;168;69;47;land;true;plains;6
1947;9;42;35;land;false;plains;6
1948;9;42;185;land;false;plains;6
1949;9;45;0;land;false;plains;6
1950;9;45;150;land;false;forest;6
1951;177;108;62;land;false;hills;1
1952;9;48;65;land;false;plains;6
1953;9;48;170;land;false;plains;6
1954;9;48;215;land;false;plains;6
1955;9;51;30;land;true;plains;6
1956;9;51;135;land;false;plains;1
1957;9;51;180;land;false;plains;6
1958;9;54;95;land;false;jungle;1
1959;9;54;145;land;false;hills;6
1960;9;54;200;land;false;plains;6
1961;9;57;60;land;false;plains;6
1962;174;162;22;land;true;plains;6
1963;9;60;25;land;true;urban;6
1964;9;60;80;land;true;forest;6
1965;9;60;130;land;false;plains;6
1966;9;63;45;land;true;forest;6
1967;9;63;90;land;false;forest;1
1968;9;63;195;land;false;forest;6
1969;9;66;10;land;false;forest;6
1970;9;66;55;land;false;plains;6
1971;9;66;160;land;false;plains;6
1972;9;69;20;land;false;plains;6
1973;9;69;75;land;false;forest;6
1974;9;69;225;land;false;forest;6
1975;9;72;40;land;false;mountain;6
1976;9;72;190;land;false;hills;6
1977;9;75;5;land;false;hills;6
1978;9;75;155;land;false;forest;6
1979;9;75;210;land;false;plains;6
1980;9;78;70;land;false;hills;6
1981;130;207;29;land;true;plains;6
1982;9;78;220;land;false;forest;6
1983;9;81;35;land;false;plains;6
1984;9;81;140;land;false;hills;6
1985;9;81;185;land;false;forest;6
1986;9;84;0;land;false;plains;6
1987;9;84;150;land;false;forest;1
1988;9;84;205;land;false;forest;6
1989;9;87;65;land;false;jungle;1
1990;130;153;4;land;false;plains;1
1991;9;90;30;land;false;plains;6
1992;9;90;85;land;false;plains;6
1993;9;90;135;land;false;plains;6
1994;9;93;50;land;true;plains;1
1995;9;93;95;land;false;plains;6
1996;9;93;200;land;false;plains;6
1997;9;96;15;land;false;plains;6
1998;9;96;60;land;false;hills;6
1999;9;96;165;land;false;plains;6
2000;9;99;25;land;false;plains;6
2001;9;99;80;land;false;mountain;6
2002;9;99;130;land;false;plains;6
2003;9;102;45;land;false;forest;6
2004;9;102;195;land;false;hills;6
2005;9;105;10;land;false;hills;6
2006;9;105;160;land;false;hills;6
2007;9;105;215;land;false;hills;6
2008;9;108;75;land;false;plains;6
2009;9;108;180;land;false;mountain;6
2010;9;108;225;land;false;forest;6
2011;9;111;40;land;false;forest;6
2012;9;111;145;land;false;mountain;6
2013;9;111;190;land;true;plains;6
2014;9;114;5;land;false;mountain;6
2015;9;114;155;land;false;hills;6
2016;9;114;210;land;false;hills;6
2017;9;117;70;land;false;plains;6
2018;9;117;175;land;false;forest;6
2019;9;120;35;land;false;plains;6
2020;9;120;90;land;false;hills;6
2021;9;120;140;land;false;plains;6
2022;9;123;0;land;false;hills;6
2023;9;123;55;land;false;jungle;6
2024;9;123;205;land;false;forest;6
2025;9;126;20;land;false;forest;6
2026;9;126;65;land;false;forest;1
2027;9;126;170;land;false;forest;6
2028;9;129;30;land;false;plains;6
2029;9;129;85;land;false;plains;6
2030;9;129;135;land;false;marsh;6
2031;9;132;50;land;false;forest;6
2032;9;132;200;land;false;plains;6
2033;9;135;15;land;false;forest;6
2034;9;135;165;land;false;forest;6
2035;9;135;220;land;false;plains;6
2036;9;138;80;land;false;plains;6
2037;9;138;130;land;false;plains;6
2038;9;138;185;land;true;hills;6
2039;9;141;45;land;false;forest;6
2040;9;141;150;land;false;hills;6
2041;9;141;195;land;false;forest;6
2042;9;144;10;land;false;plains;6
2043;9;144;160;land;false;hills;6
2044;9;144;215;land;false;hills;6
2045;9;147;75;land;false;plains;6
2046;9;147;180;land;false;forest;6
2047;9;150;95;land;true;plains;6
2048;9;150;145;land;false;forest;6
2049;9;153;5;land;false;forest;1
2050;9;153;60;land;false;forest;6
2051;9;153;210;land;false;plains;6
2052;9;156;25;land;false;jungle;6
2053;9;156;70;land;false;hills;6
2054;9;156;175;land;false;plains;6
2055;9;159;35;land;false;plains;6
2056;9;159;90;land;false;plains;6
2057;9;159;140;land;true;plains;6
2058;9;162;0;land;false;hills;6
2059;9;162;55;land;false;plains;6
2060;9;162;205;land;false;plains;6
2061;9;165;20;land;false;plains;6
2062;9;165;170;land;false;plains;6
2063;9;165;225;land;false;hills;6
2064;9;168;85;land;true;plains;1
2065;9;168;135;land;false;plains;1
2066;9;168;190;land;false;forest;6
2067;9;171;50;land;false;mountain;6
2068;9;171;155;land;false;mountain;6
2069;9;171;200;land;false;plains;6
2070;9;174;15;land;false;forest;6
2071;9;174;165;land;true;plains;6
2072;9;174;220;land;false;mountain;6
2073;9;177;80;land;false;plains;6
2074;9;177;130;land;false;hills;6
2075;9;177;185;land;true;plains;6
2076;9;180;45;land;false;forest;6
2077;9;180;150;land;false;forest;6
2078;9;183;10;land;false;plains;6
2079;9;183;65;land;false;jungle;6
2080;9;183;215;land;false;hills;6
2081;9;186;30;land;false;plains;6
2082;9;186;75;land;false;forest;1
2083;9;186;180;land;false;plains;6
2084;9;189;40;land;false;plains;6
2085;9;189;95;land;false;plains;1
2086;9;189;145;land;false;plains;6
2087;9;192;5;land;false;forest;6
2088;9;192;60;land;false;hills;6
2089;9;192;210;land;false;forest;6
2090;9;195;25;land;false;forest;6
2091;9;195;175;land;false;plains;6
2092;9;198;90;land;false;plains;6
2093;9;198;140;land;false;hills;6
2094;9;198;195;land;false;hills;6
2095;9;201;55;land;false;forest;6
2096;9;201;160;land;false;mountain;6
2097;9;201;205;land;true;plains;6
2098;9;204;20;land;true;plains;6
2099;9;204;170;land;false;hills;6
2100;9;204;225;land;true;plains;6
2101;9;207;85;land;false;plains;6
2102;9;207;135;land;false;plains;6
2103;9;207;190;land;false;plains;6
2104;9;210;50;land;false;forest;6
2105;9;210;155;land;false;plains;6
2106;10;0;175;land;false;forest;6
2107;10;0;232;land;false;plains;6
2108;177;108;17;land;false;hills;6
2109;10;3;140;land;false;forest;6
2110;10;4;248;sea;false;ocean;0
2111;10;6;205;sea;false;ocean;0
2112;10;6;236;sea;true;ocean;0
2113;172;105;217;land;false;plains;6
2114;175;15;222;land;true;plains;6
2115;177;105;97;land;true;plains;1
2116;130;156;69;land;false;jungle;6
2117;10;12;135;land;true;plains;6
2118;169;105;92;land;false;plains;1
2119;175;135;142;land;false;hills;1
2120;10;15;50;land;false;plains;6
2121;133;192;24;land;false;plains;6
2122;169;162;187;land;false;hills;6
2123;10;18;15;lake;false;lakes;0
2124;173;99;142;land;false;plains;1
2125;135;135;194;land;false;hills;6
2126;10;21;80;land;false;forest;6
2127;177;66;147;land;false;plains;6
2128;173;183;77;land;false;hills;6
2129;135;81;64;land;false;plains;6
2130;170;51;22;land;false;forest;1
2131;10;26;240;sea;false;ocean;0
2132;10;27;10;lake;false;lakes;0
2133;175;159;12;land;false;plains;1
2134;138;95;191;land;false;mountain;1
2135;38;35;245;land;false;plains;1
2136;10;30;180;land;false;forest;6
2137;10;31;232;sea;false;ocean;0
2138;177;198;182;land;false;hills;6
2139;172;210;212;land;false;plains;1
2140;171;93;42;land;true;jungle;1
2141;172;135;72;land;true;plains;6
2142;133;18;129;land;false;forest;6
2143;169;207;67;land;false;forest;1
2144;168;198;17;land;false;hills;6
2145;132;162;64;land;true;plains;6
2146;175;15;17;land;false;plains;6
2147;10;39;175;land;true;plains;6
2148;168;69;2;land;false;forest;6
2149;10;42;90;land;false;hills;6
2150;10;42;140;land;false;plains;6
2151;10;45;55;land;false;plains;6
2152;10;48;20;land;false;hills;6
2153;10;51;85;land;false;hills;6
2154;10;54;50;land;false;plains;6
2155;175;12;157;lake;false;lakes;0
2156;10;57;15;land;true;urban;6
2157;176;54;132;land;false;plains;6
2158;10;60;185;land;false;forest;6
2159;10;63;150;land;false;forest;6
2160;10;66;215;land;false;forest;6
2161;10;69;30;land;false;plains;6
2162;10;69;180;land;true;plains;6
2163;174;159;162;land;false;forest;6
2164;10;72;145;land;false;forest;6
2165;176;210;187;land;false;forest;1
2166;172;210;157;land;false;forest;6
2167;10;81;90;land;false;hills;6
2168;10;84;55;land;false;hills;6
2169;10;84;160;land;false;hills;6
2170;10;87;20;land;false;jungle;6
2171;10;87;225;land;false;hills;6
2172;10;90;190;land;false;plains;6
2173;10;93;155;land;false;plains;6
2174;10;96;220;land;true;forest;6
2175;10;99;35;land;false;forest;6
2176;10;99;185;land;false;plains;6
2177;176;54;82;land;false;plains;6
2178;10;102;150;land;false;forest;6
2179;10;105;65;land;false;plains;6
2180;10;108;30;land;false;forest;6
2181;10;111;95;land;false;hills;6
2182;10;114;60;land;true;plains;6
2183;174;201;22;land;false;forest;6
2184;10;117;25;land;true;plains;6
2185;10;117;130;land;false;forest;6
2186;135;18;139;land;false;plains;6
2187;172;210;7;land;false;plains;1
2188;134;132;174;land;false;forest;6
2189;174;198;162;land;false;marsh;6
2190;10;129;190;land;false;hills;6
2191;175;156;152;land;false;plains;6
2192;10;132;155;land;false;hills;6
2193;10;135;70;land;false;plains;6
2194;10;138;35;land;false;hills;6
2195;10;141;0;land;false;forest;6
2196;10;144;65;land;false;plains;6
2197;135;78;204;land;false;hills;6
2198;10;147;30;land;false;hills;6
2199;10;147;135;land;false;plains;6
2200;255;50;120;land;false;forest;6
2201;175;192;187;land;false;forest;6
2202;10;156;130;land;false;forest;6
2203;175;135;37;land;false;plains;6
2204;10;159;195;land;false;forest;6
2205;175;12;52;land;true;plains;1
2206;10;162;160;land;false;forest;6
2207;10;165;75;land;false;hills;6
2208;10;168;40;land;false;plains;6
2209;10;171;5;land;false;forest;6
2210;10;174;70;land;true;plains;6
2211;175;132;177;land;false;plains;6
2212;10;177;35;land;false;plains;6
2213;10;177;140;land;false;mountain;6
2214;10;180;0;land;false;plains;6
2215;10;180;205;land;false;plains;6
2216;10;183;170;land;false;forest;6
2217;10;186;135;land;false;forest;6
2218;10;189;200;land;false;forest;6
2219;175;162;77;land;false;mountain;6
2220;10;192;165;land;false;forest;6
2221;175;9;192;land;false;plains;6
2222;10;195;130;land;true;plains;6
2223;175;156;47;land;false;plains;6
2224;10;201;10;land;false;hills;6
2225;10;204;75;land;true;plains;6
2226;10;207;40;land;true;hills;6
2227;10;207;145;land;false;forest;6
2228;10;210;5;land;false;hills;6
2229;10;210;210;land;false;plains;6
2230;11;0;236;land;false;plains;6
2231;131;81;89;land;false;plains;6
2232;131;66;159;land;false;hills;1
2233;11;6;240;sea;true;ocean;0
2234;130;162;149;land;false;forest;1
2235;173;159;152;land;false;mountain;6
2236;175;132;72;land;false;plains;6
2237;132;75;14;land;true;plains;6
2238;169;162;142;land;false;hills;1
2239;173;99;92;land;true;forest;6
2240;131;6;149;land;false;plains;1
2241;11;22;240;sea;false;ocean;0
2242;173;183;22;land;false;plains;6
2243;255;49;40;land;false;mountain;1
2244;64;86;120;land;false;hills;1
2245;107;130;166;land;false;hills;1
2246;11;29;248;sea;false;ocean;0
2247;131;114;59;land;false;urban;6
2248;177;138;172;land;false;forest;6
2249;171;90;182;land;false;desert;1
2250;172;132;157;land;false;hills;1
2251;168;174;42;land;false;plains;6
2252;135;39;204;land;false;hills;6
2253;132;162;9;land;false;hills;6
2254;168;66;187;land;false;plains;6
2255;131;15;94;land;false;mountain;1
2256;12;0;240;land;false;plains;6
2257;177;135;207;land;false;plains;6
2258;134;69;49;land;false;plains;6
2259;12;6;244;sea;false;ocean;0
2260;169;204;207;land;false;mountain;2
2261;132;135;174;land;false;hills;6
2262;173;159;47;land;false;plains;1
2263;132;108;189;land;false;forest;1
2264;169;162;37;land;true;plains;1
2265;173;99;37;land;false;forest;1
2266;174;12;202;land;false;plains;6
2267;131;141;44;land;false;plains;6
2268;173;180;162;land;false;plains;6
2269;131;18;14;land;false;hills;6
2270;82;51;33;land;false;forest;1
2271;38;64;104;land;false;hills;1
2272;12;29;232;sea;false;ocean;0
2273;175;66;137;land;false;plains;6
2274;12;32;248;sea;false;ocean;0
2275;171;129;182;land;false;plains;1
2276;172;132;52;land;false;plains;1
2277;168;171;227;land;true;plains;6
2278;134;102;169;land;true;forest;1
2279;132;159;149;land;false;hills;6
2280;168;66;82;land;false;forest;1
2281;130;135;59;land;false;jungle;6
2282;13;0;244;sea;true;ocean;0
2283;173;45;217;land;true;plains;6
2284;134;66;134;land;false;mountain;6
2285;13;6;248;sea;true;ocean;0
2286;171;147;77;land;true;plains;1
2287;132;135;24;land;false;hills;6
2288;173;159;2;land;false;plains;6
2289;132;108;134;land;false;plains;6
2290;169;159;222;land;false;forest;1
2291;173;96;177;land;false;forest;6
2292;174;12;147;land;true;plains;6
2293;176;15;177;land;true;forest;6
2294;173;180;57;land;true;forest;6
2295;173;45;12;land;false;hills;6
2296;83;106;172;land;false;hills;1
2297;107;67;227;land;false;forest;1
2298;178;69;17;land;false;hills;6
2299;175;69;202;land;false;hills;6
2300;13;32;232;sea;false;ocean;0
2301;171;129;32;land;false;forest;1
2302;172;129;192;land;false;plains;1
2303;171;57;212;land;false;plains;1
2304;168;171;77;land;false;plains;6
2305;134;102;64;land;false;forest;6
2306;170;189;137;land;false;forest;1
2307;131;54;49;land;false;plains;6
2308;132;174;129;land;false;forest;6
2309;14;0;248;land;false;forest;6
2310;173;42;197;land;false;hills;6
2311;168;66;37;land;false;plains;1
2312;14;6;232;sea;true;ocean;0
2313;171;147;22;land;false;plains;1
2314;173;156;187;land;false;forest;6
2315;135;45;134;land;false;marsh;1
2316;169;159;177;land;false;forest;6
2317;173;96;72;land;false;forest;6
2318;174;12;97;land;true;forest;6
2319;176;15;132;land;false;mountain;6
2320;169;84;82;land;false;forest;1
2321;172;12;32;land;false;plains;6
2322;72;132;72;land;false;forest;1
2323;39;214;94;land;false;forest;1
2324;177;162;147;land;false;hills;6
2325;175;66;32;land;false;forest;1
2326;14;32;236;sea;false;ocean;0
2327;171;126;217;land;false;plains;1
2328;172;129;137;land;true;forest;1
2329;134;102;19;land;false;forest;6
2330;170;189;87;land;false;forest;1
2331;176;24;77;land;false;hills;6
2332;14;40;248;land;false;forest;6
2333;15;0;232;land;false;plains;6
2334;131;99;184;land;false;forest;6
2335;168;63;222;land;false;hills;1
2336;15;6;236;sea;false;ocean;0
2337;171;144;162;land;false;forest;1
2338;15;12;240;sea;false;ocean;0
2339;132;105;224;land;false;mountain;1
2340;169;159;72;land;false;plains;1
2341;173;96;27;land;false;plains;6
2342;133;66;179;land;false;forest;6
2343;176;15;27;land;false;plains;6
2344;169;84;37;land;false;plains;1
2345;172;66;217;land;false;plains;1
2346;29;42;80;land;false;hills;1
2347;45;241;190;land;false;plains;1
2348;177;162;97;land;true;hills;6
2349;15;31;232;sea;true;ocean;0
2350;15;32;240;sea;false;ocean;0
2351;171;90;77;land;false;plains;1
2352;172;129;87;land;false;plains;1
2353;171;57;62;land;false;forest;1
2354;134;99;204;land;true;hills;1
2355;170;189;32;land;false;desert;1
2356;15;40;232;land;false;forest;6
2357;176;24;227;land;false;forest;6
2358;16;0;236;land;false;plains;6
2359;132;51;144;land;false;plains;6
2360;168;63;72;land;false;hills;1
2361;16;6;240;sea;true;ocean;0
2362;171;144;57;land;false;plains;1
2363;173;156;82;land;false;hills;1
2364;132;105;169;land;false;plains;6
2365;169;156;212;land;false;desert;1
2366;132;132;209;land;false;hills;6
2367;173;93;212;land;false;forest;6
2368;174;9;137;land;false;forest;6
2369;176;12;212;land;true;forest;6
2370;169;81;222;land;false;hills;1
2371;131;99;129;land;false;forest;1
2372;148;93;16;land;true;plains;1
2373;177;138;67;land;false;plains;6
2374;16;31;236;land;false;plains;1
2375;16;32;244;sea;true;ocean;0
2376;171;126;67;land;false;hills;1
2377;131;96;219;land;false;plains;6
2378;134;99;99;land;true;hills;6
2379;170;186;172;land;false;jungle;1
2380;136;51;14;land;false;hills;6
2381;16;43;179;sea;false;ocean;0
2382;17;0;240;land;false;hills;6
2383;255;27;160;land;false;forest;6
2384;136;204;209;land;false;plains;6
2385;17;6;244;sea;true;ocean;0
2386;171;141;197;land;false;forest;1
2387;133;66;74;land;false;hills;6
2388;172;207;192;land;false;forest;6
2389;133;144;179;land;false;plains;6
2390;169;156;7;land;false;forest;1
2391;173;93;62;land;false;plains;6
2392;174;9;32;land;true;plains;1
2393;176;12;167;land;false;forest;1
2394;169;81;72;land;false;plains;1
2395;172;9;172;land;false;hills;6
2396;23;30;34;land;false;forest;1
2397;153;246;248;land;false;hills;1
2398;175;9;87;land;false;plains;1
2399;17;31;240;sea;false;ocean;0
2400;17;32;248;sea;false;ocean;0
2401;171;123;47;land;false;plains;1
2402;17;34;244;sea;false;ocean;0
2403;171;54;147;land;false;plains;1
2404;134;99;54;land;false;plains;6
2405;132;147;189;land;false;hills;6
2406;131;93;154;land;false;hills;6
2407;17;40;240;land;true;plains;6
2408;18;0;244;land;false;forest;6
2409;177;36;197;land;false;hills;6
2410;136;102;29;land;false;forest;6
2411;18;6;248;sea;false;ocean;0
2412;168;99;7;land;false;mountain;1
2413;131;30;224;land;true;jungle;1
2414;130;189;39;land;false;forest;1
2415;169;153;192;land;false;hills;1
2416;131;9;64;land;false;plains;1
2417;174;6;217;land;false;forest;6
2418;176;12;62;land;false;desert;1
2419;169;81;17;land;false;forest;1
2420;172;9;67;land;false;mountain;1
2421;64;90;101;land;false;forest;1
2422;59;79;63;land;false;forest;1
2423;177;138;22;land;false;plains;6
2424;18;31;244;sea;false;ocean;0
2425;135;147;209;land;false;hills;6
2426;171;90;32;land;false;mountain;1
2427;172;126;227;land;true;plains;1
2428;169;204;57;land;false;jungle;1
2429;170;186;67;land;false;plains;1
2430;168;42;62;land;true;forest;1
2431;19;0;248;sea;true;ocean;0
2432;131;78;69;land;false;forest;1
2433;176;24;22;land;false;plains;6
2434;19;6;232;sea;true;ocean;0
2435;168;96;192;land;false;plains;1
2436;135;36;34;land;false;plains;6
2437;177;3;22;land;false;hills;6
2438;133;144;74;land;false;mountain;1
2439;169;153;42;land;false;forest;1
2440;173;93;7;land;false;plains;6
2441;173;177;197;land;false;hills;6
2442;176;9;202;land;false;plains;6
2443;169;102;177;land;false;forest;1
2444;255;38;120;land;false;plains;6
2445;38;22;54;land;false;hills;1
2446;19;28;232;sea;false;ocean;0
2447;177;171;142;land;false;forest;6
2448;19;31;248;sea;true;ocean;0
2449;135;147;59;land;false;forest;6
2450;171;87;217;land;false;desert;1
2451;172;126;172;land;true;forest;1
2452;134;96;139;land;false;forest;1
2453;170;183;207;land;false;hills;1
2454;168;42;7;land;false;plains;1
2455;20;0;232;sea;true;ocean;0
2456;173;75;167;land;false;plains;6
2457;131;87;224;land;false;marsh;6
2458;20;6;236;sea;true;ocean;0
2459;168;96;87;land;false;plains;1
2460;135;33;219;land;false;plains;6
2461;132;105;19;land;false;forest;6
2462;172;183;67;land;false;plains;1
2463;169;150;227;land;false;plains;1
2464;177;66;97;land;true;plains;6
2465;174;6;172;land;false;hills;6
2466;176;9;147;land;false;plains;6
2467;169;102;132;land;false;desert;1
2468;177;36;142;land;false;forest;6
2469;255;37;40;land;false;forest;6
2470;41;58;65;land;false;forest;1
2471;75;136;73;land;false;plains;1
2472;177;171;92;land;true;plains;6
2473;20;31;232;sea;true;ocean;0
2474;135;147;4;land;false;plains;6
2475;171;141;142;land;false;forest;1
2476;172;126;22;land;false;plains;1
2477;135;198;169;land;false;hills;6
2478;20;38;240;sea;false;ocean;0
2479;136;48;154;land;false;hills;6
2480;177;36;92;land;false;hills;6
2481;21;3;236;sea;false;ocean;0
2482;131;75;4;land;false;plains;6
2483;21;6;240;sea;false;ocean;0
2484;168;96;42;land;false;forest;6
2485;135;33;69;land;false;forest;6
2486;176;210;82;land;false;forest;6
2487;133;141;214;land;false;hills;6
2488;21;17;248;sea;false;ocean;0
2489;132;102;204;land;false;plains;6
2490;173;117;132;land;false;plains;1
2491;173;177;142;land;false;forest;1
2492;176;9;97;land;false;plains;6
2493;169;102;27;land;false;mountain;1
2494;177;33;177;land;false;hills;1
2495;255;36;120;land;true;forest;6
2496;36;53;101;land;false;plains;1
2497;208;66;253;land;false;forest;6
2498;177;171;37;land;true;hills;6
2499;21;31;236;sea;true;ocean;0
2500;134;66;84;land;false;mountain;1
2501;171;141;92;land;false;forest;1
2502;172;123;207;land;true;plains;1
2503;134;96;89;land;false;hills;6
2504;21;38;244;sea;false;ocean;0
2505;168;39;147;land;false;hills;1
2506;22;0;240;sea;true;ocean;0
2507;177;33;132;land;false;plains;6
2508;136;144;199;land;false;plains;6
2509;131;90;84;land;false;forest;6
2510;135;33;14;land;false;hills;6
2511;176;210;37;land;false;plains;6
2512;174;102;162;land;false;hills;6
2513;169;198;72;land;false;plains;1
2514;173;117;82;land;false;plains;6
2515;173;177;92;land;false;plains;6
2516;176;6;182;land;false;hills;6
2517;169;78;157;land;false;mountain;6
2518;177;33;27;land;false;forest;6
2519;133;141;9;land;true;plains;1
2520;123;113;161;land;false;hills;1
2521;131;150;199;land;false;plains;6
2522;177;168;177;land;false;hills;6
2523;22;31;240;sea;true;ocean;0
2524;171;138;132;land;true;plains;1
2525;172;123;162;land;false;forest;1
2526;131;138;184;land;false;plains;6
2527;134;96;34;land;false;plains;6
2528;170;183;2;land;false;plains;1
2529;136;18;149;land;false;forest;6
2530;171;75;157;land;false;plains;6
2531;131;150;144;land;false;marsh;1
2532;23;4;240;sea;false;ocean;0
2533;170;123;142;land;false;jungle;1
2534;132;51;39;land;true;plains;6
2535;132;102;54;land;false;mountain;6
2536;169;195;212;land;false;plains;1
2537;173;114;222;land;false;hills;6
2538;173;174;132;land;false;plains;6
2539;176;6;32;land;false;plains;6
2540;169;78;52;land;true;plains;1
2541;177;30;212;land;false;hills;6
2542;134;54;69;land;false;plains;6
2543;111;122;76;land;false;plains;1
2544;24;228;183;land;false;plains;6
2545;177;168;72;land;false;forest;6
2546;23;31;244;sea;true;ocean;0
2547;134;66;29;land;false;forest;6
2548;171;135;212;land;false;plains;1
2549;172;123;57;land;false;hills;6
2550;171;54;42;land;false;hills;1
2551;134;93;174;land;false;plains;6
2552;170;180;187;land;false;hills;1
2553;136;18;44;land;false;forest;6
2554;171;75;52;land;true;plains;1
2555;176;186;7;land;false;plains;6
2556;169;198;177;land;false;plains;1
2557;174;201;77;land;false;plains;1
2558;133;129;154;land;false;hills;6
2559;169;195;157;land;false;plains;1
2560;132;132;59;land;false;hills;6
2561;177;63;182;land;false;plains;6
2562;173;174;27;land;false;forest;6
2563;176;3;217;land;false;plains;6
2564;169;75;192;land;true;plains;1
2565;176;207;222;land;false;hills;1
2566;177;135;2;land;false;plains;6
2567;95;20;43;land;false;forest;1
2568;24;28;232;sea;false;ocean;0
2569;177;168;27;land;false;hills;6
2570;175;63;172;land;false;hills;6
2571;183;171;81;land;false;forest;6
2572;171;135;167;land;true;hills;1
2573;172;120;197;land;false;plains;6
2574;171;51;182;land;false;desert;1
2575;134;93;69;land;false;mountain;6
2576;170;180;37;land;false;forest;6
2577;136;15;79;land;false;forest;6
2578;25;0;232;sea;true;ocean;0
2579;172;207;42;land;false;plains;6
2580;170;159;82;land;false;forest;1
2581;168;45;177;land;false;plains;1
2582;171;72;192;land;false;forest;6
2583;132;24;149;land;false;hills;6
2584;177;30;167;land;false;forest;6
2585;133;129;49;land;false;plains;6
2586;169;195;7;land;false;forest;1
2587;177;63;137;land;false;plains;6
2588;173;171;212;land;false;forest;1
2589;176;3;67;land;false;plains;1
2590;169;75;137;land;false;forest;1
2591;176;207;72;land;false;hills;1
2592;135;111;174;land;false;mountain;6
2593;34;35;85;land;false;hills;1
2594;131;168;189;land;false;hills;6
2595;177;198;77;land;false;forest;1
2596;175;63;67;land;false;hills;1
2597;76;43;107;sea;false;ocean;0
2598;171;135;62;land;false;plains;1
2599;172;6;207;land;false;plains;1
2600;171;51;77;land;false;hills;1
2601;151;198;73;sea;false;ocean;0
2602;170;177;222;land;false;forest;6
2603;136;12;14;land;false;forest;6
2604;26;0;236;sea;false;ocean;0
2605;174;72;7;land;true;plains;1
2606;170;159;27;land;false;jungle;1
2607;172;99;187;land;false;plains;1
2608;168;93;227;land;false;plains;6
2609;131;201;9;land;false;forest;6
2610;177;30;62;land;false;hills;6
2611;174;105;77;land;false;plains;6
2612;169;192;192;land;false;marsh;1
2613;132;132;4;land;true;plains;6
2614;173;114;167;land;false;plains;1
2615;131;12;84;land;false;hills;6
2616;176;3;12;land;false;forest;6
2617;169;75;87;land;false;mountain;1
2618;176;207;17;land;true;plains;6
2619;135;111;69;land;true;plains;6
2620;24;183;13;land;false;forest;6
2621;177;198;32;land;false;hills;6
2622;131;183;169;land;false;plains;6
2623;130;132;94;land;true;plains;1
2624;171;132;202;land;true;plains;1
2625;176;117;57;land;false;forest;6
2626;171;48;217;land;false;desert;1
2627;134;90;209;land;false;plains;6
2628;170;177;177;land;false;mountain;1
2629;136;9;49;land;false;forest;6
2630;27;0;240;sea;false;ocean;0
2631;131;12;134;land;true;plains;6
2632;170;156;167;land;false;forest;1
2633;133;126;134;land;true;plains;6
2634;131;105;64;land;false;jungle;6
2635;177;27;202;land;false;hills;6
2636;133;126;84;land;false;forest;6
2637;169;192;147;land;false;plains;6
2638;173;114;17;land;false;plains;6
2639;173;171;167;land;false;plains;6
2640;169;72;227;land;false;plains;1
2641;176;183;147;land;false;plains;6
2642;177;132;142;land;true;plains;6
2643;131;84;54;land;false;forest;6
2644;177;195;217;land;false;plains;6
2645;175;60;152;land;true;mountain;1
2646;134;84;74;land;false;plains;6
2647;171;132;147;land;false;plains;1
2648;172;6;152;land;false;forest;1
2649;171;48;162;land;true;plains;1
2650;175;72;167;land;false;plains;6
2651;170;177;72;land;false;plains;1
2652;136;6;134;land;false;hills;6
2653;28;0;244;sea;false;ocean;0
2654;173;132;62;land;false;plains;6
2655;170;156;62;land;false;desert;1
2656;172;99;132;land;false;hills;1
2657;168;63;17;land;false;plains;1
2658;132;21;184;land;true;jungle;6
2659;177;27;147;land;false;plains;6
2660;175;129;212;land;false;hills;6
2661;130;174;59;land;false;plains;1
2662;169;192;42;land;false;plains;1
2663;132;129;144;land;true;plains;1
2664;173;111;202;land;false;plains;6
2665;173;171;62;land;false;hills;6
2666;131;114;4;land;false;plains;1
2667;176;183;97;land;false;plains;6
2668;177;132;92;land;true;plains;6
2669;170;153;202;land;false;mountain;1
2670;177;195;67;land;true;forest;1
2671;175;60;2;land;false;forest;6
2672;134;81;214;land;false;plains;6
2673;171;174;167;land;false;plains;1
2674;172;6;2;land;false;mountain;1
2675;171;48;12;land;false;hills;1
2676;169;201;142;land;false;plains;1
2677;170;174;212;land;false;plains;1
2678;135;198;19;land;true;plains;6
2679;29;0;248;sea;true;ocean;0
2680;173;132;7;land;false;forest;1
2681;170;153;147;land;false;plains;1
2682;29;6;232;sea;false;ocean;0
2683;168;60;157;land;false;plains;1
2684;132;21;139;land;false;hills;6
2685;176;204;157;land;false;plains;6
2686;132;72;49;land;false;forest;6
2687;169;189;227;land;false;forest;1
2688;132;129;94;land;true;plains;6
2689;173;111;157;land;true;hills;6
2690;173;168;202;land;false;hills;6
2691;131;111;144;land;false;forest;6
2692;176;183;42;land;false;hills;1
2693;177;132;37;land;false;hills;6
2694;170;192;97;land;false;mountain;1
2695;29;30;240;sea;true;ocean;0
2696;131;27;214;land;false;mountain;6
2697;136;48;49;land;false;hills;6
2698;171;174;62;land;false;plains;1
2699;172;0;222;land;false;forest;6
2700;171;45;197;land;false;plains;1
2701;135;180;29;land;true;plains;1
2702;170;174;157;land;true;jungle;1
2703;132;147;134;land;false;forest;6
2704;173;156;37;land;false;hills;6
2705;168;81;167;land;false;plains;6
2706;168;45;27;land;false;plains;1
2707;168;60;52;land;false;forest;1
2708;131;198;194;land;true;plains;6
2709;176;204;52;land;false;marsh;6
2710;30;14;248;sea;false;ocean;0
2711;134;117;44;land;false;plains;6
2712;169;189;182;land;false;plains;1
2713;132;129;39;land;true;plains;6
2714;173;111;52;land;false;plains;1
2715;174;39;142;land;false;forest;6
2716;169;99;212;land;false;plains;1
2717;176;180;182;land;false;plains;6
2718;177;129;177;land;false;plains;6
2719;177;87;7;land;false;forest;6
2720;177;195;12;land;false;plains;6
2721;135;108;209;land;false;plains;6
2722;134;81;159;land;false;hills;6
2723;171;123;2;land;false;plains;1
2724;172;0;177;land;true;plains;1
2725;171;45;152;land;false;forest;1
2726;135;177;214;land;false;hills;6
2727;169;69;162;land;false;desert;1
2728;135;195;204;land;true;forest;1
2729;31;0;236;land;false;mountain;1
2730;173;153;222;land;true;plains;6
2731;162;177;229;land;false;plains;6
2732;135;177;64;land;true;forest;6
2733;168;57;192;land;false;plains;1
2734;130;186;19;land;false;plains;1
2735;132;198;149;land;false;forest;6
2736;169;189;77;land;false;forest;1
2737;173;108;192;land;false;plains;6
2738;131;159;194;land;false;plains;6
2739;169;99;167;land;false;marsh;1
2740;176;180;77;land;false;hills;6
2741;177;129;72;land;false;plains;6
2742;186;221;179;land;false;plains;6
2743;177;192;152;land;false;hills;6
2744;113;142;204;sea;false;ocean;0
2745;134;81;9;land;false;forest;1
2746;171;120;187;land;false;plains;1
2747;172;0;72;land;false;plains;1
2748;171;45;47;land;true;plains;1
2749;134;45;74;land;false;plains;6
2750;169;69;57;land;false;hills;6
2751;134;45;19;land;false;mountain;6
2752;32;0;240;land;false;plains;6
2753;130;132;199;land;false;hills;6
2754;78;65;155;land;false;plains;6
2755;135;177;9;land;false;hills;6
2756;168;57;137;land;false;forest;1
2757;131;198;89;land;false;plains;6
2758;132;69;84;land;true;forest;6
2759;169;186;12;land;false;plains;1
2760;173;108;137;land;false;plains;6
2761;174;36;222;land;false;mountain;6
2762;169;99;62;land;false;hills;1
2763;176;180;32;land;false;hills;6
2764;177;126;212;land;false;forest;6
2765;232;11;230;land;false;urban;1
2766;177;204;62;land;false;plains;6
2767;61;53;73;land;false;plains;6
2768;32;32;248;sea;true;ocean;0
2769;171;171;147;land;false;plains;1
2770;171;210;97;land;false;mountain;6
2771;171;42;187;land;false;plains;1
2772;134;90;4;land;false;marsh;6
2773;169;66;142;land;false;forest;1
2774;134;42;159;land;false;forest;6
2775;33;0;244;sea;true;ocean;0
2776;173;3;47;land;true;urban;6
2777;170;120;177;land;false;plains;1
2778;177;84;192;land;false;plains;6
2779;135;174;149;land;false;forest;6
2780;136;45;84;land;false;forest;6
2781;131;198;44;land;false;forest;6
2782;174;90;202;land;true;plains;6
2783;132;69;29;land;true;urban;6
2784;169;183;197;land;false;plains;1
2785;173;108;87;land;true;plains;6
2786;174;36;177;land;false;forest;6
2787;169;96;202;land;false;mountain;1
2788;176;177;217;land;false;forest;1
2789;177;126;157;land;false;plains;6
2790;168;81;62;land;false;plains;6
2791;177;192;47;land;true;urban;6
2792;132;174;24;land;false;plains;1
2793;171;87;67;land;false;mountain;1
2794;171;210;52;land;false;plains;1
2795;171;42;132;land;false;plains;1
2796;135;195;159;land;false;plains;6
2797;169;66;92;land;false;marsh;1
2798;135;174;99;land;true;plains;6
2799;34;0;248;sea;false;ocean;0
2800;131;0;219;land;false;forest;6
2801;177;84;42;land;false;plains;6
2802;135;174;44;land;false;plains;6
2803;136;42;19;land;false;forest;6
2804;131;195;129;land;false;plains;1
2805;174;90;52;land;false;plains;6
2806;169;150;77;land;false;plains;1
2807;169;183;47;land;false;plains;1
2808;132;48;224;land;false;plains;6
2809;173;90;147;land;false;plains;6
2810;135;78;149;land;false;hills;6
2811;169;96;147;land;false;mountain;1
2812;176;177;67;land;false;plains;6
2813;177;126;7;land;false;hills;6
2814;83;84;221;land;false;forest;6
2815;177;189;187;land;true;plains;6
2816;136;204;4;land;true;plains;6
2817;34;32;236;sea;true;ocean;0
2818;171;87;12;land;false;plains;1
2819;34;35;232;sea;false;ocean;0
2820;171;42;82;land;true;plains;1
2821;135;195;54;land;true;plains;1
2822;169;63;177;land;false;hills;1
2823;135;171;184;land;false;plains;6
2824;35;0;232;sea;true;ocean;0
2825;131;0;69;land;false;forest;6
2826;177;162;42;land;false;plains;6
2827;171;27;2;land;false;mountain;1
2828;175;141;22;land;false;mountain;6
2829;130;150;84;land;false;marsh;1
2830;174;87;137;land;true;plains;1
2831;169;150;22;land;false;plains;1
2832;174;108;97;sea;true;ocean;0
2833;134;21;149;land;false;plains;6
2834;174;33;212;land;false;plains;6
2835;169;96;97;land;false;plains;1
2836;177;123;192;land;true;plains;6
2837;170;153;97;land;false;plains;1
2838;177;189;132;land;false;plains;6
2839;174;93;17;land;false;hills;6
2840;35;32;240;sea;true;ocean;0
2841;171;84;152;land;false;plains;1
2842;172;36;212;land;false;plains;1
2843;142;69;235;land;false;hills;6
2844;134;51;209;land;false;plains;6
2845;169;63;27;land;false;urban;1
2846;35;40;248;sea;false;ocean;0
2847;36;0;236;sea;false;ocean;0
2848;169;93;32;land;false;plains;1
2849;135;78;99;land;false;forest;6
2850;168;195;202;land;false;mountain;1
2851;136;3;169;land;false;hills;6
2852;173;42;47;land;false;plains;6
2853;131;150;94;land;false;plains;6
2854;174;87;87;land;false;plains;6
2855;132;66;169;land;true;plains;1
2856;133;63;159;land;false;forest;6
2857;134;0;139;land;false;hills;6
2858;174;33;157;land;true;plains;6
2859;169;90;217;land;false;hills;6
2860;176;177;12;land;false;forest;6
2861;177;123;147;land;false;plains;6
2862;170;150;32;land;false;forest;1
2863;177;189;82;land;true;forest;6
2864;36;31;236;sea;true;ocean;0
2865;144;32;174;land;false;hills;6
2866;171;120;82;land;false;forest;1
2867;176;117;2;land;true;plains;6
2868;135;192;139;land;false;plains;6
2869;169;60;212;land;false;forest;1
2870;135;171;129;land;false;hills;6
2871;37;0;240;sea;false;ocean;0
2872;169;90;12;land;false;forest;1
2873;177;165;212;land;false;jungle;1
2874;171;39;17;land;true;plains;1
2875;130;141;139;land;true;plains;1
2876;133;63;9;land;false;hills;6
2877;131;147;179;land;false;plains;6
2878;174;87;32;land;true;plains;6
2879;132;66;64;land;false;mountain;6
2880;175;171;27;land;false;mountain;6
2881;135;42;214;land;false;plains;6
2882;174;99;197;land;true;plains;6
2883;173;75;17;land;false;plains;6
2884;176;174;152;land;false;forest;6
2885;177;123;42;land;false;hills;6
2886;170;147;217;land;true;plains;6
2887;111;121;132;sea;false;ocean;0
2888;37;31;240;sea;true;ocean;0
2889;136;39;54;land;false;forest;6
2890;171;120;37;land;false;plains;1
2891;176;114;142;land;false;plains;6
2892;135;192;89;land;false;forest;6
2893;169;60;62;land;false;plains;1
2894;135;171;79;land;false;plains;1
2895;38;0;244;sea;true;ocean;0
2896;131;111;94;land;false;plains;6
2897;177;186;222;land;false;hills;6
2898;134;42;54;land;false;hills;6
2899;134;0;89;land;false;forest;6
2900;131;147;29;land;false;hills;6
2901;132;66;19;land;false;mountain;1
2902;132;195;184;land;false;mountain;6
2903;132;48;179;sea;true;ocean;0
2904;134;30;94;land;false;mountain;6
2905;174;30;192;land;false;forest;6
2906;173;153;72;land;false;mountain;6
2907;176;174;47;land;false;plains;6
2908;177;120;227;land;false;forest;6
2909;38;28;248;sea;false;ocean;0
2910;1;186;229;land;false;forest;6
2911;135;75;184;land;false;hills;6
2912;136;36;139;land;true;plains;6
2913;171;117;222;land;false;plains;1
2914;176;114;92;land;false;forest;6
2915;135;189;174;land;false;mountain;6
2916;169;60;7;land;false;plains;1
2917;170;0;157;land;true;forest;1
2918;39;0;248;sea;false;ocean;0
2919;131;111;39;land;false;plains;1
2920;177;159;182;land;false;forest;6
2921;134;42;9;land;false;plains;6
2922;133;210;219;land;true;forest;6
2923;39;12;236;land;false;plains;6
2924;175;129;62;land;false;forest;6
2925;173;78;132;land;false;plains;6
2926;169;147;162;land;false;forest;6
2927;173;78;187;land;false;plains;6
2928;134;27;179;land;false;forest;6
2929;174;30;42;land;false;forest;6
2930;173;153;17;land;false;plains;1
2931;176;171;187;land;false;mountain;6
2932;177;120;182;land;true;forest;6
2933;170;144;207;land;false;urban;1
2934;195;243;13;land;false;forest;6
2935;39;31;248;sea;false;ocean;0
2936;39;32;236;sea;true;ocean;0
2937;171;117;72;land;false;mountain;1
2938;176;114;37;land;false;plains;6
2939;131;102;99;land;false;plains;6
2940;169;57;147;land;false;plains;1
2941;170;171;192;land;false;plains;1
2942;40;0;232;sea;true;ocean;0
2943;131;108;179;land;false;plains;1
2944;40;4;248;sea;true;ocean;0
2945;134;51;4;land;false;hills;6
2946;133;102;159;land;false;plains;6
2947;131;210;4;land;false;plains;6
2948;175;129;7;land;true;urban;6
2949;132;99;139;land;true;plains;1
2950;169;147;57;land;false;hills;1
2951;132;45;214;land;true;plains;1
2952;134;27;134;land;false;forest;6
2953;174;27;227;land;true;plains;6
2954;173;150;157;land;true;forest;6
2955;175;105;32;land;false;urban;6
2956;177;120;77;land;false;hills;6
2957;170;144;152;land;false;marsh;6
2958;177;159;77;land;false;plains;6
2959;136;198;74;land;false;forest;6
2960;40;32;240;sea;true;ocean;0
2961;171;117;17;land;false;plains;1
2962;176;111;177;land;false;plains;6
2963;135;201;84;land;false;plains;6
2964;169;57;97;land;true;jungle;1
2965;169;15;77;land;false;plains;1
2966;41;0;236;sea;false;ocean;0
2967;169;69;207;land;false;forest;1
2968;41;4;232;sea;false;ocean;0
2969;171;33;137;land;false;plains;1
2970;134;48;189;land;false;plains;6
2971;133;102;9;land;false;forest;6
2972;132;147;84;land;true;plains;6
2973;175;126;147;land;false;hills;6
2974;41;16;240;sea;false;ocean;0
2975;169;147;12;land;false;plains;1
2976;31;9;25;land;false;forest;6
2977;41;18;247;sea;false;ocean;0
2978;134;27;29;land;false;forest;6
2979;174;27;77;land;false;mountain;6
2980;173;150;52;land;false;plains;6
2981;176;171;82;land;false;mountain;6
2982;177;117;217;land;false;hills;6
2983;170;144;2;land;true;urban;1
2984;177;156;217;land;false;plains;1
2985;41;31;236;sea;true;ocean;0
2986;171;72;137;land;false;marsh;1
2987;171;114;157;land;false;forest;6
2988;176;111;72;land;false;plains;6
2989;135;189;24;land;false;hills;6
2990;169;57;42;land;false;forest;1
2991;172;99;82;land;false;jungle;1
2992;42;0;163;land;false;plains;1
2993;42;0;240;sea;false;ocean;0
2994;42;3;78;land;false;plains;6
2995;42;3;128;land;true;plains;1
2996;42;3;183;sea;true;ocean;0
2997;177;186;167;land;false;hills;6
2998;42;6;43;land;false;plains;6
2999;42;6;98;land;false;forest;1
3000;42;6;148;land;true;plains;6
3001;168;192;137;land;false;desert;1
3002;169;12;217;land;false;forest;6
3003;42;9;8;land;false;forest;1
3004;42;9;63;land;false;forest;1
3005;42;9;213;land;false;mountain;1
3006;133;99;194;land;false;plains;6
3007;42;12;28;land;false;mountain;1
3008;42;12;73;land;false;marsh;1
3009;42;12;178;land;false;marsh;1
3010;42;12;248;land;false;forest;6
3011;175;126;97;land;false;plains;6
3012;42;15;38;land;true;plains;6
3013;42;15;143;land;true;plains;1
3014;133;171;14;land;true;plains;1
3015;169;144;197;land;false;plains;1
3016;42;18;3;land;false;forest;1
3017;42;18;58;land;false;forest;1
3018;171;72;87;land;false;plains;1
3019;132;45;159;land;false;plains;6
3020;134;24;214;land;false;forest;6
3021;42;21;23;land;false;plains;1
3022;42;21;173;land;false;plains;1
3023;174;27;22;land;false;jungle;6
3024;173;147;192;land;false;plains;6
3025;42;24;88;land;false;plains;1
3026;42;24;138;land;false;plains;1
3027;42;24;193;land;false;forest;6
3028;176;168;222;land;false;plains;6
3029;177;117;162;land;false;forest;6
3030;42;27;53;land;false;plains;1
3031;42;27;203;land;true;plains;6
3032;170;141;37;land;false;forest;1
3033;42;30;18;land;true;plains;6
3034;42;30;168;land;false;mountain;1
3035;42;30;223;land;true;plains;1
3036;177;156;162;land;false;plains;6
3037;42;31;240;land;false;plains;1
3038;42;32;248;sea;true;ocean;0
3039;42;33;83;land;false;plains;1
3040;42;33;133;land;true;forest;1
3041;42;33;188;sea;true;ocean;0
3042;171;114;52;land;false;forest;1
3043;176;108;212;land;false;forest;6
3044;42;36;48;land;false;forest;1
3045;42;36;153;land;false;forest;1
3046;171;33;87;land;false;desert;1
3047;175;162;182;land;false;forest;6
3048;42;39;13;land;false;mountain;1
3049;42;39;68;land;false;desert;1
3050;42;39;218;land;false;forest;6
3051;169;54;182;land;false;mountain;1
3052;172;96;222;land;false;plains;6
3053;42;42;33;land;false;plains;1
3054;42;42;78;land;false;mountain;1
3055;42;45;43;land;false;plains;1
3056;42;45;98;land;false;marsh;6
3057;42;45;148;land;false;plains;6
3058;42;48;8;land;true;plains;1
3059;42;48;63;land;false;desert;1
3060;42;48;213;land;false;plains;1
3061;42;51;28;land;false;forest;1
3062;42;54;143;land;false;hills;1
3063;42;54;198;land;true;forest;1
3064;42;57;58;land;false;forest;6
3065;42;60;23;land;false;forest;6
3066;42;60;128;land;false;hills;1
3067;42;60;173;land;false;forest;1
3068;42;63;88;land;false;hills;1
3069;42;63;138;land;true;plains;1
3070;42;63;193;land;false;hills;1
3071;42;66;53;land;true;jungle;6
3072;42;66;158;land;false;plains;1
3073;42;69;18;land;false;forest;1
3074;42;69;73;land;false;plains;1
3075;42;69;223;land;false;plains;6
3076;42;70;21;land;false;desert;1
3077;42;72;38;land;false;plains;6
3078;42;72;83;land;true;plains;6
3079;42;72;188;sea;false;ocean;0
3080;42;75;48;land;true;plains;6
3081;42;75;153;land;false;forest;6
3082;42;78;13;land;true;plains;1
3083;42;78;68;land;false;forest;1
3084;42;78;218;land;false;hills;1
3085;42;81;33;land;true;plains;6
3086;42;81;183;land;false;plains;6
3087;42;84;98;land;true;plains;6
3088;42;84;148;land;false;forest;1
3089;42;84;203;land;false;hills;1
3090;42;87;63;land;false;plains;1
3091;42;87;168;land;false;plains;6
3092;42;87;213;land;false;marsh;6
3093;42;90;28;land;false;plains;1
3094;42;90;133;land;false;plains;1
3095;42;90;178;land;false;hills;1
3096;42;93;93;land;false;plains;1
3097;42;93;143;land;false;hills;1
3098;42;96;58;land;false;plains;1
3099;42;96;163;land;false;plains;6
3100;42;99;23;land;false;plains;1
3101;42;99;78;land;false;hills;1
3102;42;99;128;land;true;plains;6
3103;42;102;43;land;false;hills;1
3104;42;102;88;land;false;plains;1
3105;42;102;193;land;false;plains;1
3106;42;105;8;land;false;forest;1
3107;42;105;53;land;false;marsh;1
3108;42;105;158;land;false;forest;1
3109;42;108;18;land;false;forest;6
3110;42;108;73;land;false;forest;1
3111;42;108;223;land;false;plains;1
3112;42;111;38;land;true;plains;1
3113;42;111;188;land;false;plains;1
3114;42;114;3;land;false;plains;1
3115;42;114;153;land;false;forest;1
3116;42;114;208;land;false;plains;6
3117;42;117;68;land;false;plains;1
3118;42;118;99;land;true;plains;1
3119;42;120;33;land;false;hills;1
3120;42;120;138;land;false;plains;1
3121;42;120;183;land;false;forest;1
3122;42;123;98;land;false;plains;1
3123;42;123;148;land;false;plains;6
3124;42;123;203;land;true;plains;6
3125;42;126;63;land;false;hills;1
3126;42;129;28;land;false;plains;1
3127;42;129;83;land;false;forest;6
3128;42;129;133;land;false;mountain;1
3129;42;132;48;land;false;desert;1
3130;42;132;93;land;false;hills;6
3131;42;132;198;land;false;mountain;1
3132;42;135;58;land;false;forest;1
3133;42;135;163;land;false;plains;1
3134;42;138;23;land;false;marsh;6
3135;42;138;78;land;false;forest;1
3136;42;141;43;land;false;mountain;1
3137;42;144;8;land;false;plains;1
3138;42;144;158;land;false;hills;1
3139;42;144;213;land;false;forest;6
3140;42;147;73;land;false;hills;1
3141;42;147;178;land;false;forest;1
3142;42;150;38;land;false;hills;1
3143;42;150;143;land;true;plains;1
3144;42;153;3;land;true;urban;6
3145;42;153;153;land;true;plains;1
3146;42;153;208;land;false;plains;1
3147;42;156;68;land;true;plains;6
3148;42;156;173;land;false;forest;1
3149;42;159;33;land;false;forest;1
3150;42;159;88;land;false;plains;1
3151;42;159;138;land;false;plains;1
3152;42;162;53;land;false;hills;1
3153;42;162;98;land;false;marsh;1
3154;42;162;203;land;true;jungle;6
3155;42;165;18;land;false;forest;6
3156;42;165;63;land;false;forest;1
3157;42;165;168;land;true;jungle;6
3158;42;168;28;land;false;forest;1
3159;42;168;83;land;false;forest;1
3160;42;168;133;land;false;hills;6
3161;42;171;48;land;false;forest;1
3162;42;171;198;land;false;urban;1
3163;42;174;13;land;false;forest;1
3164;42;177;78;land;true;urban;6
3165;42;177;128;land;false;plains;6
3166;42;180;43;land;false;forest;6
3167;42;180;148;land;false;hills;1
3168;42;180;193;land;false;plains;6
3169;42;183;8;land;false;plains;6
3170;42;183;158;land;true;plains;6
3171;42;183;213;land;false;plains;1
3172;42;186;73;land;false;forest;1
3173;42;189;38;land;false;mountain;1
3174;42;189;93;land;false;plains;1
3175;42;189;143;land;false;plains;6
3176;42;192;58;land;true;plains;1
3177;42;192;208;land;true;plains;6
3178;42;195;23;land;false;plains;1
3179;42;195;68;land;false;hills;1
3180;42;195;173;land;false;plains;1
3181;42;198;33;land;false;plains;6
3182;42;198;88;land;false;plains;1
3183;42;198;138;land;false;plains;1
3184;131;144;214;land;true;plains;1
3185;42;201;203;land;false;hills;1
3186;42;204;18;land;true;plains;1
3187;42;204;168;land;false;plains;1
3188;42;207;83;land;false;desert;1
3189;42;207;133;land;true;marsh;6
3190;42;207;188;land;false;plains;6
3191;42;210;48;land;false;plains;1
3192;42;210;153;land;false;plains;1
3193;42;210;198;land;false;mountain;1
3194;43;0;68;land;false;hills;1
3195;43;0;244;sea;true;ocean;0
3196;43;3;88;land;true;plains;6
3197;43;3;138;land;false;plains;1
3198;177;186;17;land;false;hills;6
3199;43;6;53;land;false;plains;1
3200;168;192;87;land;false;forest;1
3201;169;12;162;land;false;plains;1
3202;43;9;168;land;false;forest;1
3203;43;9;223;land;false;plains;1
3204;133;0;184;land;false;forest;6
3205;43;12;83;land;false;plains;1
3206;43;12;133;land;false;forest;1
3207;43;12;188;land;false;desert;1
3208;43;12;232;sea;true;ocean;0
3209;174;84;172;land;true;plains;6
3210;43;15;48;land;false;plains;1
3211;43;15;153;land;false;jungle;1
3212;133;168;154;land;false;mountain;1
3213;169;144;47;land;false;hills;6
3214;43;18;13;land;false;mountain;6
3215;43;18;163;land;false;plains;1
3216;43;18;218;land;false;mountain;6
3217;43;18;244;land;false;urban;1
3218;135;135;149;land;false;plains;6
3219;43;21;78;land;false;plains;1
3220;43;21;128;land;false;plains;6
3221;43;21;183;sea;true;ocean;0
3222;174;24;162;land;true;plains;6
3223;173;147;137;land;false;plains;6
3224;43;24;43;land;false;forest;1
3225;43;24;98;land;false;forest;1
3226;43;24;148;land;false;plains;1
3227;176;168;167;land;false;mountain;6
3228;177;117;12;land;false;plains;6
3229;43;27;8;land;false;forest;1
3230;43;27;63;land;false;plains;1
3231;43;27;213;land;false;forest;6
3232;83;96;57;land;false;forest;6
3233;170;138;222;land;false;desert;1
3234;43;30;28;land;false;plains;1
3235;43;30;73;land;false;forest;1
3236;43;30;178;land;false;mountain;1
3237;177;156;12;land;false;hills;6
3238;43;31;244;sea;true;ocean;0
3239;168;57;87;land;false;hills;1
3240;43;33;38;land;true;plains;1
3241;43;33;93;land;false;hills;1
3242;43;33;143;land;false;plains;1
3243;171;111;192;land;false;forest;1
3244;175;102;172;land;false;mountain;1
3245;43;36;3;land;false;plains;1
3246;43;36;58;land;true;plains;6
3247;43;36;208;land;false;plains;1
3248;171;33;32;land;false;hills;6
3249;136;0;204;land;false;mountain;6
3250;43;39;23;land;false;plains;1
3251;43;39;173;land;false;plains;6
3252;131;144;64;land;false;plains;6
3253;169;12;12;land;false;forest;6
3254;43;42;88;land;false;plains;1
3255;43;42;138;land;false;plains;1
3256;43;42;193;land;false;desert;1
3257;43;45;53;land;false;plains;1
3258;43;45;158;land;false;plains;1
3259;43;45;203;land;false;forest;1
3260;43;48;18;land;false;plains;1
3261;43;48;168;land;false;forest;1
3262;43;48;223;land;false;mountain;1
3263;43;51;83;land;false;plains;1
3264;43;51;133;land;false;plains;1
3265;43;51;188;land;false;mountain;6
3266;43;54;153;land;false;mountain;1
3267;43;57;218;land;false;marsh;1
3268;43;60;78;land;false;forest;1
3269;43;60;183;land;false;forest;1
3270;43;63;43;land;false;hills;6
3271;43;63;98;land;false;plains;1
3272;43;63;148;land;false;plains;1
3273;43;66;8;land;false;plains;1
3274;43;66;63;land;false;plains;1
3275;43;66;213;land;false;plains;1
3276;43;69;28;land;false;plains;6
3277;43;69;178;land;false;plains;1
3278;43;72;93;land;false;plains;1
3279;43;72;143;land;false;forest;1
3280;43;75;58;land;true;forest;6
3281;43;75;163;land;false;plains;1
3282;43;75;208;land;false;forest;1
3283;43;78;128;land;false;plains;1
3284;177;204;212;land;false;plains;6
3285;43;81;88;land;false;mountain;1
3286;43;81;138;land;false;forest;1
3287;43;81;193;land;false;plains;1
3288;43;84;53;land;false;plains;1
3289;43;84;158;land;false;mountain;6
3290;43;87;18;land;false;mountain;1
3291;43;87;73;land;false;hills;1
3292;43;87;223;land;false;mountain;1
3293;43;90;38;land;false;plains;1
3294;43;90;83;land;false;mountain;6
3295;43;93;3;land;false;plains;1
3296;43;93;48;land;false;hills;1
3297;43;93;153;land;false;hills;1
3298;43;96;13;land;false;forest;1
3299;43;96;68;land;false;jungle;1
3300;43;96;218;land;false;mountain;6
3301;43;99;33;land;true;plains;1
3302;43;102;98;land;false;plains;1
3303;43;102;148;land;false;forest;1
3304;43;102;203;land;false;forest;6
3305;43;105;63;land;false;plains;1
3306;43;105;168;land;false;mountain;1
3307;43;105;213;land;true;plains;1
3308;43;108;28;land;false;forest;1
3309;43;108;133;land;false;plains;1
3310;43;108;178;land;false;forest;1
3311;43;111;93;land;false;plains;1
3312;43;111;198;land;false;plains;1
3313;43;114;58;land;false;plains;1
3314;43;114;163;land;false;jungle;1
3315;43;117;23;land;false;forest;6
3316;43;117;78;land;false;marsh;6
3317;43;117;128;land;false;forest;1
3318;43;120;43;land;false;mountain;1
3319;43;120;88;land;false;plains;1
3320;43;120;193;land;false;forest;6
3321;43;123;53;land;false;plains;1
3322;43;123;158;land;false;plains;1
3323;43;126;18;land;false;forest;1
3324;43;126;73;land;false;plains;1
3325;43;126;223;land;false;plains;1
3326;43;129;38;land;false;plains;1
3327;43;129;188;land;false;forest;1
3328;43;132;3;land;false;mountain;6
3329;43;132;153;land;false;plains;1
3330;43;132;208;land;true;forest;6
3331;43;135;68;land;false;plains;1
3332;43;135;173;land;false;plains;6
3333;43;135;218;land;false;plains;1
3334;43;138;33;land;false;plains;1
3335;43;138;138;land;false;forest;1
3336;132;144;224;land;false;hills;6
3337;43;141;98;land;false;plains;1
3338;43;141;148;land;false;forest;6
3339;43;144;63;land;false;hills;1
3340;43;144;168;land;false;hills;1
3341;43;147;28;land;false;forest;1
3342;43;147;133;land;false;plains;1
3343;43;150;48;land;true;plains;6
3344;43;150;93;land;false;plains;1
3345;43;150;198;land;false;mountain;1
3346;43;153;13;land;false;plains;1
3347;43;153;58;land;false;forest;1
3348;43;153;163;land;false;forest;6
3349;43;156;23;land;false;mountain;1
3350;43;156;78;land;false;plains;1
3351;43;159;43;land;false;plains;1
3352;43;159;193;land;false;plains;1
3353;43;162;8;land;false;plains;1
3354;43;162;158;land;false;plains;1
3355;43;162;213;land;false;jungle;1
3356;43;165;73;land;false;plains;1
3357;43;165;178;land;false;mountain;6
3358;43;165;223;land;false;forest;1
3359;43;168;38;land;false;plains;1
3360;43;168;143;land;false;plains;6
3361;43;168;188;land;false;plains;1
3362;43;171;3;land;false;hills;1
3363;43;171;153;land;false;forest;6
3364;43;171;208;land;false;plains;1
3365;43;174;68;land;false;forest;6
3366;43;174;173;land;false;mountain;1
3367;43;177;88;land;false;plains;1
3368;43;177;138;land;false;hills;1
3369;43;180;53;land;true;hills;1
3370;43;180;98;land;false;hills;1
3371;43;180;203;land;false;mountain;1
3372;43;183;18;land;true;plains;6
3373;43;183;63;land;false;plains;1
3374;43;183;168;land;false;plains;1
3375;43;186;28;land;false;forest;1
3376;43;186;83;land;false;plains;1
3377;43;186;133;land;false;forest;1
3378;43;189;48;land;false;plains;1
3379;43;189;198;land;false;plains;1
3380;43;192;13;land;false;plains;1
3381;43;192;218;land;false;plains;1
3382;43;195;78;land;false;forest;6
3383;43;195;128;land;false;hills;1
3384;43;198;43;land;false;plains;1
3385;43;198;148;land;false;mountain;6
3386;43;198;193;land;true;plains;1
3387;43;201;8;land;false;hills;1
3388;43;201;158;land;false;hills;1
3389;43;201;213;land;false;plains;1
3390;43;204;178;land;false;hills;1
3391;43;207;38;land;false;forest;1
3392;43;207;93;land;false;desert;1
3393;43;207;143;land;false;forest;1
3394;43;210;3;land;true;plains;6
3395;43;210;58;land;false;hills;1
3396;43;210;208;land;false;forest;1
3397;44;0;78;land;false;jungle;1
3398;44;0;128;land;false;jungle;1
3399;44;0;183;land;false;mountain;1
3400;44;0;248;sea;true;ocean;0
3401;44;2;236;land;false;plains;1
3402;44;3;43;land;false;forest;1
3403;44;3;148;land;false;plains;1
3404;44;3;193;land;false;forest;6
3405;177;183;202;land;false;plains;6
3406;44;6;8;land;false;forest;6
3407;44;6;213;land;false;plains;1
3408;168;192;32;land;false;mountain;6
3409;44;9;73;land;false;hills;1
3410;44;9;178;land;false;plains;1
3411;133;99;149;land;false;hills;6
3412;44;12;38;land;false;plains;1
3413;44;12;93;land;false;marsh;1
3414;44;12;143;land;false;forest;1
3415;44;12;236;land;true;marsh;6
3416;174;84;67;land;true;plains;6
3417;44;15;58;land;false;plains;1
3418;44;15;208;land;false;jungle;1
3419;133;168;49;land;false;plains;6
3420;169;141;132;land;false;plains;1
3421;44;18;23;land;false;hills;1
3422;44;18;68;land;true;plains;1
3423;44;18;173;land;false;jungle;1
3424;132;45;9;land;false;plains;6
3425;135;135;44;land;false;plains;6
3426;44;21;33;land;true;plains;6
3427;44;21;138;land;false;forest;6
3428;44;21;244;sea;false;ocean;0
3429;173;147;87;land;false;jungle;1
3430;44;24;53;land;false;plains;1
3431;44;24;203;land;true;urban;1
3432;176;168;17;land;false;forest;6
3433;177;105;52;land;false;hills;6
3434;44;27;18;land;false;plains;1
3435;44;27;223;sea;true;ocean;0
3436;131;183;214;land;true;plains;6
3437;170;138;72;land;false;forest;1
3438;44;30;133;land;false;plains;1
3439;44;30;188;land;false;plains;1
3440;177;153;197;land;false;hills;6
3441;44;31;248;sea;true;ocean;0
3442;168;54;227;land;false;plains;1
3443;44;33;153;land;false;plains;1
3444;44;33;198;land;false;jungle;1
3445;131;57;164;land;false;plains;6
3446;176;108;7;land;false;mountain;6
3447;44;36;13;land;false;forest;1
3448;44;36;163;land;false;hills;1
3449;44;36;218;land;false;hills;1
3450;171;30;172;land;false;hills;1
3451;135;210;184;land;false;plains;6
3452;44;39;183;land;false;plains;1
3453;131;54;199;land;false;plains;6
3454;169;9;197;land;false;forest;1
3455;44;42;43;land;false;mountain;1
3456;130;153;154;land;false;forest;6
3457;44;42;148;land;false;plains;1
3458;44;45;8;land;false;plains;1
3459;44;45;63;land;false;hills;6
3460;44;45;213;land;false;plains;1
3461;44;48;28;land;false;forest;6
3462;44;48;178;land;false;hills;6
3463;44;51;38;land;true;plains;1
3464;44;51;93;land;false;plains;1
3465;44;54;3;land;true;plains;6
3466;44;54;58;land;false;forest;1
3467;44;54;208;sea;true;ocean;0
3468;44;57;23;land;false;plains;1
3469;44;57;173;land;false;forest;1
3470;44;60;138;land;false;plains;1
3471;132;0;79;land;false;jungle;6
3472;44;63;158;land;false;hills;6
3473;44;63;203;land;false;plains;1
3474;44;66;18;land;false;plains;1
3475;44;66;223;land;false;forest;6
3476;44;69;83;land;false;mountain;1
3477;44;69;133;land;true;plains;6
3478;44;69;188;land;false;forest;1
3479;44;72;153;land;false;hills;1
3480;44;75;13;land;false;plains;1
3481;44;78;33;land;false;mountain;6
3482;44;78;78;land;false;plains;1
3483;44;78;183;land;false;plains;1
3484;44;81;98;land;true;forest;1
3485;44;81;148;land;false;plains;1
3486;44;84;8;land;false;forest;6
3487;44;84;63;land;false;forest;6
3488;44;84;213;land;false;jungle;1
3489;44;87;28;land;false;forest;1
3490;44;87;178;land;false;plains;6
3491;44;90;93;land;false;forest;1
3492;44;90;143;land;false;hills;1
3493;44;90;198;land;false;plains;1
3494;44;93;58;land;false;plains;1
3495;44;93;163;land;false;plains;1
3496;44;93;208;land;false;plains;1
3497;44;96;23;land;false;plains;1
3498;44;96;128;land;false;mountain;6
3499;44;96;173;land;false;desert;1
3500;44;99;88;land;false;jungle;1
3501;44;99;138;land;false;plains;1
3502;44;102;53;land;false;marsh;6
3503;44;102;158;land;false;forest;6
3504;44;105;18;land;false;hills;1
3505;44;105;223;land;false;plains;1
3506;44;108;38;land;false;hills;1
3507;44;108;83;land;false;plains;1
3508;44;108;188;land;false;plains;1
3509;44;111;3;land;false;marsh;1
3510;44;111;48;land;false;plains;1
3511;44;111;153;land;false;plains;1
3512;44;114;13;land;true;jungle;1
3513;44;114;68;land;false;hills;6
3514;44;114;218;land;false;desert;1
3515;44;117;33;land;false;hills;6
3516;44;117;183;land;false;forest;1
3517;44;120;98;land;false;forest;6
3518;44;120;148;land;false;forest;6
3519;44;123;63;land;false;hills;1
3520;44;123;213;land;false;hills;1
3521;44;126;178;land;false;plains;1
3522;44;129;143;land;false;plains;1
3523;44;129;198;land;false;plains;1
3524;44;132;58;land;false;jungle;1
3525;44;135;23;land;false;hills;1
3526;44;135;128;land;false;hills;1
3527;44;138;88;land;false;hills;1
3528;44;138;125;sea;false;ocean;0
3529;44;138;193;land;false;forest;6
3530;44;141;8;land;true;jungle;1
3531;44;141;158;land;false;mountain;1
3532;44;144;18;land;false;plains;1
3533;44;144;73;land;false;forest;1
3534;44;147;38;land;false;plains;1
3535;44;147;188;land;false;desert;1
3536;44;150;153;land;false;hills;1
3537;44;150;208;land;false;desert;1
3538;44;153;68;land;false;hills;6
3539;44;153;218;land;false;forest;6
3540;44;156;33;land;false;hills;1
3541;44;156;138;land;false;forest;1
3542;44;156;183;land;false;plains;1
3543;44;159;98;land;false;plains;1
3544;44;159;148;land;false;plains;1
3545;44;162;63;land;false;mountain;1
3546;44;162;168;land;true;forest;1
3547;44;165;28;land;true;jungle;1
3548;44;165;83;land;false;plains;1
3549;44;165;133;land;false;hills;1
3550;44;168;48;land;false;desert;1
3551;44;168;93;land;false;marsh;6
3552;44;168;198;land;false;plains;1
3553;44;171;13;land;false;jungle;1
3554;44;171;58;land;false;plains;1
3555;44;171;163;land;false;forest;6
3556;44;174;23;land;false;plains;1
3557;44;174;128;land;false;forest;1
3558;44;177;43;land;true;jungle;1
3559;44;177;193;land;false;plains;1
3560;44;180;8;land;true;forest;1
3561;44;180;158;land;false;jungle;1
3562;44;183;178;land;false;forest;1
3563;44;183;223;land;false;hills;6
3564;44;186;38;land;true;plains;6
3565;44;186;143;land;false;forest;1
3566;44;186;188;land;true;plains;6
3567;44;189;3;land;false;forest;1
3568;44;189;153;land;false;hills;1
3569;44;189;208;land;false;jungle;1
3570;44;192;68;land;false;plains;1
3571;44;192;173;land;false;forest;1
3572;44;195;33;land;false;desert;1
3573;44;195;88;land;false;plains;1
3574;44;195;138;land;true;jungle;1
3575;44;198;53;land;false;forest;1
3576;44;198;98;land;false;mountain;1
3577;44;201;18;land;false;plains;1
3578;44;201;63;land;true;plains;6
3579;44;201;168;land;false;forest;1
3580;44;204;28;land;false;forest;1
3581;44;204;83;land;true;plains;1
3582;44;204;133;land;false;forest;6
3583;44;207;48;land;false;forest;1
3584;44;207;198;land;false;plains;1
3585;44;210;13;land;false;jungle;1
3586;44;210;163;land;false;plains;1
3587;44;210;218;land;false;plains;1
3588;45;0;33;land;false;hills;6
3589;45;0;138;land;false;plains;1
3590;45;0;232;sea;false;ocean;0
3591;172;96;167;land;false;plains;6
3592;45;3;53;land;false;hills;1
3593;45;3;98;land;false;mountain;6
3594;45;3;203;land;false;plains;1
3595;45;4;248;sea;false;ocean;0
3596;45;6;18;land;false;forest;1
3597;45;6;63;land;false;plains;1
3598;45;6;168;land;false;marsh;1
3599;168;189;172;land;true;plains;6
3600;169;9;152;land;false;forest;1
3601;45;9;83;land;false;hills;1
3602;45;9;133;land;true;plains;1
3603;133;96;184;land;false;forest;6
3604;45;12;48;land;false;plains;1
3605;45;12;198;land;true;plains;1
3606;169;9;47;land;false;forest;1
3607;174;84;22;land;true;plains;6
3608;45;15;163;land;true;plains;1
3609;45;15;218;land;false;forest;1
3610;133;165;189;land;false;hills;6
3611;132;195;34;land;false;forest;6
3612;45;18;78;land;false;hills;1
3613;45;18;128;lake;false;lakes;0
3614;45;18;183;land;false;plains;1
3615;132;42;194;land;false;hills;6
3616;135;132;184;land;false;jungle;6
3617;45;21;148;land;false;plains;1
3618;45;21;193;sea;true;ocean;0
3619;176;90;167;land;false;mountain;1
3620;173;144;227;land;false;plains;6
3621;45;24;8;land;false;plains;1
3622;45;24;158;land;false;mountain;6
3623;45;24;213;land;false;plains;1
3624;177;27;97;land;false;forest;6
3625;177;102;137;land;false;mountain;6
3626;45;27;73;land;false;forest;1
3627;45;27;178;land;false;plains;1
3628;54;120;210;land;false;forest;1
3629;45;30;38;land;false;forest;1
3630;45;30;93;land;false;plains;1
3631;45;30;143;land;true;plains;1
3632;177;153;152;land;false;hills;6
3633;175;165;147;land;true;forest;1
3634;168;54;22;land;false;plains;6
3635;45;33;3;land;false;hills;1
3636;45;33;58;land;false;desert;1
3637;170;90;227;land;false;forest;6
3638;176;105;192;land;false;mountain;6
3639;45;36;23;land;false;desert;1
3640;45;36;68;land;false;hills;1
3641;45;36;173;land;false;hills;1
3642;171;30;67;land;false;hills;1
3643;135;210;79;land;false;marsh;6
3644;45;39;33;land;false;hills;6
3645;45;39;88;land;true;plains;1
3646;45;39;138;land;false;hills;1
3647;169;54;32;land;false;plains;1
3648;169;6;187;land;false;forest;1
3649;45;42;53;land;false;desert;1
3650;45;42;203;land;false;mountain;1
3651;45;45;45;land;false;plains;6
3652;45;45;168;land;false;jungle;1
3653;45;45;223;land;false;plains;1
3654;45;48;83;land;false;plains;1
3655;45;48;133;land;false;forest;1
3656;45;48;188;land;false;plains;1
3657;45;51;48;land;true;forest;1
3658;45;51;153;land;false;plains;1
3659;45;51;198;land;false;forest;1
3660;45;54;13;land;false;jungle;1
3661;45;54;163;land;false;plains;1
3662;45;57;78;land;true;plains;1
3663;45;57;183;land;true;plains;1
3664;45;60;98;land;false;plains;6
3665;45;60;148;land;false;desert;1
3666;45;63;8;land;false;hills;1
3667;45;63;63;land;false;plains;1
3668;45;66;28;land;false;forest;1
3669;45;66;73;land;false;hills;1
3670;45;66;178;land;false;plains;1
3671;45;69;38;land;false;plains;1
3672;45;69;93;land;false;plains;1
3673;45;69;143;land;true;plains;1
3674;45;72;208;land;false;plains;1
3675;45;75;173;land;false;plains;1
3676;45;78;88;land;false;forest;1
3677;45;78;193;land;false;plains;6
3678;45;81;158;land;false;plains;6
3679;45;81;203;land;false;jungle;1
3680;45;84;18;land;true;plains;1
3681;45;87;133;land;false;plains;1
3682;45;87;188;land;false;forest;1
3683;45;90;48;land;false;plains;1
3684;45;93;13;land;false;desert;1
3685;45;93;68;land;false;plains;1
3686;45;93;218;land;false;plains;1
3687;45;96;33;land;false;plains;1
3688;45;96;78;land;false;jungle;1
3689;45;96;183;land;false;plains;1
3690;45;99;43;land;false;jungle;1
3691;135;144;144;land;false;mountain;6
3692;45;102;8;land;false;jungle;1
3693;45;102;63;land;false;forest;1
3694;45;102;213;land;false;plains;1
3695;45;105;28;land;false;plains;6
3696;45;105;178;land;false;plains;1
3697;45;108;198;land;false;hills;1
3698;45;111;58;land;true;plains;1
3699;45;111;163;land;true;plains;1
3700;45;111;208;land;false;mountain;1
3701;45;114;23;land;false;desert;1
3702;45;114;128;land;false;hills;1
3703;45;114;173;land;false;desert;1
3704;45;117;88;land;false;desert;1
3705;45;117;138;land;false;jungle;1
3706;45;117;193;land;false;mountain;6
3707;45;120;53;land;false;plains;1
3708;45;120;158;land;false;plains;6
3709;45;123;18;land;false;plains;1
3710;45;123;73;land;false;plains;1
3711;45;123;223;land;false;plains;1
3712;45;126;38;land;false;forest;1
3713;45;126;83;land;false;desert;1
3714;45;126;188;land;false;hills;1
3715;45;129;3;land;true;plains;1
3716;45;129;48;land;false;hills;1
3717;45;129;153;land;false;plains;1
3718;45;132;13;land;false;forest;1
3719;45;132;68;land;false;mountain;1
3720;45;132;218;land;false;mountain;1
3721;45;135;33;land;true;plains;6
3722;45;135;183;land;false;mountain;1
3723;45;138;98;land;false;forest;6
3724;45;138;148;land;false;hills;1
3725;45;138;203;land;false;hills;1
3726;45;141;63;land;false;hills;6
3727;45;141;168;land;false;plains;1
3728;45;141;213;land;false;forest;1
3729;45;144;133;land;false;plains;1
3730;45;144;178;land;false;hills;1
3731;45;147;143;land;false;desert;1
3732;45;147;198;land;false;forest;1
3733;45;150;163;land;false;forest;1
3734;45;153;23;land;false;plains;1
3735;45;153;78;land;false;plains;1
3736;45;153;128;land;false;forest;6
3737;45;156;43;land;false;plains;1
3738;45;156;88;land;false;plains;1
3739;45;156;193;land;false;hills;6
3740;45;159;8;land;false;plains;1
3741;45;159;53;land;false;plains;1
3742;45;159;158;land;false;hills;6
3743;45;162;18;land;false;plains;1
3744;45;162;73;land;false;plains;1
3745;45;162;223;land;false;hills;6
3746;45;165;188;land;false;plains;1
3747;45;168;3;land;false;hills;1
3748;45;168;153;land;false;plains;1
3749;45;168;208;land;false;plains;1
3750;45;171;68;land;false;forest;6
3751;45;171;173;land;false;plains;1
3752;45;171;218;land;false;plains;1
3753;45;174;33;land;false;plains;6
3754;45;174;138;land;false;forest;1
3755;45;174;183;land;false;plains;1
3756;45;177;98;land;false;plains;6
3757;45;177;148;land;false;plains;1
3758;45;177;203;land;false;forest;1
3759;45;180;63;land;false;plains;1
3760;45;183;28;land;false;plains;1
3761;45;183;133;land;true;plains;1
3762;45;186;48;land;false;hills;1
3763;45;186;198;land;false;plains;1
3764;45;189;13;land;false;hills;1
3765;45;189;58;land;false;plains;1
3766;45;189;163;land;false;plains;1
3767;45;192;23;land;false;forest;1
3768;45;192;78;land;false;plains;1
3769;45;192;128;land;false;mountain;6
3770;45;195;43;land;false;plains;1
3771;45;198;8;land;false;plains;1
3772;45;198;213;land;false;plains;1
3773;45;201;178;land;false;plains;1
3774;45;201;223;land;false;forest;1
3775;45;204;38;land;true;plains;1
3776;45;204;143;land;false;forest;1
3777;45;204;188;land;false;marsh;1
3778;45;207;3;land;false;forest;1
3779;45;207;153;land;false;plains;1
3780;45;207;208;land;false;hills;1
3781;45;210;68;land;false;forest;6
3782;45;210;173;land;false;forest;1
3783;46;0;43;land;false;hills;6
3784;46;0;193;land;false;plains;6
3785;46;0;236;sea;false;ocean;0
3786;46;3;8;land;false;hills;1
3787;46;3;158;land;false;forest;6
3788;46;3;213;land;false;plains;1
3789;177;183;157;land;false;forest;6
3790;46;6;178;land;false;plains;1
3791;46;6;223;land;false;forest;6
3792;134;87;189;land;false;plains;6
3793;169;6;132;land;false;marsh;1
3794;46;9;38;land;false;plains;1
3795;46;9;143;land;false;forest;6
3796;46;9;188;land;false;desert;1
3797;134;24;169;land;false;forest;6
3798;46;12;3;land;false;plains;1
3799;46;12;208;land;false;plains;1
3800;46;12;244;land;false;hills;6
3801;170;48;57;land;false;hills;1
3802;46;15;68;land;false;forest;1
3803;46;15;173;land;false;plains;6
3804;133;165;134;land;false;marsh;1
3805;132;192;219;land;false;mountain;6
3806;46;18;33;land;true;plains;1
3807;46;18;138;land;false;hills;1
3808;135;30;154;land;true;plains;1
3809;135;132;129;land;false;mountain;6
3810;46;21;53;land;false;plains;1
3811;46;21;98;land;false;forest;6
3812;176;90;62;land;true;plains;6
3813;173;144;172;land;false;plains;6
3814;46;24;18;land;true;plains;6
3815;46;24;63;land;false;forest;6
3816;46;24;168;land;false;plains;1
3817;177;24;182;land;false;plains;6
3818;177;102;87;land;false;hills;6
3819;46;27;28;land;false;desert;1
3820;46;27;133;land;false;plains;1
3821;116;112;191;land;false;hills;1
3822;170;138;17;land;false;desert;1
3823;46;30;48;land;false;forest;1
3824;46;30;198;land;false;forest;1
3825;177;153;47;land;false;plains;6
3826;46;31;236;sea;true;ocean;0
3827;171;171;97;land;false;plains;1
3828;46;33;13;land;false;plains;6
3829;46;33;163;land;false;plains;1
3830;46;33;218;land;false;plains;6
3831;171;168;182;land;false;plains;1
3832;176;105;147;land;false;plains;6
3833;46;36;78;land;false;hills;1
3834;46;36;128;land;false;forest;6
3835;46;36;183;land;false;forest;1
3836;172;96;17;land;false;forest;1
3837;135;210;34;land;true;forest;6
3838;46;39;43;land;true;plains;1
3839;46;39;148;land;false;jungle;6
3840;133;27;19;land;false;forest;6
3841;169;36;87;land;false;plains;1
3842;169;3;167;land;false;plains;1
3843;46;42;158;land;false;plains;6
3844;46;42;213;land;false;plains;1
3845;46;45;73;land;false;plains;1
3846;46;45;178;land;false;plains;1
3847;46;48;38;land;false;hills;1
3848;46;48;93;land;false;forest;6
3849;46;48;143;land;false;jungle;6
3850;46;51;3;land;false;plains;1
3851;46;51;208;land;false;plains;1
3852;46;54;23;land;false;plains;6
3853;46;54;68;land;false;plains;1
3854;131;36;209;land;false;plains;6
3855;46;57;33;land;false;plains;6
3856;46;57;88;land;false;plains;1
3857;46;57;138;land;false;plains;1
3858;46;60;53;land;false;plains;1
3859;46;60;203;land;false;hills;1
3860;46;63;18;land;false;forest;6
3861;46;63;223;land;false;plains;1
3862;46;66;83;land;false;plains;1
3863;46;66;133;land;false;mountain;1
3864;46;66;188;land;false;forest;1
3865;46;69;48;land;false;plains;1
3866;46;69;153;land;false;plains;1
3867;46;69;198;land;false;plains;6
3868;46;72;13;land;false;hills;1
3869;46;72;163;land;false;plains;6
3870;46;72;218;land;false;plains;1
3871;46;75;78;land;false;plains;1
3872;46;75;128;land;false;marsh;1
3873;46;75;183;land;false;plains;1
3874;46;78;43;land;false;hills;1
3875;46;78;148;land;false;plains;6
3876;46;81;63;land;false;plains;1
3877;46;81;213;land;false;plains;6
3878;46;84;73;land;true;plains;1
3879;46;84;178;land;false;plains;1
3880;46;87;38;land;false;plains;1
3881;46;87;93;land;false;plains;6
3882;46;87;143;land;false;plains;1
3883;46;90;3;land;false;forest;6
3884;46;90;58;land;false;plains;1
3885;46;90;208;land;false;marsh;1
3886;46;93;23;land;false;plains;1
3887;46;93;173;land;false;plains;1
3888;46;96;88;land;false;jungle;6
3889;46;96;193;land;true;plains;1
3890;46;99;53;land;false;plains;1
3891;46;99;158;land;false;plains;1
3892;46;99;203;land;false;forest;1
3893;46;102;18;land;false;plains;1
3894;46;102;168;land;false;forest;1
3895;46;102;223;land;false;jungle;6
3896;46;105;83;land;false;hills;1
3897;46;105;133;land;false;hills;1
3898;46;108;48;land;false;plains;1
3899;46;111;13;land;false;plains;1
3900;46;111;68;land;false;plains;6
3901;46;114;33;land;false;forest;1
3902;46;114;78;land;false;mountain;1
3903;46;114;183;land;false;plains;1
3904;46;117;98;land;false;plains;6
3905;46;117;148;land;false;plains;1
3906;46;120;8;land;true;plains;1
3907;46;120;63;land;false;plains;1
3908;46;120;213;land;false;forest;1
3909;46;123;28;land;false;plains;1
3910;46;123;178;land;false;plains;1
3911;46;126;93;land;false;hills;1
3912;46;126;198;land;false;forest;6
3913;46;129;58;land;false;jungle;6
3914;46;129;163;land;false;hills;1
3915;46;129;208;land;false;plains;1
3916;46;132;23;land;true;plains;6
3917;46;132;128;land;false;forest;1
3918;46;132;173;land;false;plains;1
3919;46;135;88;land;false;hills;1
3920;46;135;138;land;true;plains;1
3921;46;135;193;land;true;plains;1
3922;46;138;53;land;false;forest;1
3923;46;138;158;land;false;forest;1
3924;46;141;18;land;false;plains;1
3925;46;141;73;land;true;plains;1
3926;46;141;223;land;false;plains;1
3927;46;144;38;land;false;plains;1
3928;46;144;83;land;false;plains;1
3929;46;144;188;land;false;forest;6
3930;46;147;3;land;false;plains;1
3931;46;147;48;land;false;plains;1
3932;46;147;153;land;false;hills;6
3933;46;150;13;land;false;forest;1
3934;46;150;68;land;false;plains;6
3935;46;150;218;land;false;hills;1
3936;46;153;33;land;false;hills;1
3937;46;153;183;land;false;plains;1
3938;46;156;98;land;false;plains;1
3939;46;156;148;land;false;mountain;1
3940;46;156;203;land;false;forest;1
3941;46;159;63;land;false;plains;1
3942;46;159;168;land;false;plains;1
3943;46;159;213;land;false;jungle;1
3944;46;162;28;land;false;forest;6
3945;46;162;133;land;false;plains;1
3946;46;162;178;land;false;plains;1
3947;46;165;93;land;false;forest;6
3948;46;165;143;land;false;forest;1
3949;46;165;198;land;false;plains;6
3950;46;168;58;land;true;plains;1
3951;46;168;163;land;false;hills;1
3952;46;171;23;land;true;plains;1
3953;46;171;78;land;false;plains;1
3954;46;171;128;land;false;forest;1
3955;46;174;43;land;false;plains;6
3956;46;174;88;land;false;hills;1
3957;46;174;193;land;false;plains;1
3958;46;177;8;land;false;forest;1
3959;46;177;53;land;false;plains;1
3960;46;177;158;land;false;mountain;1
3961;46;180;18;land;false;plains;1
3962;46;180;73;land;true;plains;6
3963;46;180;223;land;false;forest;6
3964;46;183;38;land;false;hills;1
3965;46;183;188;land;false;plains;1
3966;46;186;3;land;false;forest;1
3967;46;186;153;land;false;forest;1
3968;46;186;208;land;false;forest;1
3969;46;189;68;land;true;plains;1
3970;46;189;173;land;true;plains;6
3971;46;189;218;land;false;plains;1
3972;46;192;33;land;false;plains;6
3973;46;192;138;land;false;forest;1
3974;46;192;183;land;false;hills;1
3975;46;195;98;land;false;plains;1
3976;46;195;148;land;false;plains;1
3977;46;198;63;land;false;marsh;6
3978;46;198;168;land;false;plains;6
3979;46;201;28;land;false;plains;1
3980;46;201;133;land;false;plains;1
3981;46;204;48;land;false;forest;6
3982;46;204;93;land;false;plains;1
3983;46;207;13;land;false;plains;1
3984;46;207;58;land;false;forest;1
3985;46;210;23;land;false;jungle;1
3986;46;210;78;land;false;plains;1
3987;47;0;98;land;false;plains;1
3988;47;0;148;land;false;forest;1
3989;47;0;203;land;false;plains;6
3990;47;0;240;sea;false;ocean;0
3991;47;3;63;land;false;jungle;1
3992;47;3;168;land;false;mountain;6
3993;177;183;52;land;false;plains;6
3994;47;6;28;land;false;plains;1
3995;47;6;83;land;false;hills;6
3996;47;6;133;land;true;plains;6
3997;135;186;209;land;true;plains;6
3998;134;39;194;land;false;plains;6
3999;47;9;48;land;false;hills;6
4000;47;9;93;land;false;forest;6
4001;47;9;198;land;false;forest;6
4002;135;132;79;land;false;hills;6
4003;47;12;13;land;false;plains;6
4004;47;12;58;land;false;plains;6
4005;47;12;163;land;false;forest;6
4006;131;138;79;land;false;plains;1
4007;174;81;57;land;false;forest;6
4008;47;15;23;land;false;plains;1
4009;47;15;78;land;false;plains;6
4010;47;15;128;land;false;mountain;6
4011;133;165;84;land;false;plains;6
4012;132;192;69;land;false;forest;6
4013;130;159;184;land;false;plains;1
4014;47;18;193;land;false;plains;1
4015;132;42;44;land;false;plains;6
4016;135;129;219;land;false;plains;6
4017;47;21;8;land;false;plains;6
4018;47;21;158;land;false;jungle;1
4019;47;21;213;land;false;plains;6
4020;174;24;57;land;false;forest;6
4021;173;144;22;land;false;forest;1
4022;47;24;73;land;false;marsh;1
4023;47;24;178;land;false;plains;6
4024;47;24;223;land;false;forest;1
4025;177;24;32;land;false;hills;6
4026;177;102;32;land;true;plains;6
4027;47;27;38;land;false;mountain;6
4028;131;180;149;land;false;forest;6
4029;47;27;188;land;true;plains;1
4030;156;172;129;land;false;forest;6
4031;47;30;3;land;false;forest;6
4032;47;30;153;land;false;plains;6
4033;47;30;208;land;false;plains;6
4034;171;69;227;land;false;forest;1
4035;37;213;164;land;false;forest;6
4036;136;60;214;land;false;mountain;6
4037;47;33;68;land;false;plains;6
4038;47;33;173;land;false;hills;6
4039;171;168;137;land;false;forest;1
4040;176;105;42;land;false;forest;1
4041;47;36;88;land;false;marsh;6
4042;47;36;138;land;false;plains;6
4043;172;93;157;land;false;forest;1
4044;168;39;97;land;false;plains;6
4045;47;39;53;land;false;plains;6
4046;47;39;98;land;false;forest;1
4047;47;39;203;land;true;plains;1
4048;168;39;42;land;false;plains;1
4049;169;3;17;land;false;plains;1
4050;47;42;18;land;false;plains;6
4051;47;42;168;land;false;plains;1
4052;47;45;28;land;false;plains;6
4053;47;45;83;land;false;plains;6
4054;47;45;133;land;false;hills;6
4055;47;48;48;land;false;marsh;6
4056;47;48;198;land;false;forest;6
4057;47;51;13;land;true;plains;1
4058;47;51;163;land;false;forest;6
4059;47;51;218;land;true;plains;6
4060;47;54;78;land;false;forest;6
4061;47;54;128;land;false;plains;1
4062;47;54;183;land;false;hills;6
4063;47;57;43;land;false;forest;1
4064;47;57;148;land;false;plains;6
4065;47;57;193;land;false;hills;1
4066;47;60;8;land;false;hills;6
4067;47;60;158;land;false;forest;6
4068;131;0;174;land;true;hills;6
4069;47;63;73;land;false;forest;6
4070;47;63;178;land;false;forest;6
4071;47;66;38;land;false;urban;6
4072;47;66;93;land;false;plains;6
4073;47;66;143;land;false;plains;6
4074;47;69;3;land;true;forest;6
4075;47;69;58;land;false;mountain;6
4076;47;69;208;land;false;plains;6
4077;47;72;23;land;false;hills;6
4078;47;72;68;land;false;plains;1
4079;47;72;173;land;false;forest;6
4080;47;75;33;land;true;plains;1
4081;47;75;88;land;false;plains;6
4082;47;75;138;land;false;forest;6
4083;47;78;53;land;false;plains;6
4084;47;78;203;land;false;jungle;1
4085;47;81;18;land;false;plains;6
4086;47;81;168;land;false;plains;6
4087;47;81;223;land;false;plains;6
4088;47;84;83;land;true;plains;6
4089;47;84;133;land;false;forest;6
4090;47;84;188;land;false;plains;6
4091;47;87;48;land;false;forest;6
4092;47;87;153;land;false;hills;6
4093;47;87;198;land;false;forest;6
4094;47;90;13;land;true;plains;6
4095;47;90;163;land;false;plains;1
4096;47;90;218;land;false;plains;6
4097;47;93;78;land;true;jungle;1
4098;47;93;128;land;false;plains;1
4099;47;93;183;land;false;plains;6
4100;47;96;43;land;true;forest;6
4101;47;96;98;land;false;forest;6
4102;47;96;148;land;true;plains;6
4103;47;99;8;land;false;plains;6
4104;47;99;63;land;false;hills;6
4105;47;99;213;land;false;plains;6
4106;47;102;28;land;false;plains;6
4107;47;102;73;land;false;plains;6
4108;47;102;178;land;false;jungle;1
4109;47;105;38;land;false;mountain;1
4110;47;105;93;land;false;hills;6
4111;47;105;143;land;true;plains;6
4112;47;108;3;land;false;plains;1
4113;47;108;58;land;false;forest;6
4114;47;108;208;land;false;plains;6
4115;47;111;23;land;false;plains;6
4116;47;111;173;land;false;jungle;1
4117;47;114;88;land;false;plains;1
4118;47;114;138;land;false;hills;6
4119;47;114;193;land;false;mountain;6
4120;47;117;53;land;false;plains;1
4121;47;117;158;land;false;plains;6
4122;47;117;203;land;false;forest;6
4123;47;120;18;land;false;forest;6
4124;47;120;168;land;false;plains;1
4125;47;120;223;land;false;plains;6
4126;47;123;83;land;false;hills;6
4127;47;123;133;land;false;plains;1
4128;47;123;188;land;false;hills;6
4129;47;126;48;land;false;plains;1
4130;47;126;153;land;false;plains;6
4131;47;129;13;land;false;jungle;1
4132;47;129;68;land;false;forest;6
4133;47;129;218;land;false;plains;1
4134;47;132;33;land;false;forest;6
4135;47;132;78;land;false;plains;1
4136;47;132;183;land;true;plains;6
4137;47;135;43;land;false;plains;6
4138;47;135;98;land;false;plains;6
4139;47;135;148;land;true;plains;1
4140;47;138;8;land;false;plains;6
4141;47;138;63;land;false;forest;6
4142;47;138;213;land;false;hills;6
4143;47;141;28;land;true;plains;6
4144;47;141;178;land;false;marsh;6
4145;47;144;93;land;true;plains;6
4146;47;144;143;land;true;jungle;1
4147;47;144;198;land;false;plains;6
4148;47;147;58;land;false;forest;6
4149;47;147;163;land;false;plains;6
4150;47;147;208;land;false;jungle;1
4151;47;150;23;land;false;plains;1
4152;47;150;128;land;false;plains;6
4153;47;150;173;land;false;hills;6
4154;47;153;88;land;false;jungle;1
4155;47;153;138;land;false;mountain;1
4156;47;153;193;land;false;plains;6
4157;47;156;53;land;false;plains;6
4158;47;156;158;land;false;plains;6
4159;47;159;18;land;false;plains;1
4160;47;159;73;land;false;forest;6
4161;47;159;223;land;false;plains;6
4162;47;162;38;land;false;hills;6
4163;47;162;83;land;false;plains;1
4164;47;162;188;land;false;hills;6
4165;47;165;3;land;false;forest;6
4166;47;165;48;land;true;hills;1
4167;47;165;153;land;false;plains;6
4168;47;168;13;land;true;plains;1
4169;47;168;68;land;false;plains;6
4170;47;168;218;land;false;forest;1
4171;47;171;33;land;false;forest;6
4172;47;171;183;land;false;plains;6
4173;47;174;98;land;false;plains;6
4174;47;174;148;land;false;forest;6
4175;47;174;203;land;false;hills;6
4176;47;177;63;land;false;plains;1
4177;47;177;168;land;false;plains;6
4178;47;177;213;land;false;mountain;1
4179;47;180;28;land;true;forest;6
4180;131;102;44;land;false;plains;1
4181;47;183;93;land;false;plains;6
4182;47;183;143;land;true;plains;1
4183;47;183;198;land;false;plains;6
4184;47;186;58;land;false;forest;6
4185;47;186;163;land;false;plains;6
4186;131;168;84;land;true;plains;1
4187;47;189;78;land;false;plains;6
4188;47;189;128;land;false;forest;6
4189;47;192;43;land;false;plains;6
4190;47;192;88;land;false;plains;6
4191;47;192;193;land;true;plains;1
4192;47;195;8;land;false;mountain;6
4193;47;195;53;land;false;forest;1
4194;47;195;158;land;false;plains;1
4195;47;198;18;land;false;forest;1
4196;47;198;73;land;false;plains;6
4197;47;198;223;land;false;forest;6
4198;47;201;38;land;false;plains;6
4199;47;201;188;land;false;mountain;1
4200;47;204;3;land;false;hills;1
4201;225;76;133;land;false;forest;6
4202;47;204;208;land;false;hills;6
4203;47;207;68;land;false;plains;6
4204;47;207;173;land;false;hills;6
4205;47;207;218;land;false;forest;6
4206;47;210;33;land;true;plains;6
4207;47;210;138;land;false;forest;6
4208;47;210;183;land;false;plains;6
4209;48;0;8;land;false;hills;6
4210;48;0;53;land;false;hills;6
4211;135;129;164;land;false;forest;6
4212;48;0;244;sea;false;ocean;0
4213;48;2;236;sea;true;ocean;0
4214;48;3;18;land;true;forest;6
4215;48;3;73;land;false;forest;6
4216;48;3;223;land;true;plains;6
4217;177;180;192;land;false;jungle;6
4218;48;6;38;land;false;hills;6
4219;132;159;99;land;false;hills;1
4220;134;87;144;land;false;forest;6
4221;134;39;89;land;false;hills;6
4222;48;9;3;land;false;plains;6
4223;48;9;153;land;true;plains;6
4224;48;9;208;land;false;plains;6
4225;135;129;14;land;false;forest;6
4226;132;99;89;land;true;plains;6
4227;48;12;173;land;false;mountain;6
4228;133;60;194;land;false;plains;6
4229;131;138;34;land;false;hills;6
4230;174;81;2;land;true;plains;6
4231;173;72;202;land;true;hills;1
4232;48;15;138;land;false;forest;6
4233;133;60;44;land;false;forest;6
4234;169;141;82;land;false;plains;1
4235;132;192;14;land;false;plains;6
4236;48;18;98;land;true;jungle;6
4237;48;18;148;land;true;plains;6
4238;48;18;203;land;false;plains;6
4239;175;111;167;land;false;plains;1
4240;135;126;199;land;false;plains;6
4241;133;210;69;land;true;plains;6
4242;48;21;168;land;false;hills;6
4243;176;90;17;land;false;plains;6
4244;173;141;207;land;true;plains;1
4245;48;24;28;land;false;hills;6
4246;48;24;83;land;false;forest;6
4247;173;72;52;land;true;plains;6
4248;177;21;217;land;false;hills;6
4249;177;99;172;land;false;plains;6
4250;48;27;48;land;false;plains;6
4251;48;27;93;land;false;plains;6
4252;173;24;207;land;true;plains;6
4253;65;78;41;land;false;plains;6
4254;48;30;13;land;true;plains;6
4255;48;30;58;land;false;forest;6
4256;48;30;163;land;false;hills;6
4257;177;150;187;land;false;plains;6
4258;48;31;244;sea;true;ocean;0
4259;136;192;44;sea;true;ocean;0
4260;48;33;23;land;true;plains;6
4261;48;33;78;land;false;forest;6
4262;131;174;69;land;false;plains;6
4263;171;168;32;land;false;mountain;6
4264;176;102;227;land;false;plains;6
4265;48;36;43;land;false;forest;6
4266;133;210;14;land;false;plains;6
4267;168;36;182;land;false;forest;1
4268;173;69;137;land;false;hills;6
4269;133;57;129;land;true;plains;6
4270;48;39;213;land;false;plains;1
4271;169;51;12;land;false;plains;1
4272;42;223;211;land;true;forest;6
4273;173;90;97;land;true;plains;6
4274;48;42;178;land;false;plains;6
4275;48;42;223;land;false;mountain;6
4276;48;45;38;sea;false;ocean;0
4277;134;150;14;land;false;plains;6
4278;48;45;188;land;false;plains;6
4279;48;48;3;land;true;plains;6
4280;48;48;153;land;true;hills;6
4281;48;48;208;land;false;plains;6
4282;133;207;154;land;false;hills;1
4283;48;51;173;land;false;mountain;6
4284;48;54;33;land;true;plains;6
4285;48;54;88;land;false;hills;1
4286;175;102;67;land;false;plains;6
4287;48;57;53;land;false;mountain;1
4288;133;57;79;land;true;plains;6
4289;135;75;139;land;false;hills;6
4290;48;60;18;land;false;plains;6
4291;48;60;63;land;false;hills;6
4292;173;24;2;land;false;plains;6
4293;48;63;28;land;false;plains;6
4294;48;63;83;land;true;plains;6
4295;48;63;133;land;false;hills;6
4296;48;66;48;land;false;mountain;6
4297;48;66;198;land;false;plains;6
4298;48;69;13;land;true;plains;6
4299;48;69;163;land;false;hills;6
4300;48;69;218;land;false;hills;6
4301;173;90;42;land;false;forest;6
4302;48;72;128;land;false;plains;6
4303;48;72;183;land;false;hills;6
4304;132;99;34;land;false;jungle;6
4305;48;75;148;land;true;plains;1
4306;173;105;227;land;false;forest;6
4307;134;132;69;land;false;forest;6
4308;134;114;79;land;false;plains;6
4309;48;78;213;land;false;plains;6
4310;48;81;73;land;false;hills;6
4311;48;81;178;land;true;hills;6
4312;48;84;38;land;false;plains;6
4313;48;84;93;land;false;hills;6
4314;48;84;143;land;true;plains;6
4315;48;87;3;land;true;plains;6
4316;48;87;58;land;false;hills;6
4317;135;75;34;land;false;hills;6
4318;48;90;23;land;false;plains;6
4319;48;90;68;land;true;plains;6
4320;48;90;173;sea;false;ocean;0
4321;48;93;33;land;true;jungle;6
4322;48;93;88;land;false;mountain;6
4323;48;93;138;land;true;plains;6
4324;48;96;53;land;false;mountain;6
4325;48;96;203;land;false;plains;6
4326;48;99;18;land;false;forest;6
4327;48;99;168;land;false;forest;6
4328;48;99;223;land;false;hills;6
4329;135;72;219;land;false;plains;6
4330;48;102;133;land;false;jungle;6
4331;48;102;188;land;false;plains;6
4332;170;6;142;land;false;desert;1
4333;48;105;153;land;false;plains;6
4334;174;108;42;land;false;forest;6
4335;48;108;13;land;true;jungle;6
4336;48;108;163;land;false;hills;6
4337;48;108;218;land;false;forest;6
4338;48;111;78;land;false;jungle;6
4339;48;111;128;land;false;forest;6
4340;48;111;183;land;false;forest;6
4341;48;114;43;land;true;plains;6
4342;48;114;98;land;false;forest;1
4343;48;114;148;land;false;hills;6
4344;48;117;8;land;true;plains;6
4345;48;117;63;land;false;plains;1
4346;135;72;174;land;false;plains;6
4347;48;120;28;land;false;urban;6
4348;48;120;73;land;false;hills;6
4349;173;87;182;land;false;hills;6
4350;48;123;38;land;false;forest;6
4351;48;123;93;land;true;plains;6
4352;132;96;69;land;true;jungle;6
4353;48;126;3;land;false;plains;6
4354;48;126;58;land;false;mountain;6
4355;48;126;208;land;false;plains;6
4356;48;129;23;land;false;marsh;6
4357;132;189;154;land;false;plains;6
4358;170;48;2;land;false;forest;1
4359;48;132;138;land;true;plains;6
4360;48;132;193;land;false;marsh;1
4361;131;108;74;land;false;marsh;6
4362;48;135;158;land;false;mountain;1
4363;48;135;203;land;true;plains;6
4364;131;159;139;land;false;plains;6
4365;48;138;168;land;true;jungle;6
4366;48;138;223;land;false;plains;6
4367;48;141;83;land;true;plains;6
4368;48;141;133;land;false;plains;6
4369;48;141;188;land;false;mountain;6
4370;48;143;205;sea;false;ocean;0
4371;48;144;48;land;false;marsh;6
4372;48;144;153;land;false;forest;6
4373;133;57;24;land;false;plains;1
4374;48;147;68;land;false;mountain;6
4375;48;147;218;land;false;plains;6
4376;48;150;33;land;false;forest;6
4377;133;54;164;land;true;hills;1
4378;132;96;24;land;false;hills;6
4379;48;153;43;land;true;forest;6
4380;48;153;98;land;false;hills;6
4381;131;159;89;land;false;plains;1
4382;48;156;8;land;false;plains;6
4383;48;156;63;land;true;plains;6
4384;48;156;213;land;true;plains;6
4385;48;159;28;land;false;mountain;6
4386;48;159;178;land;false;hills;6
4387;135;108;154;land;false;hills;6
4388;48;162;143;land;false;hills;6
4389;48;162;198;land;false;hills;6
4390;48;165;58;land;false;forest;6
4391;48;165;163;land;false;plains;6
4392;48;165;208;land;false;hills;6
4393;135;72;69;land;false;plains;6
4394;48;168;128;land;false;forest;6
4395;48;168;173;land;true;plains;6
4396;48;171;88;land;true;plains;6
4397;48;171;138;land;false;marsh;6
4398;48;171;193;land;false;hills;6
4399;133;207;49;land;false;hills;6
4400;48;174;158;land;false;mountain;6
4401;48;177;18;land;false;plains;6
4402;48;177;73;land;false;mountain;1
4403;48;177;223;land;false;mountain;6
4404;48;180;38;land;false;urban;6
4405;48;180;83;land;false;forest;6
4406;48;180;188;land;false;plains;6
4407;48;183;3;land;false;hills;6
4408;48;183;48;land;true;plains;6
4409;48;183;153;land;false;plains;6
4410;48;186;13;land;false;hills;6
4411;48;186;68;land;true;plains;6
4412;48;186;218;land;false;mountain;6
4413;48;189;33;land;false;hills;6
4414;48;189;183;land;false;jungle;6
4415;175;192;82;land;false;forest;6
4416;48;192;148;land;false;forest;6
4417;48;192;203;land;false;mountain;1
4418;135;69;209;land;false;jungle;6
4419;48;195;168;land;true;forest;1
4420;48;195;213;land;false;plains;6
4421;170;9;2;land;false;jungle;1
4422;48;198;133;land;true;forest;1
4423;48;198;178;land;true;plains;6
4424;48;201;93;land;false;mountain;6
4425;48;201;143;land;false;hills;6
4426;48;201;198;land;false;forest;6
4427;175;168;212;land;false;forest;6
4428;132;0;24;land;false;hills;6
4429;133;96;129;land;false;hills;6
4430;48;207;78;land;false;mountain;1
4431;48;207;128;land;false;plains;6
4432;48;210;43;land;false;forest;1
4433;48;210;88;land;false;jungle;6
4434;48;210;193;land;false;plains;6
4435;49;0;63;land;false;hills;6
4436;131;48;169;land;false;plains;1
4437;49;0;213;land;false;forest;1
4438;49;0;248;sea;false;ocean;0
4439;49;2;236;sea;false;ocean;0
4440;49;3;28;land;true;forest;6
4441;175;192;37;land;false;hills;6
4442;49;3;178;land;false;plains;1
4443;177;165;7;land;false;plains;6
4444;49;6;93;land;false;forest;1
4445;49;6;143;land;false;hills;1
4446;49;6;198;land;true;plains;6
4447;135;198;224;land;false;plains;1
4448;133;24;159;land;false;mountain;1
4449;49;9;58;land;false;mountain;1
4450;15;166;126;sea;false;ocean;0
4451;134;21;99;land;false;plains;6
4452;49;12;23;land;false;mountain;1
4453;174;159;57;land;false;plains;6
4454;49;12;128;land;false;plains;6
4455;131;135;219;land;false;forest;6
4456;174;78;142;land;true;plains;6
4457;49;15;43;lake;false;lakes;0
4458;49;15;88;land;false;plains;1
4459;49;15;193;land;false;hills;6
4460;169;141;27;land;false;plains;1
4461;132;189;49;land;false;forest;6
4462;175;189;222;land;false;hills;6
4463;49;18;53;land;false;plains;1
4464;49;18;158;land;false;mountain;1
4465;132;39;79;land;false;marsh;6
4466;133;96;79;land;false;plains;6
4467;49;21;18;land;false;forest;6
4468;170;45;142;land;false;jungle;1
4469;49;21;223;land;false;forest;6
4470;176;87;202;land;false;hills;6
4471;173;141;162;land;false;plains;6
4472;49;24;38;land;true;plains;6
4473;133;81;54;land;false;forest;6
4474;177;21;67;land;false;hills;6
4475;131;78;24;land;false;marsh;6
4476;49;27;3;land;false;desert;1
4477;49;27;153;land;false;plains;1
4478;174;156;197;land;false;hills;6
4479;33;44;14;land;false;plains;6
4480;49;30;68;land;false;plains;6
4481;174;156;142;land;false;mountain;6
4482;49;30;218;land;false;plains;6
4483;49;30;240;sea;false;ocean;0
4484;49;31;248;sea;true;ocean;0
4485;136;57;149;land;false;hills;6
4486;49;33;33;land;true;plains;6
4487;172;204;227;land;false;desert;1
4488;49;33;183;sea;false;ocean;0
4489;171;165;217;land;true;plains;1
4490;176;102;182;land;false;hills;6
4491;49;36;98;land;false;plains;1
4492;49;36;148;land;false;hills;6
4493;131;174;14;land;false;plains;1
4494;168;36;77;land;false;plains;1
4495;49;39;63;land;false;forest;6
4496;49;39;168;land;true;plains;6
4497;168;36;32;land;false;hills;1
4498;134;48;39;land;false;hills;6
4499;49;42;28;land;false;plains;6
4500;175;165;42;land;false;mountain;1
4501;49;42;133;land;false;hills;6
4502;133;54;59;land;false;forest;6
4503;49;45;93;land;false;hills;6
4504;49;45;198;land;false;forest;6
4505;172;171;157;land;false;plains;6
4506;49;48;58;land;false;hills;6
4507;49;48;163;land;false;mountain;1
4508;49;51;23;land;false;mountain;1
4509;133;123;224;land;false;plains;6
4510;49;51;128;land;false;forest;1
4511;49;54;43;land;false;mountain;6
4512;49;54;193;land;false;plains;1
4513;49;57;8;land;false;hills;6
4514;49;57;158;land;false;plains;6
4515;49;57;213;land;false;plains;6
4516;49;60;73;land;false;plains;6
4517;174;153;27;land;false;hills;6
4518;49;60;223;land;false;plains;6
4519;49;63;38;land;false;plains;6
4520;172;171;52;land;false;plains;1
4521;49;63;188;land;false;plains;6
4522;49;66;3;land;false;forest;1
4523;49;66;153;land;false;mountain;6
4524;170;45;92;land;false;mountain;1
4525;49;69;68;land;false;forest;6
4526;186;45;117;land;false;plains;1
4527;49;72;33;land;false;mountain;1
4528;49;72;88;land;false;mountain;6
4529;49;72;138;land;false;mountain;6
4530;174;150;212;land;false;jungle;6
4531;49;75;98;land;false;hills;1
4532;49;75;203;land;false;plains;6
4533;49;78;18;land;false;hills;6
4534;49;78;63;land;false;forest;1
4535;49;78;168;land;false;hills;1
4536;49;81;28;land;false;plains;6
4537;131;171;154;land;false;forest;6
4538;49;81;133;land;false;forest;6
4539;49;84;48;land;true;plains;6
4540;49;84;198;land;false;mountain;1
4541;49;87;13;land;false;plains;6
4542;49;87;163;land;false;hills;6
4543;175;102;22;land;false;mountain;6
4544;49;90;78;land;false;hills;6
4545;49;90;128;land;false;plains;1
4546;174;150;62;land;false;mountain;6
4547;49;93;43;land;false;plains;6
4548;49;93;148;land;false;mountain;6
4549;49;93;193;land;false;plains;6
4550;49;96;8;land;false;forest;6
4551;49;96;158;land;false;plains;6
4552;133;123;169;land;false;forest;1
4553;49;99;73;land;true;forest;6
4554;49;99;178;land;false;plains;6
4555;49;102;38;land;false;hills;6
4556;49;102;93;land;false;mountain;6
4557;49;102;143;land;false;mountain;6
4558;49;105;3;land;false;plains;6
4559;49;105;208;land;false;hills;6
4560;172;204;22;land;false;jungle;1
4561;49;108;68;land;false;hills;6
4562;49;108;173;sea;true;ocean;0
4563;49;111;33;land;false;mountain;6
4564;170;45;37;land;false;marsh;6
4565;49;111;138;land;false;hills;1
4566;49;114;53;land;false;plains;6
4567;131;123;204;land;true;plains;1
4568;49;117;18;land;false;mountain;6
4569;49;117;168;land;false;forest;1
4570;49;117;223;land;false;forest;6
4571;49;120;83;land;false;plains;6
4572;49;120;133;land;false;jungle;6
4573;49;120;188;land;false;forest;6
4574;49;123;48;land;false;plains;6
4575;49;123;153;land;false;hills;6
4576;49;123;198;land;true;plains;6
4577;49;126;13;land;false;hills;6
4578;49;126;163;land;false;plains;6
4579;170;42;177;land;false;desert;1
4580;49;129;78;land;false;hills;6
4581;49;129;128;land;false;plains;6
4582;49;129;183;land;false;plains;6
4583;49;132;43;land;false;plains;6
4584;49;132;98;land;false;mountain;6
4585;49;132;148;land;false;forest;6
4586;49;135;8;land;false;plains;6
4587;49;135;63;land;false;mountain;6
4588;49;135;213;land;false;forest;6
4589;49;138;28;land;false;forest;6
4590;49;138;73;land;false;forest;1
4591;49;138;178;land;false;plains;6
4592;49;141;38;land;false;plains;6
4593;170;42;72;land;false;jungle;1
4594;49;141;143;land;false;hills;1
4595;49;144;3;land;false;hills;6
4596;49;144;58;land;true;plains;6
4597;49;144;208;land;false;forest;1
4598;49;147;23;land;false;hills;1
4599;49;147;173;land;false;forest;1
4600;228;198;113;land;false;forest;1
4601;49;150;138;land;false;mountain;1
4602;49;150;193;land;false;forest;6
4603;49;153;53;land;true;forest;6
4604;49;153;158;land;false;hills;6
4605;49;153;203;land;false;plains;1
4606;49;156;18;land;false;forest;6
4607;49;156;168;land;false;plains;6
4608;49;156;223;land;false;plains;6
4609;49;159;83;land;false;hills;6
4610;49;159;133;land;false;hills;6
4611;49;159;188;land;false;hills;6
4612;49;162;48;land;false;plains;6
4613;49;162;153;land;false;hills;6
4614;49;165;13;land;false;plains;1
4615;175;99;207;land;false;plains;6
4616;49;165;218;land;false;forest;6
4617;49;168;33;land;false;hills;6
4618;49;168;78;land;false;plains;6
4619;49;168;183;land;false;plains;6
4620;49;171;43;land;true;plains;6
4621;49;171;98;land;false;forest;6
4622;49;171;148;land;false;forest;1
4623;49;174;8;land;false;forest;1
4624;49;174;63;land;false;hills;6
4625;49;174;213;land;false;hills;1
4626;49;177;28;land;false;plains;6
4627;49;177;178;land;false;forest;1
4628;49;180;93;land;false;hills;6
4629;49;180;143;land;false;plains;6
4630;176;51;167;land;true;forest;1
4631;49;183;58;land;false;plains;6
4632;174;150;7;land;false;mountain;6
4633;49;183;208;land;false;hills;6
4634;49;186;23;land;false;marsh;6
4635;135;69;154;land;false;plains;6
4636;49;186;173;land;false;plains;6
4637;49;189;88;land;false;hills;6
4638;49;189;138;land;false;forest;6
4639;49;189;193;land;false;jungle;6
4640;49;192;53;land;false;mountain;1
4641;49;192;158;land;false;plains;1
4642;49;195;18;land;false;jungle;6
4643;49;195;73;land;false;forest;6
4644;49;195;223;land;false;mountain;6
4645;131;135;69;land;false;hills;6
4646;49;198;83;land;true;plains;6
4647;150;235;245;land;false;hills;1
4648;172;171;7;land;false;mountain;1
4649;49;201;48;land;false;forest;6
4650;49;201;153;land;false;forest;1
4651;49;204;13;land;false;mountain;6
4652;49;204;68;land;true;plains;6
4653;49;204;218;land;false;hills;1
4654;49;207;33;land;false;plains;6
4655;49;207;183;land;false;plains;6
4656;49;210;98;land;false;hills;6
4657;49;210;148;land;false;plains;6
4658;135;69;4;land;false;hills;6
4659;50;0;18;land;false;hills;6
4660;50;0;73;land;false;plains;6
4661;50;0;223;land;false;plains;6
4662;50;0;232;sea;true;ocean;0
4663;50;2;240;sea;false;ocean;0
4664;50;3;38;land;true;mountain;1
4665;50;3;83;land;false;plains;6
4666;50;3;188;sea;true;ocean;0
4667;105;56;191;land;true;plains;1
4668;50;6;3;land;false;plains;6
4669;130;168;29;land;false;forest;6
4670;50;6;153;land;false;marsh;6
4671;50;6;236;sea;false;ocean;0
4672;170;171;42;land;false;forest;1
4673;174;147;97;land;false;plains;6
4674;50;9;68;land;false;plains;6
4675;50;9;218;land;false;forest;6
4676;170;39;212;land;false;plains;1
4677;50;12;33;land;false;plains;6
4678;50;12;183;land;false;forest;6
4679;174;147;42;land;true;plains;6
4680;50;15;98;land;false;plains;6
4681;50;15;148;land;false;plains;6
4682;131;180;99;land;false;plains;6
4683;169;138;167;land;false;hills;1
4684;133;123;19;land;false;mountain;1
4685;50;18;63;land;false;plains;6
4686;50;18;168;land;false;plains;6
4687;50;18;213;land;false;forest;6
4688;132;39;24;land;false;forest;6
4689;133;93;219;land;false;plains;6
4690;50;21;28;land;false;plains;6
4691;50;21;133;land;false;hills;1
4692;50;21;178;land;false;plains;6
4693;176;87;97;land;false;mountain;6
4694;173;141;57;land;false;forest;6
4695;50;24;93;land;true;plains;6
4696;50;24;143;land;false;mountain;6
4697;50;24;198;land;false;plains;6
4698;177;21;12;land;false;plains;6
4699;177;96;207;land;false;hills;6
4700;50;27;58;land;false;hills;6
4701;50;27;163;land;false;forest;6
4702;16;23;4;land;false;plains;6
4703;50;30;23;land;false;forest;6
4704;50;30;78;land;false;mountain;6
4705;131;168;39;land;false;hills;6
4706;50;30;244;sea;false;ocean;0
4707;50;31;232;sea;false;ocean;0
4708;136;96;149;land;true;plains;6
4709;50;33;43;land;false;hills;6
4710;50;33;88;land;false;plains;6
4711;50;33;193;land;false;plains;6
4712;171;165;172;land;false;plains;1
4713;176;102;77;land;false;forest;1
4714;50;36;8;land;false;hills;6
4715;134;165;144;land;false;forest;6
4716;50;36;158;land;false;forest;6
4717;168;33;217;land;false;plains;1
4718;175;99;57;land;false;forest;6
4719;50;39;73;land;false;forest;6
4720;50;39;223;land;false;plains;1
4721;168;33;67;land;false;marsh;1
4722;135;159;224;land;true;plains;6
4723;50;42;38;land;false;forest;6
4724;50;42;188;land;false;plains;6
4725;50;45;3;land;false;plains;6
4726;50;45;153;land;false;hills;6
4727;50;45;208;land;false;forest;6
4728;132;75;219;land;false;plains;6
4729;50;48;173;land;false;plains;6
4730;50;48;218;land;true;forest;6
4731;50;51;33;land;false;forest;6
4732;50;51;138;land;false;plains;6
4733;132;144;169;land;false;hills;6
4734;50;54;98;land;false;urban;6
4735;50;54;148;land;false;hills;6
4736;50;54;203;land;false;plains;6
4737;50;57;63;land;true;forest;6
4738;50;57;168;land;false;forest;1
4739;50;60;28;land;false;forest;6
4740;50;60;83;lake;false;lakes;0
4741;50;60;133;land;false;plains;6
4742;50;63;48;land;false;plains;6
4743;50;63;93;land;true;hills;6
4744;132;126;74;land;true;plains;6
4745;50;66;13;land;false;plains;6
4746;50;66;58;land;false;plains;6
4747;50;66;163;land;false;urban;6
4748;175;99;2;land;false;plains;6
4749;50;69;78;land;false;plains;6
4750;50;69;128;land;false;plains;6
4751;50;72;43;land;false;plains;6
4752;131;156;174;land;false;plains;1
4753;50;75;8;land;false;forest;6
4754;50;75;158;land;true;plains;6
4755;50;75;213;land;false;marsh;6
4756;50;78;73;land;false;hills;1
4757;50;78;178;land;false;forest;1
4758;50;78;223;land;true;plains;6
4759;50;81;38;land;false;mountain;1
4760;50;81;143;land;false;forest;6
4761;50;81;188;land;false;marsh;6
4762;50;84;3;land;false;forest;6
4763;135;66;189;land;false;mountain;6
4764;50;84;208;land;false;hills;6
4765;50;87;68;land;false;mountain;6
4766;50;87;173;land;false;plains;6
4767;50;90;33;land;false;plains;6
4768;50;90;88;land;false;plains;6
4769;50;90;138;land;false;plains;1
4770;50;93;53;land;false;hills;6
4771;50;93;98;land;false;hills;6
4772;50;93;203;land;false;mountain;1
4773;50;96;18;land;false;plains;6
4774;50;96;63;land;false;plains;6
4775;50;96;168;land;true;plains;1
4776;172;141;152;land;false;hills;1
4777;50;99;83;land;false;plains;6
4778;50;99;133;land;false;plains;6
4779;50;102;48;land;false;plains;6
4780;50;102;198;land;false;plains;6
4781;50;105;13;land;false;marsh;6
4782;50;105;163;land;false;plains;6
4783;50;105;218;land;false;plains;6
4784;50;108;78;land;false;forest;1
4785;50;108;128;land;false;forest;6
4786;50;108;183;land;false;forest;6
4787;50;111;43;land;false;forest;1
4788;50;111;148;land;false;plains;6
4789;50;111;193;land;false;plains;6
4790;50;114;8;land;false;hills;6
4791;175;6;227;land;false;hills;6
4792;50;114;213;land;false;plains;6
4793;50;117;73;land;false;plains;6
4794;50;117;178;land;false;forest;6
4795;50;120;38;land;true;plains;6
4796;50;120;93;land;false;plains;6
4797;50;120;143;land;false;forest;6
4798;50;123;3;land;false;hills;6
4799;50;123;58;land;false;forest;6
4800;50;123;208;land;false;plains;6
4801;50;126;23;land;false;forest;6
4802;50;126;68;land;true;plains;6
4803;50;126;173;land;false;plains;6
4804;175;96;142;land;false;hills;6
4805;50;129;88;land;false;plains;6
4806;50;129;138;land;false;plains;6
4807;50;132;53;land;false;hills;1
4808;50;132;203;land;false;plains;6
4809;50;135;18;land;false;forest;6
4810;131;156;129;land;false;plains;6
4811;50;135;223;sea;true;ocean;0
4812;50;138;83;land;false;plains;6
4813;50;138;133;land;true;forest;6
4814;50;138;188;land;false;plains;6
4815;50;141;48;land;false;plains;6
4816;50;141;153;land;false;plains;6
4817;50;141;198;land;false;mountain;6
4818;50;144;13;land;false;plains;6
4819;175;126;42;land;true;hills;1
4820;50;144;218;land;false;marsh;6
4821;50;147;78;land;false;plains;6
4822;50;147;128;land;false;plains;6
4823;134;111;219;land;false;plains;6
4824;50;150;43;land;false;forest;6
4825;50;150;98;land;false;plains;6
4826;50;150;148;land;false;plains;6
4827;50;153;8;land;false;forest;6
4828;50;153;63;land;false;plains;6
4829;50;153;213;land;false;plains;6
4830;50;156;28;land;false;forest;6
4831;50;156;73;land;false;plains;6
4832;50;156;178;land;false;forest;6
4833;50;159;38;land;false;hills;6
4834;50;159;93;land;true;plains;1
4835;50;159;143;land;false;plains;6
4836;174;144;32;land;true;forest;6
4837;50;162;58;land;false;forest;6
4838;50;162;208;land;false;plains;6
4839;50;165;23;land;false;hills;6
4840;50;165;173;land;false;plains;6
4841;50;168;88;land;false;hills;6
4842;50;168;138;land;false;plains;6
4843;50;168;193;land;false;hills;6
4844;50;171;53;land;false;plains;6
4845;50;171;158;land;false;forest;6
4846;50;171;203;land;false;plains;6
4847;50;174;18;land;false;plains;6
4848;50;174;168;land;false;hills;6
4849;50;174;223;land;true;hills;6
4850;50;177;83;land;false;plains;6
4851;50;177;133;land;false;plains;6
4852;50;177;188;land;false;plains;6
4853;50;180;48;land;false;plains;6
4854;50;180;153;land;false;forest;1
4855;50;183;13;land;false;forest;6
4856;50;183;68;land;false;plains;6
4857;50;183;218;land;false;mountain;6
4858;50;186;33;land;false;plains;6
4859;132;144;19;land;true;plains;6
4860;50;186;183;land;false;hills;6
4861;50;189;43;land;false;plains;1
4862;50;189;98;land;false;forest;6
4863;50;189;148;land;false;mountain;6
4864;173;87;77;land;false;jungle;1
4865;50;192;63;land;false;plains;6
4866;50;192;213;land;false;plains;6
4867;50;195;28;land;false;plains;6
4868;50;195;178;land;true;urban;6
4869;50;198;93;land;true;forest;1
4870;50;198;143;land;false;forest;6
4871;50;198;198;land;false;forest;6
4872;50;201;58;land;false;forest;6
4873;50;201;163;land;false;plains;6
4874;50;201;208;land;true;forest;6
4875;50;204;23;land;true;forest;1
4876;50;204;128;land;false;plains;6
4877;50;204;173;land;false;hills;6
4878;50;207;88;land;false;hills;6
4879;50;207;138;land;false;hills;6
4880;50;207;193;land;false;forest;6
4881;50;210;53;land;false;plains;6
4882;50;210;158;land;false;plains;6
4883;51;0;28;land;false;mountain;6
4884;51;0;178;land;false;forest;6
4885;51;0;236;sea;false;ocean;0
4886;51;2;244;sea;false;ocean;0
4887;51;3;93;land;false;plains;6
4888;51;3;143;land;false;plains;6
4889;51;3;198;land;false;forest;6
4890;51;4;232;sea;false;ocean;0
4891;51;6;58;land;false;forest;6
4892;51;6;163;land;false;plains;6
4893;51;6;208;land;false;plains;6
4894;168;132;227;land;false;plains;1
4895;133;24;54;land;false;hills;1
4896;51;9;23;land;false;marsh;6
4897;51;9;128;land;false;plains;6
4898;51;9;173;land;false;plains;6
4899;134;18;184;land;false;plains;6
4900;51;12;88;land;false;mountain;6
4901;51;12;138;land;true;plains;6
4902;131;36;154;land;false;plains;6
4903;51;15;53;land;false;plains;1
4904;51;15;158;land;false;plains;6
4905;174;198;57;land;false;plains;6
4906;169;138;62;land;false;hills;1
4907;133;120;204;land;true;plains;1
4908;51;18;18;land;false;forest;6
4909;51;18;73;land;true;forest;6
4910;51;18;223;land;false;forest;6
4911;135;30;49;land;false;forest;1
4912;133;108;39;land;false;plains;6
4913;51;21;38;land;true;plains;1
4914;51;21;83;land;false;hills;6
4915;51;21;188;land;false;forest;6
4916;176;87;52;land;false;hills;6
4917;173;138;197;land;false;hills;6
4918;51;24;3;land;false;hills;6
4919;51;24;48;land;false;plains;6
4920;51;24;153;land;false;jungle;1
4921;177;18;152;land;false;plains;6
4922;177;96;152;land;true;plains;6
4923;51;27;13;land;false;hills;6
4924;51;27;68;land;false;forest;6
4925;51;27;218;land;false;forest;6
4926;125;88;249;land;false;plains;1
4927;51;30;33;land;false;hills;6
4928;51;30;183;land;false;plains;1
4929;51;30;248;sea;false;ocean;0
4930;51;31;236;sea;false;ocean;0
4931;175;138;207;land;true;forest;6
4932;51;33;98;land;false;plains;6
4933;51;33;148;land;false;jungle;1
4934;131;45;99;land;false;forest;1
4935;171;165;67;land;false;plains;6
4936;176;99;217;land;false;forest;6
4937;51;36;63;land;false;hills;6
4938;51;36;168;land;false;forest;6
4939;51;36;213;land;false;forest;6
4940;168;33;12;land;false;hills;1
4941;51;39;28;land;false;forest;6
4942;51;39;133;land;false;hills;6
4943;51;39;178;land;true;plains;6
4944;170;3;72;land;false;forest;1
4945;134;45;224;land;false;plains;6
4946;51;42;93;land;false;plains;6
4947;51;42;143;land;false;forest;6
4948;178;6;42;land;false;forest;6
4949;51;45;58;land;false;plains;6
4950;130;153;49;land;false;plains;1
4951;51;48;23;land;false;forest;6
4952;51;48;78;land;false;plains;6
4953;51;48;128;land;false;plains;6
4954;51;51;43;land;true;forest;6
4955;51;51;88;land;false;plains;6
4956;51;51;193;land;false;plains;6
4957;51;54;8;land;false;plains;6
4958;51;54;53;land;false;plains;6
4959;51;54;158;land;false;forest;6
4960;51;57;18;land;false;forest;6
4961;51;57;73;land;true;plains;6
4962;51;57;223;land;false;plains;1
4963;51;60;38;land;false;hills;6
4964;51;60;188;land;false;forest;6
4965;51;63;3;land;false;forest;6
4966;51;63;153;land;true;plains;6
4967;173;168;147;land;false;forest;6
4968;51;66;68;land;true;plains;6
4969;51;66;173;land;false;plains;6
4970;51;66;218;land;false;plains;1
4971;51;69;33;land;false;plains;6
4972;51;69;138;land;false;plains;6
4973;51;69;183;land;false;hills;6
4974;51;72;98;land;true;plains;6
4975;51;72;148;land;false;plains;6
4976;51;72;203;land;false;forest;6
4977;51;75;63;land;false;forest;6
4978;51;75;168;land;false;plains;6
4979;51;78;28;land;false;plains;6
4980;51;78;83;land;true;plains;6
4981;51;78;133;land;false;hills;6
4982;134;51;154;land;false;forest;6
4983;51;81;93;land;false;plains;1
4984;51;81;198;land;false;plains;6
4985;51;84;13;land;true;plains;6
4986;51;84;58;land;false;forest;6
4987;51;84;163;land;false;hills;6
4988;51;87;23;land;false;hills;1
4989;51;87;78;land;true;hills;6
4990;51;87;128;land;false;plains;6
4991;51;90;43;land;false;plains;6
4992;51;90;193;land;false;plains;1
4993;51;93;8;land;false;forest;6
4994;51;93;158;land;false;plains;6
4995;51;93;213;land;false;hills;6
4996;51;96;73;land;false;plains;6
4997;51;96;178;sea;true;ocean;0
4998;51;96;223;land;false;forest;6
4999;51;99;38;land;false;forest;6
5000;51;99;143;land;false;hills;6
5001;51;99;188;land;false;mountain;1
5002;51;102;3;land;false;hills;6
5003;51;102;153;land;false;plains;6
5004;51;102;208;land;false;plains;1
5005;51;105;68;land;true;forest;6
5006;51;105;173;land;false;forest;6
5007;51;108;33;land;false;forest;6
5008;51;108;88;land;true;plains;6
5009;51;108;138;land;false;plains;6
5010;51;111;53;land;false;hills;6
5011;51;111;98;land;false;hills;6
5012;51;111;203;land;false;jungle;1
5013;51;114;18;land;false;urban;6
5014;51;114;63;land;false;jungle;6
5015;51;114;168;land;false;plains;6
5016;51;117;28;land;false;mountain;6
5017;51;117;83;land;true;hills;6
5018;51;117;133;land;false;plains;6
5019;51;120;48;land;false;plains;6
5020;51;120;198;land;false;hills;6
5021;51;123;13;land;false;plains;6
5022;51;123;163;land;false;forest;6
5023;168;51;207;land;false;plains;1
5024;51;126;78;land;false;forest;6
5025;51;126;128;land;false;plains;6
5026;51;126;183;land;false;mountain;6
5027;51;129;43;land;true;plains;6
5028;51;129;148;land;false;forest;6
5029;51;129;193;land;false;plains;6
5030;51;132;8;land;false;plains;6
5031;51;132;158;land;false;forest;6
5032;51;132;213;land;false;jungle;6
5033;51;135;73;land;false;hills;6
5034;51;135;178;land;true;forest;6
5035;51;138;38;land;false;plains;1
5036;51;138;93;land;false;forest;6
5037;51;138;143;land;false;forest;6
5038;51;141;3;land;false;plains;6
5039;51;141;58;land;true;hills;6
5040;51;141;208;land;false;hills;6
5041;51;144;23;land;true;forest;6
5042;51;144;68;land;false;plains;6
5043;51;144;173;land;false;forest;6
5044;51;147;33;land;false;forest;6
5045;51;147;88;land;false;hills;6
5046;51;147;138;land;false;jungle;1
5047;51;150;53;land;true;hills;6
5048;51;150;203;land;false;marsh;6
5049;51;153;18;land;false;plains;6
5050;51;153;168;land;false;plains;6
5051;51;153;223;land;true;jungle;6
5052;51;156;83;land;false;plains;6
5053;51;156;133;land;false;plains;1
5054;51;156;188;land;false;hills;6
5055;51;159;48;land;false;mountain;6
5056;51;159;153;land;false;hills;6
5057;51;159;198;land;false;hills;6
5058;51;162;13;land;true;plains;6
5059;51;162;163;land;false;hills;1
5060;51;162;218;land;false;hills;6
5061;51;165;78;land;false;hills;6
5062;51;165;128;land;false;plains;6
5063;51;165;183;land;false;plains;6
5064;51;168;43;land;false;forest;6
5065;51;168;98;land;false;hills;6
5066;51;168;148;land;false;forest;6
5067;51;171;8;land;false;forest;1
5068;51;171;63;land;false;plains;6
5069;51;171;213;land;true;plains;6
5070;51;174;28;land;false;hills;6
5071;51;174;73;land;false;plains;6
5072;51;174;178;land;false;hills;6
5073;51;177;38;land;false;plains;1
5074;51;177;93;land;false;forest;6
5075;51;177;143;land;false;forest;6
5076;51;180;3;land;false;plains;6
5077;51;180;58;land;true;forest;6
5078;51;180;208;land;false;forest;6
5079;51;183;23;land;false;mountain;6
5080;51;183;173;land;false;hills;6
5081;51;186;88;land;false;forest;6
5082;51;186;138;land;false;plains;6
5083;177;165;62;land;false;hills;6
5084;51;189;158;land;false;plains;6
5085;51;189;203;land;false;forest;1
5086;51;192;18;land;false;hills;6
5087;51;192;168;land;false;plains;6
5088;23;208;190;land;false;hills;6
5089;51;195;83;land;false;forest;1
5090;51;195;133;land;false;hills;1
5091;51;195;188;land;true;plains;6
5092;51;198;48;land;false;plains;6
5093;51;198;153;land;false;forest;6
5094;51;201;13;land;false;forest;6
5095;51;201;68;land;false;plains;1
5096;51;201;218;land;false;plains;6
5097;51;204;33;land;true;forest;6
5098;51;204;78;land;false;forest;6
5099;51;204;183;land;false;forest;6
5100;51;207;43;land;false;forest;6
5101;51;207;98;land;false;hills;6
5102;51;207;148;land;false;hills;6
5103;51;210;8;land;false;plains;1
5104;51;210;63;land;true;plains;6
5105;51;210;213;land;false;hills;6
5106;52;0;83;land;false;mountain;6
5107;52;0;133;land;false;forest;6
5108;52;0;240;sea;false;ocean;0
5109;52;2;248;sea;false;ocean;0
5110;52;3;48;land;false;forest;6
5111;52;4;236;sea;false;ocean;0
5112;52;6;13;land;false;hills;6
5113;168;156;52;land;false;forest;1
5114;135;207;219;land;false;plains;6
5115;52;9;78;land;false;hills;6
5116;175;189;72;land;false;plains;6
5117;52;12;43;land;false;hills;6
5118;52;12;148;land;false;plains;6
5119;52;12;248;sea;true;ocean;0
5120;52;15;8;land;true;plains;6
5121;52;15;213;land;false;forest;6
5122;174;195;197;land;false;plains;6
5123;133;162;224;land;false;forest;6
5124;133;120;54;land;true;plains;6
5125;176;48;202;land;false;hills;6
5126;135;30;4;land;false;forest;6
5127;133;105;179;land;false;mountain;6
5128;52;21;143;sea;false;ocean;0
5129;176;84;137;land;false;forest;1
5130;173;129;147;land;true;plains;6
5131;52;24;208;land;false;mountain;6
5132;177;18;47;land;false;plains;6
5133;177;96;2;land;false;plains;6
5134;174;141;67;land;true;plains;6
5135;135;66;39;land;false;forest;6
5136;131;33;144;land;false;hills;6
5137;70;69;118;land;false;forest;1
5138;175;153;187;land;true;plains;6
5139;52;30;138;land;false;hills;6
5140;52;30;232;sea;false;ocean;0
5141;52;31;240;sea;false;ocean;0
5142;136;93;184;land;false;hills;6
5143;52;33;53;lake;false;lakes;0
5144;171;162;207;land;false;forest;1
5145;172;36;7;land;false;plains;1
5146;52;36;18;land;false;hills;6
5147;168;30;152;land;false;plains;1
5148;52;39;83;land;true;plains;6
5149;169;33;227;land;false;plains;1
5150;135;159;169;land;false;plains;1
5151;52;42;48;land;false;forest;6
5152;52;42;153;lake;false;lakes;0
5153;52;45;13;land;false;hills;6
5154;52;45;218;land;false;hills;6
5155;52;48;183;land;false;hills;6
5156;52;51;148;land;false;plains;6
5157;52;52;52;land;false;plains;6
5158;52;54;213;land;false;marsh;6
5159;170;120;132;land;false;plains;1
5160;52;57;178;land;false;forest;6
5161;174;141;12;land;false;plains;6
5162;52;60;143;land;true;plains;6
5163;52;63;58;land;false;forest;6
5164;52;66;23;land;false;plains;6
5165;52;69;88;land;false;forest;6
5166;52;72;53;land;false;forest;6
5167;52;72;158;land;false;forest;6
5168;52;75;18;land;false;hills;6
5169;52;75;223;land;false;plains;6
5170;176;48;147;land;false;plains;6
5171;52;81;153;land;false;hills;6
5172;52;84;218;land;false;forest;6
5173;170;120;27;land;false;plains;1
5174;52;87;183;land;false;hills;6
5175;176;48;97;land;false;plains;6
5176;52;90;148;land;true;jungle;6
5177;52;93;63;land;false;hills;6
5178;52;96;28;land;false;forest;6
5179;52;99;93;land;true;forest;6
5180;52;102;58;land;false;forest;6
5181;174;195;142;land;false;hills;6
5182;52;105;23;land;false;plains;6
5183;131;156;24;land;false;plains;6
5184;52;108;193;land;false;forest;6
5185;52;111;158;sea;true;ocean;0
5186;52;114;223;land;false;hills;6
5187;174;195;92;land;true;hills;6
5188;52;117;188;land;true;urban;6
5189;52;120;3;land;false;plains;6
5190;52;120;153;land;true;plains;6
5191;52;123;68;land;false;plains;6
5192;52;126;33;land;false;hills;6
5193;52;129;98;land;false;plains;6
5194;52;132;63;land;false;plains;6
5195;175;123;182;land;false;plains;6
5196;52;135;28;land;false;plains;6
5197;175;153;82;land;true;plains;1
5198;174;138;152;land;false;plains;6
5199;52;141;163;land;false;forest;6
5200;52;144;128;land;false;forest;6
5201;170;117;212;land;false;plains;1
5202;52;147;193;land;false;plains;6
5203;52;150;8;land;false;plains;6
5204;52;150;158;land;false;plains;6
5205;52;153;73;land;false;forest;1
5206;172;201;162;land;true;plains;1
5207;175;189;17;land;false;plains;6
5208;52;162;68;land;false;plains;6
5209;170;117;167;land;false;mountain;1
5210;52;165;33;land;false;forest;6
5211;175;6;77;land;false;forest;6
5212;52;168;203;land;false;mountain;6
5213;52;171;168;land;false;forest;6
5214;52;174;133;land;true;plains;6
5215;170;117;62;land;false;plains;1
5216;52;177;198;land;false;plains;6
5217;52;180;13;land;false;hills;6
5218;52;180;163;land;false;hills;6
5219;52;183;78;land;false;hills;6
5220;52;183;128;land;false;mountain;6
5221;52;186;43;land;false;plains;6
5222;52;189;8;land;false;forest;6
5223;52;192;73;land;false;hills;6
5224;52;195;38;land;false;forest;6
5225;175;6;22;land;true;forest;1
5226;52;198;3;land;true;plains;6
5227;174;138;47;land;false;forest;6
5228;52;201;173;land;false;hills;6
5229;52;204;138;land;false;hills;6
5230;52;207;203;land;true;forest;6
5231;52;210;18;land;false;mountain;6
5232;52;210;168;land;false;plains;6
5233;53;0;244;sea;false;ocean;0
5234;53;2;232;sea;true;ocean;0
5235;53;4;240;sea;true;ocean;0
5236;23;43;239;land;false;plains;6
5237;168;30;47;land;false;plains;1
5238;170;39;62;land;false;hills;6
5239;131;207;39;land;true;mountain;6
5240;174;192;177;land;false;hills;6
5241;169;135;202;land;false;desert;1
5242;132;189;4;land;false;plains;1
5243;135;27;189;land;false;hills;6
5244;133;105;74;land;false;hills;6
5245;176;84;87;land;false;hills;6
5246;173;129;97;land;true;plains;6
5247;177;18;2;land;false;plains;6
5248;177;93;187;land;false;forest;6
5249;77;74;124;land;false;plains;1
5250;53;30;236;sea;true;ocean;0
5251;53;31;244;sea;false;ocean;0
5252;136;93;34;land;false;hills;6
5253;171;162;152;land;false;plains;1
5254;172;33;192;land;false;forest;6
5255;168;27;187;land;false;plains;1
5256;169;33;172;land;false;hills;6
5257;135;159;19;land;false;urban;6
5258;54;0;248;sea;false;ocean;0
5259;175;57;187;land;false;forest;6
5260;54;4;244;sea;false;ocean;0
5261;168;168;217;land;false;plains;1
5262;136;33;174;land;true;forest;6
5263;175;186;157;land;false;plains;1
5264;132;126;29;land;false;plains;1
5265;174;78;92;land;false;forest;6
5266;133;162;169;land;false;hills;1
5267;134;18;34;land;false;plains;6
5268;135;27;84;land;false;plains;6
5269;135;42;64;land;false;plains;6
5270;176;84;32;land;false;plains;6
5271;173;129;42;land;false;forest;6
5272;177;15;187;land;false;plains;6
5273;177;93;142;land;false;hills;6
5274;135;112;54;land;false;mountain;6
5275;54;30;240;sea;true;ocean;0
5276;54;31;248;sea;false;ocean;0
5277;136;90;219;land;false;forest;6
5278;171;162;2;land;false;plains;1
5279;172;66;162;land;false;marsh;1
5280;168;27;132;land;false;forest;1
5281;136;33;24;land;false;hills;6
5282;134;39;44;land;false;plains;6
5283;54;144;89;land;false;hills;1
5284;55;0;232;sea;false;ocean;0
5285;176;21;57;land;false;forest;6
5286;172;201;57;land;false;plains;1
5287;55;4;248;sea;true;ocean;0
5288;168;168;162;land;false;marsh;6
5289;136;30;209;sea;true;ocean;0
5290;170;39;7;land;false;forest;1
5291;55;12;240;land;false;forest;1
5292;174;78;37;land;false;jungle;6
5293;133;162;19;land;false;mountain;1
5294;135;45;29;land;false;forest;6
5295;135;27;39;land;false;plains;1
5296;133;93;164;land;false;forest;6
5297;176;81;172;land;false;plains;6
5298;173;126;182;land;false;forest;1
5299;174;69;192;land;true;plains;6
5300;94;194;59;land;false;mountain;1
5301;45;21;183;sea;true;ocean;0
5302;55;30;244;sea;false;ocean;0
5303;55;31;232;sea;true;ocean;0
5304;136;87;154;land;false;forest;6
5305;171;159;187;land;false;plains;1
5306;172;66;12;land;false;hills;1
5307;168;27;82;land;false;plains;1
5308;169;33;22;land;false;forest;1
5309;134;36;129;land;false;urban;6
5310;55;144;90;land;false;hills;6
5311;56;0;236;sea;false;ocean;0
5312;255;10;40;land;false;mountain;6
5313;56;4;232;sea;false;ocean;0
5314;168;168;12;land;false;hills;1
5315;168;51;162;land;false;plains;1
5316;175;186;52;land;false;jungle;6
5317;56;12;244;land;false;mountain;6
5318;174;135;187;land;true;plains;6
5319;133;159;204;land;false;plains;6
5320;170;36;147;land;false;urban;1
5321;135;24;224;land;false;hills;6
5322;133;0;34;land;false;hills;6
5323;176;81;67;land;false;forest;6
5324;173;126;77;land;false;hills;1
5325;177;15;82;land;false;plains;6
5326;224;48;237;land;false;plains;1
5327;131;177;184;land;true;plains;6
5328;56;30;248;sea;true;ocean;0
5329;56;31;236;sea;true;ocean;0
5330;136;84;189;land;false;plains;6
5331;171;156;222;land;false;hills;1
5332;176;99;162;land;false;plains;6
5333;168;24;222;land;false;hills;1
5334;175;168;62;land;true;plains;6
5335;134;36;79;land;false;plains;6
5336;57;0;240;sea;false;ocean;0
5337;57;2;248;sea;true;ocean;0
5338;57;4;236;sea;false;ocean;0
5339;171;3;27;land;false;marsh;1
5340;175;183;192;land;true;plains;6
5341;133;204;189;land;false;plains;6
5342;172;141;47;land;false;plains;1
5343;134;15;69;land;false;plains;6
5344;135;24;74;land;false;hills;6
5345;132;210;164;land;true;forest;6
5346;176;78;207;land;false;forest;1
5347;173;126;32;land;false;mountain;6
5348;177;201;147;land;true;plains;6
5349;177;114;197;land;false;plains;6
5350;91;20;246;land;false;plains;6
5351;57;30;232;sea;false;ocean;0
5352;57;31;240;sea;false;ocean;0
5353;136;138;169;land;false;marsh;6
5354;171;156;72;land;false;plains;1
5355;176;99;12;land;false;plains;6
5356;172;93;52;land;false;forest;1
5357;169;48;152;land;false;forest;1
5358;169;30;207;land;false;plains;1
5359;134;36;24;land;true;plains;6
5360;58;0;244;sea;false;ocean;0
5361;58;2;232;sea;true;ocean;0
5362;58;4;240;sea;true;ocean;0
5363;170;168;227;land;false;plains;1
5364;172;168;192;land;false;plains;1
5365;174;132;222;land;false;forest;6
5366;170;36;97;land;false;hills;1
5367;133;27;74;land;true;plains;6
5368;175;3;162;land;false;plains;1
5369;173;123;217;land;false;plains;1
5370;131;72;94;land;true;urban;6
5371;58;26;232;sea;false;ocean;0
5372;91;20;245;land;false;plains;6
5373;58;30;236;sea;false;ocean;0
5374;58;31;244;sea;false;ocean;0
5375;136;138;64;land;false;plains;6
5376;171;156;17;land;false;hills;1
5377;172;63;197;land;false;forest;1
5378;172;90;192;land;false;forest;1
5379;132;177;194;land;true;marsh;6
5380;168;51;57;land;true;plains;6
5381;134;33;164;land;false;plains;6
5382;59;0;248;sea;false;ocean;0
5383;132;168;199;land;false;plains;6
5384;59;4;244;sea;true;ocean;0
5385;168;132;77;land;true;plains;6
5386;175;123;77;land;false;mountain;1
5387;172;168;87;land;false;jungle;1
5388;59;12;236;sea;false;ocean;0
5389;173;69;87;land;false;hills;6
5390;170;36;42;land;false;plains;1
5391;135;24;19;land;false;plains;6
5392;133;93;14;land;false;hills;6
5393;175;57;37;land;false;hills;1
5394;171;0;167;land;false;plains;1
5395;177;39;162;land;false;urban;6
5396;131;70;112;land;false;forest;1
5397;92;20;247;land;false;plains;6
5398;59;30;240;sea;true;ocean;0
5399;59;31;248;sea;true;ocean;0
5400;136;135;99;land;true;forest;6
5401;131;96;14;land;false;jungle;1
5402;172;63;152;land;false;urban;1
5403;131;126;224;land;false;plains;6
5404;168;24;17;land;false;plains;6
5405;168;48;197;land;false;plains;1
5406;134;33;59;land;false;plains;6
5407;60;0;232;sea;false;ocean;0
5408;136;189;129;land;false;hills;6
5409;60;4;248;sea;false;ocean;0
5410;168;21;202;land;false;urban;1
5411;172;168;42;land;false;hills;1
5412;60;12;240;sea;true;ocean;0
5413;174;69;147;land;false;forest;6
5414;170;33;182;land;false;plains;1
5415;135;18;89;land;false;plains;6
5416;133;90;199;land;false;plains;1
5417;175;54;222;land;true;plains;6
5418;173;123;12;land;false;jungle;1
5419;177;12;222;land;false;plains;6
5420;209;106;30;land;false;mountain;1
5421;131;75;59;land;false;plains;6
5422;60;30;244;sea;true;ocean;0
5423;60;31;232;sea;true;ocean;0
5424;170;114;202;land;false;jungle;1
5425;171;153;157;land;false;plains;1
5426;172;63;47;land;false;plains;1
5427;215;195;115;land;false;plains;6
5428;169;48;47;land;false;marsh;1
5429;169;30;57;land;false;hills;6
5430;172;144;67;land;false;plains;6
5431;61;0;236;sea;false;ocean;0
5432;175;138;57;land;false;plains;6
5433;61;4;232;sea;false;ocean;0
5434;169;45;187;land;false;mountain;6
5435;173;69;32;land;false;hills;1
5436;61;12;244;land;false;hills;6
5437;174;75;177;land;false;mountain;6
5438;170;33;77;land;false;forest;6
5439;135;21;159;land;true;forest;6
5440;133;90;49;land;false;jungle;6
5441;174;192;132;land;false;plains;6
5442;173;120;152;land;false;forest;6
5443;177;39;57;land;false;plains;6
5444;118;100;141;land;false;hills;1
5445;98;36;200;sea;true;ocean;0
5446;61;30;248;sea;false;ocean;0
5447;61;31;236;sea;true;ocean;0
5448;170;114;147;land;false;forest;6
5449;171;153;52;land;false;plains;1
5450;172;60;187;land;false;plains;1
5451;169;45;132;land;false;forest;1
5452;168;48;142;land;false;mountain;1
5453;133;21;194;land;true;plains;6
5454;62;0;240;sea;true;ocean;0
5455;62;2;248;land;false;plains;1
5456;62;4;236;sea;false;ocean;0
5457;168;21;157;land;false;plains;1
5458;174;75;72;land;true;plains;6
5459;174;132;167;land;false;plains;6
5460;175;96;92;land;false;hills;6
5461;134;207;164;land;false;hills;1
5462;170;30;217;land;false;mountain;1
5463;133;87;134;land;false;forest;1
5464;175;54;177;land;false;forest;6
5465;176;0;152;land;false;plains;1
5466;173;120;47;land;false;jungle;1
5467;132;93;59;land;false;plains;6
5468;46;156;58;land;false;plains;1
5469;175;160;152;land;true;forest;1
5470;170;135;157;land;false;plains;1
5471;62;30;232;sea;false;ocean;0
5472;93;47;112;land;false;plains;1
5473;170;114;97;land;false;forest;6
5474;171;180;47;land;false;hills;1
5475;172;60;132;land;false;mountain;1
5476;169;45;82;land;false;hills;1
5477;169;30;2;land;false;plains;6
5478;134;30;199;land;false;plains;6
5479;63;0;244;sea;false;ocean;0
5480;93;96;119;land;false;forest;6
5481;131;33;189;land;false;hills;1
5482;170;168;77;land;true;jungle;1
5483;175;120;217;land;true;plains;1
5484;174;132;17;land;false;hills;6
5485;173;66;172;land;false;plains;6
5486;134;207;59;land;true;plains;1
5487;170;30;162;land;false;marsh;6
5488;133;36;219;land;false;plains;6
5489;170;6;92;land;false;marsh;1
5490;175;54;72;land;false;hills;6
5491;174;192;27;land;true;plains;6
5492;133;204;84;land;false;forest;1
5493;132;93;4;land;false;plains;6
5494;70;79;131;land;false;forest;1
5495;4;14;239;land;false;marsh;6
5496;170;135;52;land;false;plains;1
5497;177;180;137;land;false;plains;6
5498;63;31;244;sea;false;ocean;0
5499;170;111;182;land;false;hills;1
5500;171;153;7;land;false;plains;1
5501;172;60;82;land;false;hills;1
5502;169;42;222;land;false;plains;1
5503;169;27;142;land;false;plains;1
5504;133;21;89;land;false;hills;6
5505;64;0;248;sea;false;ocean;0
5506;175;51;212;land;false;mountain;6
5507;230;234;25;land;true;plains;6
5508;170;168;22;land;false;desert;1
5509;174;72;212;land;true;hills;6
5510;133;51;199;land;false;urban;6
5511;175;96;37;land;false;mountain;6
5512;134;204;199;land;false;forest;1
5513;175;183;137;land;false;mountain;6
5514;135;21;54;land;false;hills;6
5515;170;30;12;land;false;hills;1
5516;175;51;157;land;false;plains;6
5517;176;0;47;land;false;plains;6
5518;174;69;42;sea;false;ocean;0
5519;132;63;99;land;true;plains;6
5520;158;133;191;land;false;hills;1
5521;9;156;60;land;true;hills;1
5522;170;135;7;land;false;forest;1
5523;177;180;87;land;false;hills;6
5524;64;31;248;sea;false;ocean;0
5525;136;153;194;land;true;plains;6
5526;172;120;142;land;false;plains;1
5527;172;57;222;land;true;plains;1
5528;169;42;167;land;false;plains;1
5529;169;27;92;land;false;plains;1
5530;133;21;44;land;false;forest;6
5531;65;0;232;sea;false;ocean;0
5532;65;2;240;sea;true;ocean;0
5533;131;48;64;land;true;plains;1
5534;172;33;147;land;false;plains;6
5535;174;72;157;land;false;plains;1
5536;174;189;167;land;false;forest;1
5537;175;95;47;sea;true;ocean;0
5538;175;183;87;land;false;forest;1
5539;135;126;49;land;false;plains;6
5540;176;78;2;land;false;plains;6
5541;174;189;62;land;false;forest;6
5542;174;60;47;land;false;forest;6
5543;177;12;72;land;false;forest;6
5544;25;15;54;land;false;hills;1
5545;14;154;60;land;true;forest;1
5546;170;132;192;land;false;plains;6
5547;177;150;132;land;false;marsh;1
5548;65;31;232;sea;false;ocean;0
5549;217;136;117;land;false;hills;1
5550;134;111;164;land;false;forest;6
5551;172;57;167;land;false;forest;1
5552;168;21;52;land;false;plains;1
5553;169;27;37;land;false;hills;1
5554;135;207;69;land;false;forest;6
5555;66;0;236;sea;true;ocean;0
5556;169;42;17;land;false;plains;1
5557;177;81;227;land;false;plains;6
5558;172;30;227;land;false;plains;6
5559;173;66;67;land;true;plains;1
5560;174;186;202;land;false;mountain;1
5561;175;93;177;land;true;plains;6
5562;135;15;24;land;false;plains;6
5563;172;165;227;land;false;plains;1
5564;135;123;134;land;false;forest;6
5565;175;51;7;land;false;desert;1
5566;176;0;2;land;false;hills;1
5567;174;57;132;land;false;hills;6
5568;177;12;17;land;false;plains;6
5569;59;29;98;land;false;hills;1
5570;8;156;60;land;true;plains;1
5571;177;150;82;land;false;hills;6
5572;66;31;236;sea;false;ocean;0
5573;136;150;129;land;false;hills;6
5574;172;105;67;land;false;plains;6
5575;172;57;17;land;false;jungle;6
5576;168;18;192;land;false;forest;6
5577;169;24;177;land;false;plains;1
5578;135;207;14;land;false;hills;6
5579;67;0;240;sea;true;ocean;0
5580;67;2;248;sea;true;ocean;0
5581;101;33;178;land;false;plains;6
5582;172;54;52;land;false;hills;1
5583;172;165;77;land;false;plains;1
5584;176;45;182;land;false;plains;6
5585;175;93;72;land;true;jungle;6
5586;133;12;144;land;false;hills;1
5587;172;165;22;land;false;forest;1
5588;135;18;194;land;false;mountain;6
5589;135;123;84;land;false;forest;6
5590;175;48;192;land;true;plains;1
5591;174;186;147;land;true;plains;6
5592;174;57;82;land;false;hills;6
5593;177;9;157;land;false;forest;6
5594;80;45;58;land;false;forest;1
5595;65;156;142;land;false;plains;1
5596;170;132;87;land;false;plains;1
5597;177;147;222;land;false;hills;6
5598;88;39;205;land;false;mountain;1
5599;136;132;34;land;false;hills;6
5600;171;150;192;land;false;forest;6
5601;172;51;137;land;false;plains;1
5602;168;18;137;land;false;hills;1
5603;169;24;72;land;false;plains;1
5604;135;204;154;land;true;plains;1
5605;68;0;244;sea;true;ocean;0
5606;68;2;232;sea;false;ocean;0
5607;175;3;57;land;false;forest;6
5608;176;96;197;land;false;mountain;6
5609;173;66;22;land;false;hills;6
5610;176;45;137;land;false;plains;6
5611;170;27;197;land;false;forest;1
5612;132;36;14;land;false;plains;6
5613;172;162;162;land;false;hills;1
5614;132;33;199;land;false;plains;1
5615;135;123;29;land;false;mountain;6
5616;175;48;42;land;false;jungle;6
5617;174;186;97;land;false;plains;6
5618;135;63;224;land;false;plains;6
5619;177;9;52;land;true;plains;1
5620;44;142;142;land;false;jungle;1
5621;90;134;153;land;false;jungle;1
5622;170;132;42;land;false;jungle;1
5623;177;147;167;land;false;forest;6
5624;71;0;246;sea;false;ocean;0
5625;136;129;69;land;false;forest;6
5626;172;105;12;land;false;plains;1
5627;171;0;17;land;false;plains;1
5628;168;18;87;land;false;forest;1
5629;169;24;27;land;false;forest;1
5630;131;123;54;land;false;forest;1
5631;69;0;248;sea;false;ocean;0
5632;177;147;17;land;false;hills;6
5633;134;63;169;land;false;plains;6
5634;172;51;87;land;false;plains;1
5635;175;90;157;land;false;hills;6
5636;173;84;217;land;false;plains;6
5637;175;120;162;land;false;marsh;6
5638;133;159;54;land;false;plains;6
5639;172;162;57;land;false;forest;1
5640;132;33;94;land;false;forest;6
5641;135;120;169;land;false;plains;1
5642;175;45;227;land;false;forest;6
5643;175;210;177;land;false;plains;6
5644;133;51;94;land;false;plains;6
5645;132;63;54;land;false;forest;6
5646;56;51;14;land;false;plains;1
5647;91;134;153;land;false;jungle;1
5648;177;177;227;land;true;plains;6
5649;70;0;247;sea;false;ocean;0
5650;136;126;154;land;false;plains;6
5651;134;147;199;land;false;forest;6
5652;170;210;42;land;false;hills;1
5653;168;132;22;land;false;hills;6
5654;169;21;62;land;false;plains;1
5655;135;204;49;land;false;plains;6
5656;70;0;232;sea;true;ocean;0
5657;178;63;87;land;true;forest;6
5658;175;0;197;land;true;plains;6
5659;172;30;77;land;false;plains;1
5660;173;63;207;land;false;forest;6
5661;173;84;12;land;false;marsh;6
5662;175;90;7;land;false;mountain;1
5663;176;27;42;land;false;plains;6
5664;130;156;14;land;false;plains;1
5665;133;189;59;land;false;hills;6
5666;173;105;22;land;false;plains;6
5667;175;45;77;land;true;forest;1
5668;175;180;227;land;false;plains;6
5669;174;54;17;land;false;forest;6
5670;177;6;192;land;true;hills;6
5671;243;111;189;land;false;plains;1
5672;81;168;174;land;false;jungle;1
5673;70;30;244;sea;false;ocean;0
5674;72;0;245;sea;false;ocean;0
5675;132;33;49;land;false;plains;6
5676;134;147;154;land;false;plains;6
5677;172;51;32;land;false;forest;6
5678;168;129;162;land;false;hills;1
5679;169;21;7;land;false;forest;1
5680;135;201;189;land;false;plains;6
5681;71;0;236;sea;true;ocean;0
5682;178;60;22;land;true;plains;1
5683;134;63;64;land;false;forest;6
5684;71;6;240;sea;false;ocean;0
5685;173;39;132;land;false;forest;6
5686;173;102;207;land;false;plains;1
5687;71;12;244;sea;true;ocean;0
5688;175;87;192;land;false;mountain;6
5689;133;156;139;land;false;plains;6
5690;132;18;219;land;false;hills;6
5691;174;102;12;land;true;plains;6
5692;169;180;132;land;false;forest;1
5693;175;45;22;land;false;mountain;6
5694;133;51;49;land;false;forest;6
5695;170;27;152;land;false;plains;1
5696;177;6;137;land;false;hills;1
5697;50;47;25;land;false;plains;1
5698;131;184;231;land;false;jungle;1
5699;71;30;248;sea;false;ocean;0
5700;36;207;70;land;false;plains;1
5701;136;123;189;land;false;plains;6
5702;134;147;49;land;false;forest;6
5703;172;48;67;land;false;mountain;1
5704;168;129;57;land;true;plains;6
5705;170;90;172;land;false;jungle;1
5706;135;201;134;land;false;plains;6
5707;72;0;240;sea;false;ocean;0
5708;175;180;172;land;false;plains;6
5709;134;60;204;land;false;forest;6
5710;132;156;184;land;false;plains;6
5711;172;201;12;land;false;plains;1
5712;177;63;32;land;false;plains;6
5713;72;12;248;sea;true;ocean;0
5714;175;87;42;land;false;hills;1
5715;133;156;89;land;false;hills;6
5716;132;18;174;land;false;plains;6
5717;133;186;144;land;false;plains;6
5718;169;180;82;land;false;plains;1
5719;175;42;162;land;false;plains;6
5720;174;183;32;land;false;mountain;6
5721;174;51;97;land;true;jungle;6
5722;177;6;87;land;false;plains;6
5723;44;136;101;land;false;forest;1
5724;131;204;224;land;true;plains;6
5725;177;177;172;land;false;plains;6
5726;72;31;240;sea;false;ocean;0
5727;136;123;39;land;false;mountain;6
5728;172;102;152;land;false;hills;1
5729;168;153;137;land;false;hills;1
5730;168;129;12;land;false;plains;1
5731;170;90;22;land;false;hills;1
5732;172;180;152;land;false;mountain;1
5733;73;0;244;sea;false;ocean;0
5734;178;57;57;land;false;forest;6
5735;174;99;152;land;false;plains;6
5736;23;237;101;land;false;hills;6
5737;132;156;79;land;false;hills;6
5738;176;201;192;land;true;forest;1
5739;175;210;27;land;true;plains;1
5740;73;12;232;sea;false;ocean;0
5741;173;63;57;land;false;hills;6
5742;130;192;4;land;false;plains;1
5743;133;12;94;land;false;forest;1
5744;133;186;94;land;false;mountain;1
5745;135;120;64;land;true;forest;6
5746;174;180;217;land;false;mountain;6
5747;174;51;52;land;false;hills;1
5748;172;108;32;land;true;plains;1
5749;190;182;130;land;false;plains;1
5750;1;183;156;land;false;plains;6
5751;73;30;236;sea;false;ocean;0
5752;73;31;244;sea;false;ocean;0
5753;136;120;224;land;false;forest;6
5754;134;165;94;land;false;forest;6
5755;172;48;22;land;false;forest;6
5756;168;126;197;land;false;hills;1
5757;169;39;202;land;false;forest;1
5758;136;21;214;land;false;plains;6
5759;74;0;248;sea;false;ocean;0
5760;156;215;117;land;false;mountain;1
5761;134;60;99;land;false;plains;6
5762;169;39;157;land;false;plains;6
5763;173;21;187;land;false;hills;6
5764;175;207;212;land;false;hills;1
5765;74;12;236;sea;true;ocean;0
5766;173;63;2;land;false;mountain;1
5767;169;132;32;land;false;mountain;1
5768;133;9;179;land;true;forest;1
5769;133;183;179;land;false;forest;6
5770;169;180;27;land;false;forest;1
5771;175;0;142;land;false;plains;6
5772;172;117;177;land;false;plains;1
5773;132;186;189;land;false;plains;6
5774;51;47;25;land;false;forest;1
5775;105;84;65;land;false;forest;6
5776;170;111;32;land;false;hills;6
5777;74;30;240;sea;true;ocean;0
5778;74;31;248;sea;true;ocean;0
5779;136;81;224;land;false;plains;6
5780;134;144;189;land;false;hills;6
5781;170;207;227;land;true;jungle;1
5782;172;90;137;land;false;plains;1
5783;168;126;92;land;true;plains;6
5784;169;39;52;land;false;mountain;1
5785;136;21;9;land;true;urban;6
5786;75;0;232;sea;true;ocean;0
5787;170;27;47;land;true;plains;1
5788;134;57;184;land;false;hills;6
5789;169;36;192;land;false;desert;1
5790;173;21;142;land;false;forest;6
5791;175;207;167;land;false;hills;6
5792;75;12;240;sea;true;ocean;0
5793;173;60;142;land;true;plains;6
5794;133;153;174;land;false;plains;6
5795;172;147;32;land;false;plains;1
5796;134;204;144;land;true;plains;6
5797;135;120;19;land;false;hills;6
5798;174;180;67;land;false;mountain;6
5799;174;48;87;sea;false;ocean;0
5800;33;37;54;land;false;plains;1
5801;104;84;65;land;false;hills;6
5802;170;129;227;land;false;plains;1
5803;75;30;244;sea;true;ocean;0
5804;75;31;232;sea;false;ocean;0
5805;136;81;19;land;false;hills;6
5806;134;144;134;land;false;forest;6
5807;168;153;87;land;false;plains;1
5808;172;90;87;land;false;jungle;6
5809;168;126;47;land;false;marsh;1
5810;170;87;207;land;false;plains;1
5811;168;123;132;land;false;plains;1
5812;76;0;236;sea;true;ocean;0
5813;169;17;19;land;false;forest;1
5814;134;57;139;land;false;forest;6
5815;169;36;137;land;false;forest;1
5816;131;102;149;land;false;plains;6
5817;174;180;12;land;true;plains;6
5818;76;12;244;sea;false;ocean;0
5819;173;60;92;land;true;plains;6
5820;134;189;69;land;false;plains;6
5821;133;9;29;land;false;plains;6
5822;134;204;94;land;false;plains;1
5823;169;177;167;land;false;plains;1
5824;168;78;202;land;false;plains;1
5825;174;48;32;land;false;jungle;6
5826;33;37;53;land;false;plains;1
5827;165;206;141;land;false;forest;6
5828;170;108;217;land;false;desert;1
5829;76;30;248;sea;false;ocean;0
5830;76;31;236;sea;true;ocean;0
5831;170;93;137;land;false;hills;1
5832;134;132;24;land;false;forest;6
5833;168;150;172;land;true;plains;1
5834;172;87;227;land;false;plains;1
5835;168;123;82;lake;false;lakes;0
5836;170;87;162;land;false;plains;1
5837;168;120;167;land;false;plains;6
5838;77;0;240;sea;true;ocean;0
5839;213;57;164;land;false;hills;6
5840;134;57;34;land;false;forest;6
5841;169;18;147;land;false;plains;1
5842;135;63;74;land;false;hills;6
5843;174;177;47;land;false;mountain;6
5844;174;177;2;land;false;mountain;6
5845;77;12;248;sea;true;ocean;0
5846;173;60;37;land;false;plains;6
5847;169;129;172;land;false;plains;1
5848;172;183;172;land;true;plains;6
5849;133;183;29;land;false;forest;6
5850;169;177;62;land;false;mountain;6
5851;174;45;172;land;false;mountain;6
5852;81;140;187;land;false;hills;1
5853;22;28;11;land;false;plains;6
5854;170;129;77;land;false;hills;1
5855;177;177;22;land;false;urban;6
5856;172;177;187;land;false;plains;1
5857;136;78;54;land;true;hills;6
5858;176;159;22;land;false;forest;6
5859;168;150;67;land;true;plains;6
5860;172;87;172;land;false;plains;1
5861;168;120;62;land;false;hills;1
5862;170;87;57;land;false;plains;1
5863;77;40;236;sea;false;ocean;0
5864;78;0;244;sea;true;ocean;0
5865;177;93;37;land;false;forest;6
5866;134;78;194;land;false;plains;6
5867;169;18;97;land;false;plains;1
5868;130;180;89;land;false;plains;1
5869;171;69;172;land;true;plains;1
5870;173;57;177;land;false;plains;6
5871;133;180;214;land;true;plains;1
5872;133;180;64;land;false;jungle;6
5873;169;177;17;land;false;plains;6
5874;173;168;97;land;false;forest;6
5875;173;117;187;land;false;plains;6
5876;133;27;224;land;false;mountain;1
5877;136;112;191;land;false;mountain;1
5878;195;158;127;land;false;plains;1
5879;168;78;147;land;false;forest;1
5880;78;30;236;sea;false;ocean;0
5881;78;31;244;sea;true;ocean;0
5882;171;150;87;land;false;plains;1
5883;136;75;89;land;false;hills;6
5884;176;156;207;land;false;plains;6
5885;168;147;207;land;false;forest;1
5886;172;87;22;land;true;plains;1
5887;168;117;202;land;true;plains;1
5888;170;84;197;land;false;marsh;1
5889;78;40;240;sea;false;ocean;0
5890;79;0;248;sea;true;ocean;0
5891;177;114;47;land;false;plains;6
5892;134;78;44;land;false;plains;6
5893;170;84;142;land;false;hills;1
5894;135;108;4;land;false;plains;6
5895;171;69;22;land;true;forest;1
5896;173;57;72;land;false;hills;6
5897;134;189;14;land;false;hills;6
5898;133;180;9;land;false;forest;1
5899;173;48;77;land;false;forest;6
5900;169;174;202;land;false;plains;1
5901;173;138;142;land;false;plains;1
5902;63;136;3;land;true;forest;1
5903;170;129;22;land;false;forest;6
5904;79;30;240;sea;true;ocean;0
5905;79;31;248;sea;true;ocean;0
5906;175;168;7;land;false;hills;1
5907;176;156;57;land;false;plains;6
5908;168;147;152;land;true;forest;1
5909;172;84;207;land;true;plains;1
5910;168;117;147;land;false;plains;1
5911;170;84;92;land;false;mountain;1
5912;79;40;244;sea;false;ocean;0
5913;80;0;232;sea;true;ocean;0
5914;131;72;144;land;false;forest;6
5915;134;75;129;land;false;plains;6
5916;170;81;177;land;false;plains;6
5917;173;18;222;land;true;plains;1
5918;36;108;146;sea;false;ocean;0
5919;173;54;212;land;false;plains;6
5920;134;186;154;land;false;hills;1
5921;133;177;149;land;true;hills;1
5922;132;30;84;land;false;plains;6
5923;169;174;97;land;false;plains;1
5924;173;138;92;land;false;forest;6
5925;44;88;248;land;true;forest;1
5926;168;78;97;land;true;plains;6
5927;80;30;244;sea;true;ocean;0
5928;80;31;232;sea;true;ocean;0
5929;80;31;240;sea;false;ocean;0
5930;136;69;59;land;false;hills;6
5931;176;156;2;land;false;forest;6
5932;168;165;197;land;false;plains;1
5933;172;84;57;land;true;plains;1
5934;168;117;97;land;false;plains;1
5935;169;18;42;land;false;plains;6
5936;177;3;227;land;false;hills;6
5937;81;0;236;sea;false;ocean;0
5938;133;138;149;land;false;hills;6
5939;172;84;2;land;false;hills;6
5940;170;81;27;land;false;plains;1
5941;135;105;189;land;false;mountain;1
5942;171;66;207;land;false;plains;1
5943;173;54;157;land;false;plains;6
5944;134;186;49;land;false;plains;6
5945;133;177;99;land;false;forest;6
5946;172;147;182;land;false;forest;1
5947;135;63;19;land;false;forest;6
5948;173;135;27;land;true;plains;6
5949;51;72;113;land;false;hills;1
5950;123;247;9;land;true;plains;1
5951;168;75;182;land;true;urban;6
5952;81;30;248;sea;false;ocean;0
5953;81;31;236;sea;true;ocean;0
5954;136;186;164;land;true;plains;6
5955;176;153;142;land;false;forest;6
5956;168;165;47;land;false;plains;1
5957;172;81;92;land;false;plains;6
5958;168;147;2;land;false;plains;6
5959;170;78;7;land;false;forest;6
5960;135;117;204;land;false;hills;6
5961;82;0;240;sea;false;ocean;0
5962;135;105;144;land;false;jungle;6
5963;134;75;79;land;false;forest;1
5964;176;18;197;land;false;plains;6
5965;174;102;217;land;false;forest;6
5966;171;66;57;land;false;forest;1
5967;172;159;197;land;false;marsh;6
5968;134;183;189;land;false;plains;6
5969;133;177;44;land;false;plains;6
5970;132;15;209;land;false;plains;6
5971;174;3;207;land;false;forest;6
5972;174;24;12;land;false;plains;6
5973;51;72;114;land;false;plains;1
5974;246;193;106;land;true;plains;1
5975;168;75;32;land;false;hills;1
5976;82;30;232;sea;false;ocean;0
5977;82;31;240;sea;false;ocean;0
5978;136;183;199;land;true;plains;6
5979;176;153;92;land;false;urban;1
5980;168;144;187;land;false;marsh;1
5981;172;81;37;land;false;marsh;1
5982;170;207;182;land;false;plains;1
5983;170;75;97;land;false;mountain;6
5984;135;117;99;land;false;plains;6
5985;83;0;244;sea;false;ocean;0
5986;134;75;24;land;false;plains;6
5987;136;162;39;land;false;forest;6
5988;133;138;44;land;false;plains;1
5989;83;14;232;sea;false;ocean;0
5990;172;159;92;land;false;hills;6
5991;134;183;134;land;false;plains;6
5992;133;174;184;land;false;plains;1
5993;133;81;99;land;false;jungle;6
5994;174;3;152;land;false;marsh;6
5995;172;156;132;land;false;plains;1
5996;79;102;129;land;false;forest;1
5997;210;188;132;land;true;forest;6
5998;168;72;217;land;false;forest;6
5999;83;30;236;sea;false;ocean;0
6000;83;31;244;sea;false;ocean;0
6001;170;93;87;land;false;jungle;1
6002;173;18;177;land;false;plains;6
6003;168;144;142;land;false;forest;1
6004;172;78;72;land;false;mountain;1
6005;172;45;207;land;false;plains;1
6006;170;75;42;land;false;jungle;1
6007;135;117;54;land;true;hills;1
6008;84;0;26;land;false;plains;6
6009;84;0;71;land;false;plains;1
6010;84;0;176;land;false;plains;1
6011;84;0;248;sea;false;ocean;0
6012;84;3;36;land;false;hills;1
6013;84;3;141;land;false;plains;1
6014;134;72;164;land;false;forest;6
6015;84;6;1;land;true;plains;1
6016;84;6;56;land;false;plains;6
6017;84;6;206;land;true;plains;6
6018;170;72;32;land;false;forest;6
6019;134;183;84;land;false;plains;6
6020;84;9;21;land;false;hills;6
6021;84;9;171;land;true;plains;6
6022;84;9;226;land;false;plains;1
6023;84;12;86;land;false;plains;1
6024;84;12;136;land;false;plains;1
6025;84;12;191;land;false;forest;6
6026;171;66;2;land;false;plains;1
6027;84;15;51;land;false;plains;6
6028;84;15;156;land;true;forest;1
6029;84;15;201;land;true;plains;6
6030;172;156;27;land;false;forest;6
6031;134;180;224;land;false;plains;6
6032;135;12;209;land;false;plains;6
6033;84;18;16;land;false;hills;1
6034;84;18;166;land;false;plains;6
6035;84;18;221;land;false;plains;1
6036;133;6;64;land;false;plains;6
6037;170;24;187;land;false;marsh;1
6038;84;21;81;land;false;plains;1
6039;84;21;131;land;false;plains;6
6040;84;21;186;sea;true;ocean;0
6041;84;24;46;land;false;plains;1
6042;84;24;151;land;false;plains;1
6043;176;75;187;land;false;hills;6
6044;47;68;55;land;false;forest;1
6045;84;27;11;land;false;plains;1
6046;84;27;66;land;false;forest;1
6047;84;27;216;land;false;forest;1
6048;16;175;68;land;false;forest;6
6049;84;29;232;sea;false;ocean;0
6050;84;30;31;land;false;forest;1
6051;84;30;76;land;false;plains;6
6052;84;30;181;land;false;forest;1
6053;84;30;240;sea;false;ocean;0
6054;135;144;94;land;false;hills;6
6055;84;33;41;land;false;plains;1
6056;84;33;96;land;false;plains;6
6057;84;33;146;land;true;hills;1
6058;134;165;39;land;false;hills;6
6059;176;150;177;land;false;plains;6
6060;168;144;37;land;true;forest;1
6061;84;36;6;land;true;plains;1
6062;84;36;61;land;false;plains;1
6063;84;36;211;land;false;plains;1
6064;171;24;142;land;false;forest;1
6065;172;45;57;land;true;plains;1
6066;84;39;26;land;false;plains;1
6067;84;39;176;land;false;hills;1
6068;170;69;217;land;false;plains;1
6069;174;174;82;land;false;mountain;6
6070;84;42;91;land;true;plains;1
6071;84;42;141;land;false;forest;1
6072;84;42;196;land;false;desert;1
6073;84;45;56;land;false;hills;1
6074;84;45;206;land;false;hills;1
6075;84;48;21;land;true;plains;6
6076;84;48;171;land;false;plains;1
6077;84;48;226;land;false;plains;6
6078;84;51;86;land;false;hills;1
6079;84;51;136;land;true;plains;1
6080;84;51;191;land;false;desert;1
6081;84;54;51;land;false;plains;1
6082;84;54;156;land;false;hills;1
6083;84;57;16;land;false;plains;1
6084;84;57;71;land;true;forest;1
6085;84;57;221;land;false;forest;6
6086;84;60;36;land;false;forest;1
6087;84;60;81;land;false;marsh;1
6088;84;60;186;land;false;plains;6
6089;84;63;1;land;false;forest;1
6090;84;63;46;land;false;plains;6
6091;84;63;151;land;true;plains;6
6092;84;66;11;land;false;hills;1
6093;84;66;66;land;false;mountain;1
6094;84;66;216;land;true;mountain;6
6095;84;69;31;land;false;hills;1
6096;84;69;181;land;false;plains;6
6097;84;72;96;land;false;plains;6
6098;84;72;146;land;false;mountain;1
6099;84;72;201;land;false;plains;1
6100;84;75;61;land;false;plains;6
6101;84;75;166;land;false;plains;6
6102;84;75;211;land;false;forest;6
6103;84;78;26;land;false;forest;1
6104;84;78;131;land;false;plains;1
6105;84;78;176;land;false;plains;6
6106;84;81;91;land;false;forest;1
6107;84;81;141;land;false;forest;1
6108;84;81;196;land;false;plains;1
6109;84;84;56;land;false;plains;6
6110;84;84;161;land;false;forest;6
6111;84;87;21;land;false;plains;1
6112;84;87;226;land;true;plains;6
6113;84;90;41;land;false;forest;1
6114;84;90;191;land;false;plains;1
6115;84;93;6;land;false;forest;1
6116;84;93;156;land;false;hills;1
6117;84;96;16;land;false;hills;6
6118;84;96;221;land;false;plains;1
6119;84;99;36;land;true;plains;6
6120;84;99;186;land;false;plains;1
6121;84;102;1;land;false;hills;6
6122;84;102;206;land;true;plains;1
6123;84;105;66;land;false;hills;1
6124;84;105;171;land;false;forest;1
6125;84;105;216;land;false;plains;1
6126;84;108;31;land;false;plains;1
6127;84;108;136;land;false;plains;1
6128;84;108;181;land;false;forest;1
6129;84;111;96;land;false;plains;1
6130;84;111;146;land;false;plains;1
6131;84;111;201;land;false;plains;1
6132;84;114;61;land;false;plains;1
6133;84;114;166;land;true;plains;1
6134;84;117;26;land;false;forest;1
6135;84;117;81;land;false;plains;6
6136;84;117;131;land;false;plains;1
6137;84;120;91;land;false;marsh;1
6138;84;120;196;land;false;marsh;1
6139;84;123;11;land;false;forest;1
6140;84;123;56;land;true;plains;6
6141;84;123;161;land;false;hills;1
6142;84;126;21;land;false;hills;1
6143;84;126;76;land;true;plains;6
6144;84;126;226;land;false;plains;1
6145;84;129;41;land;false;desert;1
6146;84;129;191;land;false;forest;1
6147;84;132;6;land;false;mountain;1
6148;84;132;156;land;false;forest;1
6149;84;132;211;land;false;forest;1
6150;84;135;71;land;false;plains;1
6151;84;135;176;land;false;desert;1
6152;84;135;221;land;false;hills;1
6153;84;138;36;land;false;plains;6
6154;84;138;141;land;false;hills;1
6155;84;138;186;land;false;plains;1
6156;84;141;1;land;false;mountain;1
6157;84;141;151;land;false;urban;6
6158;84;141;206;land;false;plains;1
6159;84;144;66;land;true;plains;6
6160;84;144;171;land;false;mountain;1
6161;84;147;31;land;false;plains;1
6162;84;147;86;land;false;forest;6
6163;84;147;136;land;false;hills;1
6164;84;150;51;land;false;plains;1
6165;84;150;96;land;false;plains;1
6166;84;150;201;land;true;urban;6
6167;84;153;16;land;false;plains;6
6168;84;153;61;land;false;mountain;1
6169;84;153;166;land;false;hills;1
6170;84;156;26;land;false;hills;1
6171;84;156;81;land;false;forest;1
6172;84;156;131;land;false;mountain;1
6173;84;159;196;land;false;plains;1
6174;84;162;11;land;false;plains;1
6175;84;162;161;land;false;plains;1
6176;84;162;216;land;false;plains;1
6177;84;165;76;land;true;plains;6
6178;84;165;181;land;false;plains;1
6179;84;165;226;land;false;marsh;1
6180;84;168;146;land;false;forest;1
6181;84;168;191;land;true;plains;6
6182;84;171;6;land;false;forest;6
6183;84;171;156;land;false;hills;1
6184;84;171;211;land;false;desert;1
6185;84;174;71;land;false;plains;1
6186;84;174;176;land;false;forest;1
6187;84;177;36;land;false;plains;1
6188;84;177;91;land;false;hills;1
6189;84;177;141;land;true;plains;6
6190;84;180;206;land;true;plains;6
6191;84;183;21;land;false;plains;1
6192;84;183;66;land;false;plains;6
6193;84;183;171;land;false;hills;6
6194;84;186;31;land;true;plains;6
6195;84;186;86;land;false;forest;1
6196;84;186;136;land;false;mountain;6
6197;84;189;51;land;false;plains;1
6198;84;189;201;land;false;hills;1
6199;84;192;16;land;false;forest;6
6200;84;192;166;land;false;plains;1
6201;84;192;221;land;false;hills;1
6202;84;195;81;land;true;plains;6
6203;84;195;186;land;true;plains;1
6204;84;198;46;land;false;plains;1
6205;84;198;151;land;false;plains;1
6206;84;198;196;land;false;marsh;1
6207;84;201;11;land;false;plains;1
6208;84;201;161;land;false;plains;1
6209;84;201;216;land;false;forest;1
6210;84;204;76;land;true;forest;1
6211;84;204;181;land;false;hills;6
6212;84;207;41;land;false;mountain;1
6213;84;207;146;land;true;plains;1
6214;84;210;6;land;false;forest;1
6215;84;210;61;land;false;plains;6
6216;84;210;211;land;false;plains;1
6217;85;0;131;land;false;hills;6
6218;85;0;186;land;false;plains;1
6219;85;0;232;sea;true;ocean;0
6220;85;3;46;land;false;plains;1
6221;85;3;151;land;false;plains;1
6222;85;3;196;land;false;plains;1
6223;134;72;59;land;false;hills;6
6224;85;6;11;land;false;mountain;6
6225;85;6;161;land;false;plains;1
6226;85;6;216;land;true;plains;6
6227;131;93;199;land;false;plains;6
6228;134;180;169;land;false;hills;6
6229;85;9;76;land;false;plains;1
6230;85;9;181;land;false;plains;1
6231;85;12;41;land;false;plains;1
6232;85;12;96;land;false;plains;1
6233;85;12;146;land;false;plains;1
6234;85;14;240;sea;true;ocean;0
6235;85;15;6;land;false;plains;1
6236;85;15;61;land;false;plains;1
6237;85;15;211;land;false;plains;1
6238;172;153;212;land;false;forest;1
6239;134;180;19;land;false;forest;6
6240;134;201;179;land;false;plains;6
6241;85;18;26;land;false;jungle;1
6242;85;18;71;land;false;plains;1
6243;85;18;176;land;false;mountain;1
6244;169;174;52;land;true;plains;1
6245;85;21;36;land;true;plains;1
6246;85;21;141;land;false;mountain;6
6247;85;24;1;land;false;forest;6
6248;85;24;56;land;false;plains;1
6249;85;24;206;land;false;plains;6
6250;176;75;142;land;false;plains;6
6251;69;28;37;land;false;plains;1
6252;85;27;21;land;false;forest;1
6253;85;27;171;land;false;hills;1
6254;85;27;226;land;false;hills;1
6255;99;198;151;land;false;hills;6
6256;131;120;139;land;true;plains;1
6257;85;30;86;land;false;plains;1
6258;85;30;136;land;false;mountain;1
6259;85;30;191;land;false;plains;1
6260;85;30;244;sea;false;ocean;0
6261;135;144;39;land;false;forest;6
6262;85;33;51;land;false;forest;1
6263;85;33;156;land;false;plains;1
6264;85;33;201;land;false;forest;1
6265;134;111;14;land;false;plains;6
6266;176;150;72;land;false;plains;6
6267;168;141;222;land;false;plains;1
6268;85;36;16;land;false;hills;1
6269;85;36;166;land;false;hills;1
6270;85;36;221;land;false;forest;1
6271;171;24;92;land;true;forest;1
6272;172;27;217;land;false;plains;6
6273;85;39;81;land;false;mountain;1
6274;85;39;131;land;false;forest;6
6275;85;39;186;land;true;plains;6
6276;170;69;12;land;false;plains;1
6277;174;174;37;land;false;forest;6
6278;85;42;46;land;false;hills;6
6279;85;42;151;land;false;plains;1
6280;85;45;66;land;false;forest;1
6281;85;45;216;land;false;plains;1
6282;85;48;31;land;false;plains;1
6283;85;48;76;land;false;hills;1
6284;85;48;181;land;false;plains;1
6285;85;51;41;land;false;mountain;6
6286;85;51;96;land;false;jungle;1
6287;85;51;146;land;true;jungle;1
6288;85;54;6;land;false;forest;6
6289;85;54;61;land;true;forest;1
6290;85;54;211;land;false;plains;1
6291;85;57;26;land;false;forest;1
6292;85;60;91;land;false;plains;1
6293;85;60;141;land;false;marsh;1
6294;85;63;56;land;false;hills;6
6295;85;63;206;land;false;forest;1
6296;85;66;21;land;false;plains;1
6297;85;66;171;land;false;hills;6
6298;85;66;226;land;false;plains;1
6299;85;69;86;land;false;plains;1
6300;85;69;136;land;false;plains;1
6301;85;69;191;land;false;forest;1
6302;85;72;156;land;false;forest;6
6303;85;75;16;land;false;forest;1
6304;85;75;71;land;false;forest;1
6305;85;75;221;land;false;plains;1
6306;85;78;36;land;false;desert;1
6307;85;78;81;land;true;plains;6
6308;85;78;186;land;false;mountain;6
6309;85;81;1;land;false;hills;1
6310;85;81;46;land;false;plains;1
6311;85;84;11;land;true;plains;1
6312;85;84;216;land;false;plains;1
6313;85;87;31;land;false;plains;1
6314;85;87;181;land;false;plains;1
6315;85;90;96;land;false;mountain;1
6316;85;90;146;land;false;plains;1
6317;85;90;201;land;false;hills;1
6318;85;93;61;land;false;plains;1
6319;85;93;166;land;false;plains;1
6320;85;93;211;land;false;plains;1
6321;85;96;131;land;false;plains;1
6322;85;96;176;land;false;mountain;1
6323;85;99;91;land;false;mountain;6
6324;85;99;141;land;false;plains;1
6325;85;99;196;land;false;plains;1
6326;85;102;56;land;false;plains;1
6327;85;105;21;land;false;plains;1
6328;85;105;76;land;false;plains;6
6329;85;105;226;land;false;plains;1
6330;85;108;41;land;false;forest;1
6331;85;108;86;land;false;forest;1
6332;85;108;191;land;false;plains;1
6333;85;111;156;land;false;forest;1
6334;85;114;71;land;false;plains;1
6335;85;114;221;land;false;hills;1
6336;85;117;36;land;false;jungle;1
6337;85;120;1;land;false;plains;6
6338;85;120;151;land;false;forest;6
6339;85;120;206;land;true;marsh;6
6340;85;123;66;land;false;plains;1
6341;85;123;171;land;false;hills;1
6342;85;123;216;land;false;plains;6
6343;85;126;31;land;false;forest;1
6344;85;126;136;land;false;forest;1
6345;85;129;96;land;true;plains;1
6346;85;129;146;land;false;plains;1
6347;85;129;201;land;false;plains;1
6348;85;132;61;land;false;forest;1
6349;85;132;166;land;false;plains;1
6350;85;135;26;land;false;plains;1
6351;85;135;81;land;true;plains;1
6352;85;135;131;land;false;mountain;6
6353;85;138;46;land;false;plains;6
6354;85;138;196;land;false;forest;1
6355;85;141;11;land;false;forest;1
6356;85;141;56;land;false;hills;1
6357;85;141;161;land;false;hills;6
6358;85;144;21;land;false;forest;1
6359;85;144;76;land;false;plains;1
6360;85;144;226;land;false;plains;1
6361;85;147;41;land;false;plains;6
6362;85;147;191;land;false;forest;1
6363;85;150;6;land;true;plains;1
6364;85;150;156;land;false;plains;1
6365;85;153;71;land;false;mountain;1
6366;85;153;176;land;true;forest;6
6367;85;153;221;land;false;plains;1
6368;85;156;36;land;false;mountain;6
6369;85;156;141;land;false;hills;1
6370;85;156;186;land;false;forest;1
6371;85;159;1;land;false;plains;1
6372;85;159;151;land;false;forest;1
6373;85;159;206;land;false;plains;1
6374;85;162;66;land;false;forest;1
6375;85;162;171;land;false;plains;1
6376;85;165;31;land;false;plains;1
6377;85;165;86;land;false;plains;1
6378;85;165;136;land;true;hills;1
6379;85;168;51;land;false;mountain;6
6380;85;168;96;land;false;forest;1
6381;85;168;201;land;false;hills;1
6382;85;171;16;land;false;hills;6
6383;85;171;61;land;false;hills;1
6384;85;171;166;land;false;plains;1
6385;85;174;26;land;false;plains;1
6386;85;174;81;land;false;mountain;1
6387;85;174;131;land;false;plains;1
6388;85;177;196;land;false;mountain;6
6389;85;180;11;land;false;hills;1
6390;85;180;216;land;false;plains;1
6391;85;183;76;land;false;hills;1
6392;85;183;226;land;false;plains;1
6393;85;186;41;land;false;plains;1
6394;85;186;146;land;true;plains;6
6395;85;186;191;land;false;plains;1
6396;85;189;6;land;false;forest;1
6397;85;189;156;land;false;plains;1
6398;85;189;211;land;false;hills;1
6399;85;192;71;land;false;plains;1
6400;85;195;36;land;false;mountain;1
6401;85;195;91;land;false;plains;1
6402;85;195;141;land;false;plains;1
6403;85;198;1;land;false;plains;1
6404;85;198;206;land;false;forest;6
6405;85;201;21;land;false;plains;1
6406;85;201;66;land;false;forest;1
6407;85;201;171;land;false;plains;1
6408;85;204;31;land;false;mountain;1
6409;85;204;86;land;false;forest;6
6410;85;204;136;land;false;forest;1
6411;85;207;51;land;false;mountain;1
6412;85;207;201;land;false;forest;1
6413;85;210;16;land;false;marsh;1
6414;85;210;166;land;false;forest;1
6415;85;210;221;land;false;desert;1
6416;86;0;36;land;false;plains;1
6417;86;0;91;land;false;forest;1
6418;86;0;141;land;false;jungle;1
6419;86;0;236;sea;true;ocean;0
6420;86;3;56;land;false;plains;1
6421;86;3;206;land;false;plains;1
6422;130;204;169;land;false;plains;6
6423;86;6;21;land;false;plains;1
6424;86;6;66;land;false;marsh;6
6425;171;207;32;land;false;hills;6
6426;136;180;134;land;false;plains;6
6427;134;177;204;land;false;hills;6
6428;86;9;31;land;false;plains;1
6429;86;9;86;land;false;plains;1
6430;86;9;136;land;false;forest;6
6431;86;12;51;land;false;forest;1
6432;86;12;201;land;false;hills;1
6433;175;42;57;land;false;hills;6
6434;171;63;142;land;true;forest;1
6435;86;15;166;land;false;plains;1
6436;86;15;221;land;false;plains;1
6437;172;153;167;land;false;hills;1
6438;134;177;159;land;false;forest;6
6439;135;12;164;land;false;plains;6
6440;86;18;81;land;false;jungle;1
6441;86;18;131;land;false;plains;1
6442;132;15;4;land;false;plains;6
6443;169;171;137;land;false;desert;1
6444;86;21;46;land;false;jungle;1
6445;86;21;151;land;false;hills;1
6446;86;21;196;land;false;forest;1
6447;175;159;217;land;false;hills;6
6448;255;9;160;land;false;hills;6
6449;86;24;11;land;false;forest;1
6450;86;24;161;land;false;forest;6
6451;86;24;216;land;false;forest;1
6452;176;75;37;land;false;hills;6
6453;74;120;61;land;false;hills;1
6454;86;27;76;land;false;plains;6
6455;86;27;181;land;false;forest;1
6456;99;198;150;land;false;hills;6
6457;175;21;2;land;false;plains;6
6458;86;30;41;land;false;hills;1
6459;86;30;96;land;false;marsh;1
6460;86;30;146;land;false;forest;1
6461;86;30;248;sea;false;ocean;0
6462;86;33;6;land;false;plains;1
6463;86;33;61;land;false;plains;1
6464;86;33;211;land;false;forest;1
6465;134;108;199;land;false;plains;6
6466;176;150;27;land;false;plains;6
6467;168;141;177;land;false;forest;1
6468;86;36;26;land;false;marsh;1
6469;86;36;71;land;false;jungle;1
6470;86;36;176;land;false;jungle;1
6471;171;24;37;land;false;forest;1
6472;172;27;162;land;false;marsh;1
6473;86;39;36;land;false;forest;6
6474;86;39;91;land;false;hills;1
6475;170;66;152;land;false;hills;1
6476;174;171;222;land;false;hills;6
6477;86;42;1;land;false;hills;1
6478;86;42;56;land;false;plains;1
6479;86;42;206;land;false;forest;6
6480;86;45;21;land;false;plains;1
6481;86;45;171;land;false;plains;1
6482;86;45;226;land;false;hills;6
6483;86;48;86;land;false;mountain;1
6484;86;48;136;land;false;plains;1
6485;86;51;51;land;false;hills;1
6486;86;51;156;land;false;mountain;6
6487;86;51;201;land;false;jungle;1
6488;86;54;16;land;false;jungle;1
6489;86;54;166;land;false;plains;1
6490;86;54;221;land;false;plains;1
6491;86;57;81;land;false;plains;6
6492;86;57;131;land;true;plains;6
6493;86;57;186;land;false;plains;1
6494;86;60;46;land;true;plains;1
6495;86;60;151;land;false;plains;1
6496;86;63;66;land;false;jungle;1
6497;86;63;216;land;false;plains;1
6498;86;66;31;land;false;hills;6
6499;86;66;181;land;false;plains;1
6500;86;69;41;land;false;jungle;1
6501;86;69;146;land;false;jungle;1
6502;86;72;6;land;false;urban;6
6503;86;72;61;land;false;plains;1
6504;86;72;211;land;false;hills;1
6505;86;75;26;land;false;plains;1
6506;86;75;176;land;false;forest;6
6507;86;78;91;land;false;plains;1
6508;86;78;141;land;false;plains;1
6509;86;81;56;land;false;plains;1
6510;86;81;161;land;false;forest;1
6511;86;81;206;land;false;plains;1
6512;86;84;21;land;false;hills;1
6513;86;84;171;land;false;plains;1
6514;86;84;226;land;false;hills;6
6515;86;87;136;land;true;marsh;6
6516;86;87;191;land;false;forest;6
6517;86;93;16;land;false;mountain;1
6518;86;93;71;land;false;forest;1
6519;86;93;221;land;false;plains;1
6520;86;96;81;land;false;plains;1
6521;86;99;46;land;false;desert;1
6522;86;99;151;land;false;plains;1
6523;86;102;66;land;false;hills;6
6524;86;102;216;land;false;marsh;1
6525;86;105;31;land;false;hills;6
6526;86;105;181;land;true;plains;1
6527;86;108;96;land;false;forest;6
6528;86;108;146;land;false;plains;1
6529;86;108;201;land;false;jungle;1
6530;86;111;61;land;false;plains;1
6531;86;111;166;land;false;forest;1
6532;86;111;211;land;false;hills;1
6533;86;114;131;land;false;forest;1
6534;86;117;91;land;false;mountain;1
6535;86;117;141;land;true;jungle;1
6536;86;117;196;land;false;forest;1
6537;86;120;56;land;true;plains;1
6538;86;120;161;land;false;hills;6
6539;86;123;21;land;false;plains;6
6540;86;123;76;land;false;plains;1
6541;86;123;226;land;false;forest;6
6542;86;126;41;land;true;jungle;1
6543;86;126;86;land;false;mountain;1
6544;86;126;191;land;false;plains;1
6545;86;129;6;land;false;forest;1
6546;86;129;51;land;false;forest;1
6547;86;132;71;land;false;hills;1
6548;86;135;36;land;false;plains;1
6549;86;135;186;land;false;jungle;1
6550;86;138;1;land;false;plains;1
6551;86;138;151;land;false;forest;6
6552;86;138;206;land;false;marsh;1
6553;86;141;216;land;false;plains;1
6554;86;144;31;land;false;hills;1
6555;86;144;136;land;true;jungle;1
6556;86;144;181;land;false;plains;1
6557;86;147;96;land;false;plains;1
6558;86;147;146;land;false;mountain;1
6559;86;150;61;land;false;desert;1
6560;86;153;26;land;false;forest;1
6561;86;153;81;land;false;hills;1
6562;86;156;46;land;false;plains;1
6563;86;156;91;land;true;plains;6
6564;86;156;196;land;false;plains;6
6565;86;159;56;land;false;mountain;1
6566;86;159;161;land;false;plains;1
6567;86;162;21;land;false;plains;1
6568;86;162;76;land;false;jungle;1
6569;86;168;6;land;false;hills;1
6570;86;168;156;land;false;jungle;1
6571;86;168;211;land;false;plains;1
6572;86;171;71;land;false;marsh;1
6573;86;171;176;land;false;forest;1
6574;86;171;221;land;false;plains;6
6575;86;174;36;land;false;forest;6
6576;86;174;141;land;false;plains;1
6577;86;174;186;land;false;plains;1
6578;86;177;1;land;false;forest;1
6579;86;177;151;land;false;plains;1
6580;86;180;66;land;false;plains;1
6581;86;180;171;land;true;plains;1
6582;86;183;31;land;false;jungle;1
6583;86;183;136;land;false;hills;1
6584;86;186;51;land;false;plains;1
6585;86;186;201;land;false;hills;1
6586;86;189;16;land;true;plains;1
6587;86;189;61;land;false;plains;6
6588;86;189;166;land;false;forest;6
6589;86;192;26;land;false;forest;1
6590;86;192;81;land;false;plains;1
6591;86;192;131;land;false;forest;1
6592;86;195;46;land;false;jungle;1
6593;86;195;196;land;false;plains;1
6594;86;198;11;land;true;jungle;1
6595;86;198;161;land;false;desert;1
6596;86;198;216;land;true;forest;1
6597;86;201;181;land;false;forest;1
6598;86;201;226;land;false;forest;1
6599;86;204;41;land;false;forest;1
6600;86;204;146;land;false;mountain;1
6601;86;204;191;land;false;marsh;6
6602;86;207;6;land;false;forest;6
6603;86;207;156;land;false;plains;1
6604;86;207;211;land;true;plains;1
6605;86;210;71;land;false;forest;1
6606;87;0;46;land;false;hills;1
6607;87;0;196;land;false;hills;1
6608;87;0;240;sea;false;ocean;0
6609;87;3;11;land;false;plains;1
6610;87;3;161;land;false;forest;1
6611;87;3;216;land;false;hills;1
6612;134;72;14;land;false;plains;6
6613;87;6;76;land;false;plains;1
6614;87;6;181;land;true;plains;1
6615;87;6;226;land;false;forest;6
6616;170;66;47;land;true;plains;6
6617;133;153;24;land;false;mountain;6
6618;87;9;41;land;false;plains;1
6619;87;9;146;land;false;forest;1
6620;87;9;191;land;false;hills;6
6621;87;12;6;land;false;plains;1
6622;87;12;211;land;true;jungle;1
6623;177;60;217;land;false;jungle;1
6624;87;14;248;sea;false;ocean;0
6625;87;15;71;land;true;plains;1
6626;87;15;176;land;false;plains;1
6627;135;60;159;land;false;forest;6
6628;134;177;54;land;false;plains;6
6629;135;12;59;land;false;plains;6
6630;87;18;36;land;false;plains;1
6631;87;18;141;land;false;plains;1
6632;133;192;174;land;false;hills;6
6633;169;171;87;land;false;plains;1
6634;87;21;56;land;false;forest;1
6635;87;21;206;land;false;hills;1
6636;175;39;197;land;false;hills;6
6637;177;60;172;land;true;forest;6
6638;87;24;66;land;false;hills;6
6639;87;24;171;land;false;plains;1
6640;176;165;202;land;false;plains;6
6641;81;86;135;land;false;plains;1
6642;87;27;31;land;false;plains;6
6643;87;27;86;land;true;plains;1
6644;87;27;136;land;false;forest;1
6645;99;197;150;land;false;plains;6
6646;144;145;189;land;false;plains;6
6647;87;30;51;land;false;plains;1
6648;87;30;201;land;false;plains;1
6649;87;30;232;sea;false;ocean;0
6650;87;33;16;land;false;plains;1
6651;87;33;166;land;false;plains;1
6652;87;33;221;land;false;mountain;1
6653;136;177;169;land;false;hills;6
6654;176;147;212;land;false;forest;6
6655;168;141;72;land;true;hills;1
6656;87;36;81;land;true;plains;1
6657;87;36;131;land;false;forest;1
6658;87;36;186;land;true;plains;1
6659;171;30;22;land;false;desert;1
6660;172;45;2;land;false;plains;6
6661;87;39;46;land;false;plains;1
6662;87;39;196;land;true;plains;1
6663;170;63;187;land;true;plains;1
6664;174;171;72;land;false;plains;6
6665;87;42;161;land;false;hills;6
6666;87;45;76;land;false;plains;1
6667;87;45;181;land;false;hills;1
6668;87;48;41;land;false;hills;1
6669;87;48;96;land;false;plains;6
6670;87;48;146;land;true;plains;1
6671;87;51;61;land;false;forest;6
6672;87;51;211;land;false;plains;1
6673;87;54;176;land;false;desert;1
6674;87;57;91;land;false;forest;1
6675;87;57;141;land;true;plains;1
6676;87;60;1;land;false;plains;1
6677;87;60;56;land;false;plains;1
6678;87;60;206;land;true;plains;1
6679;87;63;21;land;false;plains;1
6680;87;63;171;land;false;plains;1
6681;87;63;226;land;false;forest;6
6682;87;66;86;land;false;plains;1
6683;87;66;136;land;false;mountain;1
6684;132;12;39;land;false;forest;6
6685;87;69;51;land;true;plains;1
6686;87;69;156;land;false;hills;6
6687;87;72;16;land;false;hills;1
6688;87;72;166;land;false;plains;1
6689;87;72;221;land;false;plains;1
6690;87;75;81;land;false;hills;1
6691;87;78;46;land;false;plains;1
6692;87;78;151;land;false;plains;1
6693;87;81;11;land;false;plains;1
6694;87;81;66;land;false;forest;6
6695;87;81;216;land;false;desert;1
6696;87;84;31;land;false;mountain;1
6697;87;84;181;land;false;plains;1
6698;87;87;41;land;false;desert;1
6699;87;87;96;land;false;plains;6
6700;87;87;146;land;false;plains;1
6701;87;90;61;land;false;forest;1
6702;87;93;26;land;false;plains;1
6703;87;93;176;land;true;plains;1
6704;87;96;91;land;false;plains;1
6705;87;96;196;land;false;forest;1
6706;87;99;56;land;false;desert;1
6707;87;99;161;land;false;plains;1
6708;87;99;206;land;false;plains;1
6709;87;102;21;land;false;desert;1
6710;87;102;226;land;false;forest;1
6711;87;105;86;land;true;plains;1
6712;87;105;136;land;true;plains;1
6713;87;105;191;land;false;mountain;1
6714;87;108;51;land;false;desert;1
6715;87;108;156;land;false;plains;6
6716;87;111;16;land;false;hills;1
6717;87;111;71;land;false;mountain;1
6718;87;111;221;land;false;plains;1
6719;87;114;36;land;false;forest;1
6720;87;114;81;land;false;plains;1
6721;87;114;186;land;false;plains;1
6722;87;117;1;land;false;mountain;1
6723;87;117;46;land;false;jungle;1
6724;87;117;151;land;false;plains;1
6725;87;120;11;land;false;plains;1
6726;87;120;66;land;false;mountain;6
6727;87;120;216;land;false;plains;1
6728;87;123;31;land;false;plains;6
6729;87;123;181;land;false;plains;1
6730;87;126;96;land;false;plains;1
6731;87;126;146;land;false;plains;1
6732;87;126;201;land;true;plains;1
6733;87;129;61;land;false;plains;1
6734;87;129;166;land;false;urban;1
6735;87;129;211;land;false;hills;1
6736;87;132;26;land;false;plains;1
6737;87;132;131;land;true;hills;1
6738;87;135;91;land;false;plains;1
6739;87;135;141;land;false;plains;1
6740;87;135;196;land;false;plains;1
6741;87;138;56;land;false;plains;1
6742;87;138;161;land;false;forest;6
6743;87;141;21;land;false;forest;1
6744;87;141;76;land;true;plains;1
6745;87;141;226;land;false;plains;6
6746;87;144;41;land;true;plains;1
6747;87;144;86;land;false;plains;1
6748;87;144;191;land;false;plains;1
6749;87;147;6;land;false;plains;1
6750;87;147;156;land;false;plains;1
6751;87;150;16;land;false;forest;1
6752;87;153;36;land;true;urban;1
6753;87;153;186;land;false;forest;1
6754;87;156;1;land;false;hills;6
6755;87;156;151;land;false;plains;1
6756;87;156;206;land;false;plains;1
6757;87;159;66;land;false;plains;6
6758;87;162;31;land;false;hills;6
6759;87;162;136;land;false;plains;1
6760;87;165;96;land;false;hills;6
6761;87;165;146;land;false;plains;1
6762;87;165;201;land;false;forest;1
6763;87;168;61;land;false;plains;1
6764;87;168;166;land;true;plains;1
6765;87;171;26;land;false;marsh;1
6766;87;171;81;land;false;hills;1
6767;87;171;131;land;false;mountain;1
6768;87;174;91;land;false;hills;1
6769;87;174;196;land;false;mountain;1
6770;87;177;11;land;false;plains;1
6771;87;177;56;land;true;plains;1
6772;87;177;161;land;false;mountain;6
6773;87;180;76;land;false;forest;1
6774;87;180;226;land;false;hills;6
6775;87;183;41;land;false;plains;1
6776;87;183;191;land;false;hills;1
6777;87;186;6;land;false;marsh;1
6778;87;189;71;land;true;plains;1
6779;87;192;36;land;false;forest;6
6780;87;192;141;land;false;forest;1
6781;87;192;186;land;false;forest;1
6782;87;195;1;land;false;forest;1
6783;87;195;151;land;true;plains;1
6784;87;195;206;land;false;plains;1
6785;87;198;66;land;false;plains;6
6786;87;198;171;land;false;plains;1
6787;87;201;31;land;false;hills;6
6788;87;201;86;land;false;hills;1
6789;87;201;136;land;false;plains;1
6790;87;204;51;land;false;plains;1
6791;87;204;96;land;false;plains;1
6792;87;204;201;land;false;plains;1
6793;87;207;16;land;false;hills;1
6794;87;207;61;land;false;marsh;1
6795;87;207;166;land;false;hills;1
6796;87;210;26;land;false;marsh;1
6797;87;210;131;land;true;plains;1
6798;88;0;1;land;false;plains;6
6799;88;0;151;land;false;forest;1
6800;88;0;206;land;false;plains;1
6801;88;0;244;sea;true;ocean;0
6802;74;119;61;land;false;forest;1
6803;88;3;66;land;false;forest;1
6804;88;3;171;land;false;jungle;6
6805;134;69;199;land;false;forest;6
6806;88;6;31;land;false;forest;6
6807;88;6;86;land;false;plains;1
6808;88;6;136;land;false;plains;1
6809;171;204;172;land;false;forest;1
6810;132;90;144;land;true;forest;6
6811;88;9;96;land;false;plains;6
6812;88;9;201;land;false;plains;1
6813;88;12;16;land;false;plains;1
6814;88;12;61;land;false;forest;1
6815;177;60;67;land;false;forest;6
6816;88;14;232;sea;true;ocean;0
6817;88;15;81;land;false;forest;1
6818;88;15;131;land;false;plains;1
6819;173;18;72;land;false;hills;6
6820;133;150;209;land;true;plains;1
6821;135;9;199;land;false;hills;6
6822;88;18;46;land;false;plains;6
6823;88;18;196;land;true;plains;1
6824;134;6;224;land;false;plains;6
6825;169;171;32;land;false;plains;1
6826;88;21;11;land;true;plains;6
6827;131;126;19;land;false;forest;6
6828;88;21;216;land;false;forest;6
6829;175;39;92;land;false;hills;6
6830;177;57;207;land;false;hills;6
6831;88;24;76;land;true;plains;1
6832;88;24;181;land;false;plains;1
6833;132;9;74;land;false;forest;6
6834;176;165;157;land;false;hills;6
6835;215;90;190;land;false;plains;1
6836;88;27;41;land;false;plains;1
6837;88;27;146;land;false;plains;6
6838;88;27;191;land;false;forest;6
6839;97;197;149;land;false;forest;6
6840;253;146;162;land;false;plains;6
6841;88;30;6;land;false;plains;1
6842;88;30;156;land;false;desert;1
6843;88;30;211;land;false;forest;1
6844;175;0;92;land;true;forest;6
6845;88;33;71;land;false;forest;1
6846;88;33;176;land;true;urban;1
6847;133;48;134;land;false;desert;1
6848;176;147;62;land;false;hills;6
6849;168;114;182;land;false;forest;1
6850;88;36;36;land;false;hills;1
6851;88;36;91;land;false;plains;6
6852;88;36;141;land;false;plains;6
6853;171;27;207;land;false;hills;1
6854;170;207;77;land;true;jungle;1
6855;88;39;1;land;false;marsh;1
6856;88;39;56;land;false;plains;1
6857;88;39;206;land;false;forest;1
6858;136;159;74;land;false;forest;6
6859;174;171;17;land;true;plains;6
6860;88;42;21;land;false;plains;6
6861;88;42;66;land;false;forest;6
6862;88;42;171;land;false;hills;1
6863;88;45;31;land;false;forest;6
6864;88;45;86;land;false;plains;1
6865;88;45;136;land;false;plains;1
6866;88;48;51;land;false;plains;1
6867;88;48;201;land;false;plains;1
6868;88;51;16;land;false;jungle;6
6869;88;51;166;land;false;mountain;1
6870;132;9;19;land;false;plains;6
6871;88;54;81;land;false;hills;1
6872;88;54;131;land;false;hills;1
6873;88;57;151;land;false;hills;6
6874;88;57;196;land;false;plains;1
6875;88;60;11;land;false;hills;1
6876;88;60;161;land;false;forest;6
6877;88;60;216;land;false;plains;1
6878;88;63;76;land;false;forest;1
6879;88;63;181;land;false;plains;1
6880;88;66;96;land;false;plains;1
6881;88;66;146;land;false;plains;6
6882;88;69;6;land;false;plains;1
6883;88;69;211;land;false;mountain;1
6884;88;72;26;land;false;plains;1
6885;88;72;71;land;false;hills;1
6886;88;72;176;land;false;hills;1
6887;88;75;36;land;false;hills;6
6888;88;75;91;land;false;plains;1
6889;88;75;141;land;false;plains;1
6890;88;78;1;land;false;forest;1
6891;88;78;56;land;true;plains;1
6892;88;81;21;land;false;mountain;1
6893;88;84;86;land;false;plains;6
6894;88;84;191;land;false;forest;1
6895;88;87;51;land;false;plains;1
6896;88;87;156;land;false;hills;1
6897;88;90;166;land;false;plains;6
6898;88;90;221;land;false;plains;6
6899;88;93;131;land;false;plains;1
6900;88;93;186;land;false;plains;1
6901;88;96;46;land;false;plains;1
6902;88;96;151;land;false;hills;1
6903;88;99;11;land;false;forest;1
6904;88;99;66;land;false;plains;6
6905;88;99;216;land;false;plains;6
6906;88;102;31;land;false;forest;1
6907;88;102;76;land;false;plains;1
6908;88;102;181;land;false;hills;1
6909;88;105;41;land;false;forest;1
6910;88;105;96;land;false;jungle;6
6911;88;108;6;land;false;hills;1
6912;88;108;61;land;false;plains;1
6913;88;108;211;land;true;plains;1
6914;88;111;26;land;false;plains;1
6915;88;111;176;land;false;plains;1
6916;88;114;91;land;true;plains;1
6917;88;114;141;land;false;hills;1
6918;88;114;196;land;true;plains;6
6919;88;117;56;land;true;plains;1
6920;88;120;21;land;false;plains;1
6921;88;120;171;land;false;mountain;1
6922;88;120;226;land;false;plains;6
6923;88;123;86;land;false;hills;1
6924;88;123;136;land;true;hills;1
6925;88;123;191;land;false;plains;1
6926;88;126;51;land;false;forest;1
6927;88;126;156;land;false;plains;1
6928;88;129;71;land;false;plains;6
6929;88;129;221;land;true;plains;1
6930;88;132;36;land;false;plains;1
6931;88;132;81;land;false;hills;1
6932;88;132;186;land;false;plains;6
6933;88;135;1;land;false;plains;1
6934;88;135;46;land;true;jungle;1
6935;88;135;151;land;true;urban;6
6936;88;138;11;land;false;forest;1
6937;88;138;66;land;false;plains;6
6938;88;138;216;land;false;plains;1
6939;88;141;31;land;false;forest;1
6940;88;141;181;land;true;plains;1
6941;88;144;96;land;false;forest;1
6942;88;144;146;land;false;jungle;1
6943;88;144;201;land;false;plains;1
6944;88;147;61;land;false;plains;6
6945;88;147;166;land;false;hills;1
6946;88;147;211;land;false;plains;1
6947;88;150;26;land;false;hills;6
6948;88;150;131;land;false;forest;1
6949;88;150;176;land;false;hills;1
6950;88;153;91;land;true;urban;1
6951;88;153;196;land;false;forest;6
6952;88;156;56;land;false;forest;1
6953;88;159;21;land;false;plains;1
6954;88;159;76;land;false;plains;1
6955;88;159;226;land;true;plains;1
6956;88;162;41;land;false;hills;1
6957;88;162;86;land;false;plains;1
6958;88;162;191;land;false;forest;1
6959;88;165;6;land;false;hills;1
6960;88;165;51;land;false;plains;1
6961;88;165;156;land;false;forest;6
6962;88;168;16;land;false;plains;1
6963;88;168;71;land;true;plains;6
6964;88;168;221;land;false;plains;6
6965;88;171;186;land;false;plains;1
6966;88;174;1;land;false;forest;1
6967;88;174;151;land;false;plains;1
6968;88;177;66;land;false;plains;1
6969;88;177;171;land;false;plains;6
6970;88;177;216;land;false;jungle;1
6971;88;180;31;land;false;forest;1
6972;88;180;136;land;false;forest;1
6973;88;180;181;land;false;plains;1
6974;88;183;96;land;false;forest;1
6975;88;183;146;land;false;plains;1
6976;88;186;61;land;false;forest;1
6977;88;186;166;land;false;plains;1
6978;88;189;26;land;false;plains;1
6979;88;189;81;land;false;forest;1
6980;88;189;131;land;false;forest;1
6981;88;192;46;land;true;plains;6
6982;88;192;91;land;false;forest;1
6983;88;195;56;land;false;jungle;1
6984;88;195;161;land;false;marsh;1
6985;88;198;21;land;false;plains;1
6986;88;198;76;land;false;plains;1
6987;131;60;129;land;false;forest;1
6988;88;201;41;land;false;plains;6
6989;88;201;191;land;false;plains;6
6990;88;204;6;land;false;plains;1
6991;88;204;156;land;false;plains;6
6992;88;204;211;land;false;plains;1
6993;88;207;71;land;false;forest;1
6994;88;207;176;land;true;forest;6
6995;88;207;221;land;false;plains;1
6996;88;210;36;land;true;plains;1
6997;88;210;141;land;false;urban;6
6998;88;210;186;land;true;plains;1
6999;89;0;11;land;false;plains;6
7000;89;0;56;land;false;plains;6
7001;89;0;161;land;false;plains;6
7002;89;0;248;sea;true;ocean;0
7003;89;3;21;land;false;hills;1
7004;89;3;76;land;false;plains;6
7005;89;3;226;land;false;forest;1
7006;211;241;202;land;false;hills;6
7007;89;6;41;land;false;plains;6
7008;89;6;191;land;true;jungle;1
7009;171;204;67;land;false;forest;1
7010;132;90;94;land;false;plains;6
7011;89;9;6;land;false;plains;6
7012;89;9;156;land;false;plains;1
7013;89;9;211;land;false;plains;6
7014;89;12;71;land;false;forest;6
7015;89;12;176;land;false;plains;6
7016;132;6;159;land;true;plains;6
7017;177;57;152;land;false;forest;1
7018;89;14;236;sea;true;ocean;0
7019;89;15;36;land;false;plains;6
7020;89;15;141;land;false;forest;6
7021;89;15;186;land;false;forest;6
7022;173;15;212;land;false;hills;6
7023;133;150;59;land;true;plains;6
7024;135;9;144;land;false;plains;6
7025;89;18;1;land;false;hills;6
7026;89;18;151;land;false;plains;1
7027;89;18;206;land;false;forest;6
7028;132;6;54;land;false;forest;6
7029;132;186;39;land;false;plains;6
7030;89;21;171;land;true;plains;6
7031;175;39;47;land;false;plains;6
7032;177;57;2;land;false;forest;6
7033;89;24;31;land;true;plains;1
7034;89;24;86;land;false;hills;6
7035;89;24;136;land;false;forest;6
7036;176;72;222;land;false;hills;6
7037;132;183;224;land;false;marsh;6
7038;82;86;135;land;false;plains;1
7039;89;27;51;land;false;forest;6
7040;89;27;96;land;false;jungle;1
7041;89;27;201;land;false;plains;1
7042;98;197;149;land;false;hills;6
7043;155;20;118;land;false;plains;6
7044;89;30;16;land;false;plains;6
7045;89;30;61;land;true;plains;1
7046;89;30;166;land;true;forest;6
7047;175;18;187;land;false;jungle;6
7048;89;33;26;land;false;forest;6
7049;89;33;81;land;false;plains;6
7050;89;33;131;land;false;plains;6
7051;136;171;139;land;false;mountain;6
7052;176;147;7;land;false;forest;6
7053;168;138;212;land;false;plains;1
7054;89;36;46;land;false;plains;6
7055;89;36;196;land;false;plains;6
7056;171;27;57;land;true;forest;1
7057;168;138;157;land;false;plains;1
7058;89;39;11;land;false;plains;6
7059;89;39;161;land;false;forest;1
7060;89;39;216;land;false;hills;6
7061;170;63;132;land;false;plains;6
7062;133;135;184;land;true;plains;6
7063;89;42;76;land;false;plains;1
7064;89;42;181;land;false;hills;6
7065;89;42;226;land;false;forest;1
7066;89;45;41;land;false;plains;1
7067;89;45;146;land;false;forest;6
7068;89;45;191;land;false;forest;1
7069;89;48;6;land;true;forest;1
7070;89;48;156;land;false;plains;6
7071;89;48;211;land;false;plains;6
7072;89;51;71;land;false;hills;6
7073;89;51;176;land;false;plains;6
7074;89;54;36;land;false;marsh;6
7075;89;54;91;land;false;forest;6
7076;89;54;141;land;false;hills;1
7077;89;57;1;land;true;plains;1
7078;89;57;56;land;true;hills;6
7079;89;57;206;sea;false;ocean;0
7080;89;60;21;land;false;plains;6
7081;89;60;66;land;false;forest;1
7082;89;60;171;land;false;forest;1
7083;89;63;31;land;true;plains;1
7084;89;63;86;land;false;hills;6
7085;89;63;136;land;false;hills;6
7086;89;66;51;land;false;plains;6
7087;89;66;201;land;true;plains;6
7088;132;171;209;land;false;jungle;6
7089;89;69;166;land;false;plains;6
7090;89;69;221;land;false;mountain;6
7091;89;72;81;land;true;plains;6
7092;89;72;131;land;false;plains;6
7093;169;168;172;land;false;plains;1
7094;89;75;46;land;false;forest;6
7095;89;75;151;land;false;plains;6
7096;89;75;196;land;false;mountain;1
7097;89;78;11;land;false;forest;6
7098;89;78;161;land;true;plains;1
7099;89;78;216;sea;false;ocean;0
7100;89;81;76;land;false;hills;1
7101;89;81;181;land;false;plains;6
7102;89;84;41;land;false;forest;6
7103;89;84;96;land;false;mountain;6
7104;89;84;146;land;false;plains;6
7105;130;183;54;land;false;hills;1
7106;89;87;61;land;false;urban;6
7107;89;87;211;land;true;hills;6
7108;89;90;26;land;false;plains;6
7109;89;90;71;land;false;plains;6
7110;89;90;176;land;false;hills;6
7111;89;93;36;land;false;plains;1
7112;170;204;217;land;true;plains;1
7113;89;93;141;land;false;plains;6
7114;89;96;1;land;true;plains;6
7115;89;96;56;land;false;plains;6
7116;89;96;206;land;false;jungle;1
7117;89;99;21;land;false;plains;6
7118;89;99;171;land;false;plains;1
7119;89;99;226;land;false;plains;6
7120;89;102;86;land;false;plains;6
7121;89;102;136;land;false;plains;6
7122;89;102;191;land;true;plains;6
7123;89;105;51;land;false;mountain;1
7124;89;105;156;land;false;hills;6
7125;89;105;201;land;false;plains;6
7126;89;108;16;land;false;hills;6
7127;89;108;166;land;false;forest;1
7128;89;108;221;land;false;plains;6
7129;89;111;81;land;false;plains;6
7130;89;111;131;land;false;plains;1
7131;89;111;186;land;false;plains;6
7132;89;114;46;land;false;jungle;1
7133;131;36;4;land;false;marsh;6
7134;89;117;11;land;false;plains;1
7135;89;117;66;land;false;plains;6
7136;89;117;216;land;false;hills;1
7137;89;120;31;land;false;plains;6
7138;89;120;76;land;false;plains;1
7139;89;120;181;land;false;plains;1
7140;89;123;41;land;false;mountain;1
7141;89;123;96;land;false;hills;6
7142;89;123;146;land;false;forest;6
7143;89;126;6;land;false;plains;1
7144;89;126;61;land;false;plains;6
7145;89;126;211;land;false;hills;6
7146;89;129;26;land;false;urban;6
7147;89;129;176;land;false;forest;1
7148;89;132;91;land;true;urban;6
7149;89;132;141;land;true;jungle;1
7150;89;132;196;land;false;plains;6
7151;89;135;56;land;true;plains;6
7152;89;135;161;land;false;forest;6
7153;89;135;206;land;false;plains;1
7154;89;138;21;land;false;forest;1
7155;89;138;171;land;false;plains;6
7156;89;138;226;land;true;plains;6
7157;89;141;86;land;false;plains;6
7158;89;141;136;land;false;plains;6
7159;89;141;191;land;false;plains;6
7160;89;144;51;land;false;forest;6
7161;89;144;156;land;false;forest;6
7162;89;147;16;land;true;plains;1
7163;89;147;71;land;false;hills;6
7164;89;147;221;land;true;plains;6
7165;89;150;36;land;false;plains;6
7166;89;150;81;land;true;jungle;1
7167;89;150;186;land;false;plains;6
7168;89;153;1;land;false;plains;6
7169;89;153;46;land;false;forest;6
7170;89;153;151;land;true;plains;6
7171;89;156;11;land;false;forest;6
7172;89;156;66;land;false;plains;6
7173;89;156;216;land;false;jungle;1
7174;89;159;31;land;false;plains;6
7175;89;159;181;land;false;plains;6
7176;89;162;96;land;false;plains;6
7177;89;162;201;land;false;plains;6
7178;89;165;61;land;true;plains;6
7179;89;165;166;land;true;plains;6
7180;89;165;211;land;true;plains;1
7181;89;168;26;land;false;forest;6
7182;89;168;131;land;false;plains;6
7183;89;168;176;land;false;forest;1
7184;89;171;91;land;true;forest;6
7185;89;171;141;land;false;forest;6
7186;89;171;196;land;false;hills;6
7187;89;174;56;land;false;forest;6
7188;89;174;161;land;true;plains;6
7189;89;177;21;land;false;plains;6
7190;89;177;76;land;false;jungle;6
7191;89;177;226;land;false;plains;6
7192;89;180;41;land;false;mountain;6
7193;89;180;86;land;false;forest;6
7194;89;180;191;land;false;forest;1
7195;170;204;162;land;false;plains;1
7196;89;183;51;land;false;plains;1
7197;89;183;156;land;true;plains;6
7198;89;186;16;land;false;plains;1
7199;89;186;71;land;false;plains;6
7200;89;186;221;land;false;hills;6
7201;89;189;36;land;false;plains;6
7202;89;189;186;land;false;plains;1
7203;89;192;1;land;false;jungle;1
7204;89;192;151;land;false;plains;6
7205;89;192;206;land;false;plains;6
7206;89;195;66;land;false;hills;6
7207;89;195;171;land;false;plains;6
7208;89;195;216;land;false;marsh;6
7209;89;198;31;land;false;plains;1
7210;89;198;136;land;false;plains;6
7211;89;198;181;land;false;plains;1
7212;89;201;96;land;false;plains;6
7213;89;201;146;land;false;plains;1
7214;89;201;201;land;true;forest;6
7215;89;204;61;land;true;jungle;1
7216;89;204;166;land;false;plains;6
7217;89;207;26;land;false;forest;6
7218;89;207;81;land;false;mountain;6
7219;89;207;131;land;false;forest;6
7220;89;210;46;land;false;hills;6
7221;89;210;91;land;false;forest;6
7222;89;210;196;land;false;forest;6
7223;90;0;66;land;false;forest;6
7224;90;0;171;land;false;plains;6
7225;90;0;216;land;false;jungle;6
7226;90;0;232;sea;true;ocean;0
7227;90;3;31;land;false;plains;6
7228;90;3;136;land;true;plains;6
7229;90;3;181;land;false;plains;6
7230;101;244;114;land;false;hills;6
7231;90;6;96;land;true;plains;6
7232;90;6;146;land;true;plains;6
7233;90;6;201;land;true;plains;6
7234;171;201;207;land;false;marsh;1
7235;133;36;69;land;false;hills;6
7236;90;9;61;land;false;plains;6
7237;90;9;166;land;false;mountain;6
7238;90;12;26;land;true;plains;6
7239;90;12;81;land;false;plains;1
7240;90;12;131;land;false;plains;6
7241;177;54;187;land;false;plains;6
7242;90;14;240;sea;false;ocean;0
7243;90;15;46;land;false;hills;6
7244;90;15;91;land;true;plains;6
7245;138;235;160;land;false;plains;6
7246;173;54;7;land;false;forest;1
7247;133;150;4;land;false;forest;6
7248;135;9;94;land;false;plains;6
7249;90;18;11;land;false;plains;6
7250;90;18;56;land;false;hills;6
7251;132;87;179;land;true;forest;6
7252;132;6;9;land;false;forest;6
7253;174;0;37;land;false;forest;6
7254;90;21;21;land;false;mountain;6
7255;90;21;76;land;false;hills;6
7256;90;21;226;land;false;hills;6
7257;175;36;132;land;false;hills;6
7258;177;54;37;land;false;plains;6
7259;90;24;41;land;false;hills;6
7260;173;210;167;land;false;hills;6
7261;176;72;177;land;false;forest;6
7262;255;17;120;land;false;plains;6
7263;88;143;129;land;false;plains;1
7264;173;51;192;land;false;plains;1
7265;90;27;156;land;false;forest;6
7266;90;27;211;land;false;forest;6
7267;98;197;150;land;false;forest;6
7268;226;75;104;land;false;mountain;1
7269;170;24;132;land;false;desert;1
7270;90;30;176;land;false;plains;6
7271;90;30;221;sea;true;ocean;0
7272;90;30;244;sea;false;ocean;0
7273;90;33;36;land;false;plains;6
7274;90;33;141;land;false;urban;6
7275;133;87;29;land;false;hills;6
7276;135;60;54;land;false;hills;6
7277;176;144;147;land;false;plains;6
7278;168;138;7;land;false;forest;1
7279;90;36;1;land;false;plains;6
7280;90;36;151;land;false;forest;6
7281;90;36;206;land;true;hills;6
7282;171;21;177;land;false;urban;1
7283;170;201;197;land;false;plains;1
7284;133;204;39;land;false;forest;6
7285;90;39;171;land;false;hills;6
7286;170;63;82;land;false;forest;6
7287;133;135;129;land;false;forest;6
7288;90;42;31;land;false;forest;6
7289;90;42;86;land;false;hills;1
7290;176;132;82;land;false;plains;6
7291;90;45;51;land;false;hills;1
7292;90;45;96;land;false;plains;6
7293;173;81;197;land;false;hills;6
7294;90;48;16;land;false;mountain;6
7295;90;48;61;land;false;hills;6
7296;90;48;166;land;false;forest;1
7297;90;51;26;land;true;hills;6
7298;90;51;81;land;false;plains;6
7299;90;51;131;land;true;plains;6
7300;90;54;46;land;false;mountain;6
7301;90;54;196;land;false;plains;6
7302;175;84;227;land;false;plains;6
7303;90;57;161;land;true;plains;6
7304;90;57;216;sea;true;ocean;0
7305;135;60;9;land;false;plains;6
7306;90;60;181;land;true;hills;1
7307;175;75;27;land;false;plains;6
7308;131;177;34;land;false;plains;6
7309;131;153;209;land;false;hills;1
7310;90;63;191;land;false;plains;6
7311;131;105;9;land;false;hills;6
7312;90;66;156;land;true;plains;6
7313;90;66;211;land;false;forest;6
7314;90;69;71;land;true;forest;6
7315;90;69;176;land;false;hills;6
7316;90;72;36;land;false;forest;6
7317;90;72;91;land;false;plains;6
7318;90;72;141;land;true;plains;6
7319;90;75;1;land;false;plains;6
7320;90;75;56;land;true;plains;6
7321;170;24;82;land;false;hills;1
7322;90;78;21;land;false;forest;6
7323;133;48;29;land;false;plains;6
7324;132;87;74;land;true;jungle;6
7325;90;81;31;land;false;forest;6
7326;90;81;86;land;false;plains;6
7327;90;81;136;land;true;plains;6
7328;90;84;51;land;true;forest;6
7329;90;84;201;land;false;plains;6
7330;90;87;16;land;false;hills;6
7331;90;87;166;land;true;urban;6
7332;90;87;221;land;false;hills;6
7333;135;57;194;land;true;jungle;1
7334;90;90;131;land;false;mountain;6
7335;90;90;186;land;false;plains;6
7336;131;171;49;land;false;plains;1
7337;90;93;151;land;false;forest;6
7338;90;93;196;land;false;plains;6
7339;132;84;214;land;false;plains;6
7340;90;96;161;land;true;hills;6
7341;90;96;216;land;true;plains;6
7342;90;99;76;land;true;urban;6
7343;90;99;181;land;false;mountain;6
7344;90;102;41;land;true;plains;6
7345;90;102;96;land;true;plains;1
7346;90;102;146;land;false;hills;6
7347;90;105;6;land;true;plains;6
7348;90;105;61;land;false;forest;6
7349;135;57;89;land;false;plains;1
7350;90;108;26;land;false;plains;6
7351;133;84;169;land;true;plains;1
7352;132;84;159;land;true;plains;6
7353;90;111;36;land;false;jungle;6
7354;90;111;91;land;false;hills;6
7355;90;111;141;land;false;plains;6
7356;90;114;1;land;false;forest;6
7357;90;114;56;land;false;plains;6
7358;90;114;206;land;true;plains;6
7359;90;117;21;land;false;plains;6
7360;133;201;224;land;false;forest;6
7361;90;117;226;land;false;plains;1
7362;135;57;44;land;false;forest;6
7363;90;120;136;land;true;plains;6
7364;90;120;191;sea;false;ocean;0
7365;135;54;129;land;false;hills;6
7366;90;123;156;land;false;forest;1
7367;90;123;201;land;true;plains;6
7368;90;126;16;land;true;plains;1
7369;134;15;14;land;false;hills;6
7370;90;126;221;land;true;plains;6
7371;90;129;81;land;true;plains;6
7372;90;129;131;land;false;mountain;6
7373;90;129;186;land;false;hills;6
7374;90;132;46;land;false;urban;6
7375;90;132;151;land;false;forest;6
7376;90;135;11;land;true;plains;6
7377;90;135;66;land;false;forest;1
7378;135;54;79;land;true;plains;6
7379;90;138;31;land;false;mountain;1
7380;90;138;76;land;true;jungle;6
7381;90;138;181;land;false;plains;6
7382;90;141;41;land;false;hills;6
7383;90;141;96;land;false;plains;6
7384;131;117;174;land;false;jungle;1
7385;133;45;169;land;true;plains;6
7386;90;144;61;land;false;mountain;6
7387;90;144;211;land;true;plains;6
7388;90;147;26;land;false;hills;1
7389;133;201;74;land;false;hills;6
7390;173;15;157;land;false;jungle;1
7391;90;150;141;land;true;plains;6
7392;90;150;196;land;false;mountain;6
7393;135;105;39;land;false;marsh;6
7394;90;153;161;land;false;plains;1
7395;90;153;206;land;true;plains;6
7396;131;117;24;land;false;forest;6
7397;90;156;171;land;true;plains;6
7398;90;156;226;land;false;plains;6
7399;90;159;86;land;false;mountain;6
7400;90;159;136;land;false;plains;6
7401;90;159;191;land;true;hills;6
7402;90;162;51;land;false;forest;6
7403;90;162;156;land;false;hills;6
7404;90;165;16;land;false;forest;6
7405;90;165;71;land;false;hills;6
7406;90;165;221;land;false;plains;6
7407;90;168;36;land;false;plains;6
7408;90;168;81;land;false;plains;6
7409;135;54;24;land;true;plains;6
7410;90;171;1;land;false;forest;6
7411;90;171;46;land;false;plains;6
7412;132;84;9;land;true;plains;1
7413;134;12;154;land;false;urban;6
7414;90;174;66;land;false;forest;6
7415;90;174;216;land;true;plains;6
7416;90;177;31;land;false;forest;6
7417;133;201;19;land;true;hills;6
7418;90;180;96;land;false;plains;6
7419;133;84;64;land;false;hills;6
7420;90;180;201;land;false;hills;1
7421;90;183;61;land;false;forest;6
7422;90;183;166;land;true;hills;1
7423;133;45;64;land;true;plains;1
7424;90;186;26;land;false;jungle;6
7425;90;186;131;land;false;forest;6
7426;90;186;176;land;false;plains;6
7427;90;189;91;land;false;mountain;6
7428;90;189;141;land;true;hills;6
7429;90;189;196;land;false;forest;6
7430;90;192;56;land;false;plains;6
7431;90;192;161;land;false;hills;6
7432;90;195;21;land;true;plains;6
7433;90;195;76;land;true;plains;1
7434;90;195;226;land;false;plains;6
7435;90;198;41;land;false;hills;1
7436;90;198;86;land;false;plains;6
7437;173;15;7;land;false;plains;6
7438;90;201;6;land;true;plains;6
7439;90;201;51;land;true;forest;6
7440;131;135;14;land;false;forest;1
7441;90;204;16;land;false;forest;6
7442;90;204;71;land;false;hills;6
7443;90;204;221;land;true;jungle;6
7444;90;207;36;land;false;plains;6
7445;133;111;209;land;false;plains;6
7446;90;210;1;land;false;hills;6
7447;90;210;151;land;true;plains;6
7448;90;210;206;land;false;hills;6
7449;91;0;21;land;true;forest;1
7450;174;129;202;land;true;jungle;6
7451;91;0;226;land;false;mountain;1
7452;91;0;236;sea;true;ocean;0
7453;176;45;32;land;false;plains;6
7454;91;3;86;land;false;plains;1
7455;91;3;191;land;false;hills;6
7456;179;166;202;land;false;forest;6
7457;175;180;22;land;false;mountain;1
7458;91;6;51;land;false;forest;1
7459;91;6;156;land;false;plains;6
7460;134;162;179;land;false;plains;6
7461;135;51;164;land;false;forest;6
7462;91;9;16;land;false;forest;1
7463;91;9;71;land;true;plains;6
7464;91;9;221;land;false;mountain;1
7465;91;12;36;land;false;hills;6
7466;91;12;186;land;false;plains;1
7467;173;102;57;land;true;plains;6
7468;91;14;244;sea;false;ocean;0
7469;91;15;1;land;false;hills;6
7470;91;15;151;land;true;plains;6
7471;174;129;157;land;false;forest;1
7472;173;51;147;land;false;plains;6
7473;133;147;144;land;false;plains;1
7474;135;6;179;land;false;jungle;1
7475;91;18;66;land;false;hills;6
7476;91;18;171;land;false;forest;6
7477;91;18;216;land;false;mountain;6
7478;132;3;194;land;false;plains;6
7479;173;210;62;land;false;jungle;1
7480;91;21;31;land;true;hills;1
7481;172;198;92;land;false;plains;1
7482;91;21;181;land;false;forest;1
7483;175;36;82;land;false;plains;6
7484;177;51;222;land;false;hills;1
7485;91;24;96;land;false;forest;1
7486;91;24;146;land;false;forest;6
7487;170;21;17;land;false;plains;1
7488;176;72;72;land;false;forest;6
7489;255;16;40;land;false;plains;6
7490;221;193;86;land;false;plains;1
7491;91;27;61;land;false;plains;6
7492;91;27;166;land;false;plains;6
7493;255;252;0;land;false;forest;6
7494;174;149;119;land;false;marsh;1
7495;91;30;26;land;false;plains;1
7496;132;81;194;land;false;marsh;6
7497;91;30;131;land;false;hills;6
7498;91;30;248;sea;false;ocean;0
7499;91;31;236;sea;false;ocean;0
7500;91;33;46;lake;false;lakes;0
7501;91;33;91;land;false;plains;6
7502;130;144;159;land;false;mountain;1
7503;136;156;159;land;false;hills;6
7504;176;144;97;land;false;forest;1
7505;168;135;192;land;false;plains;6
7506;172;153;62;land;false;plains;6
7507;91;36;56;land;false;plains;6
7508;91;36;161;land;false;plains;6
7509;171;18;212;land;false;plains;1
7510;168;114;137;land;false;hills;1
7511;91;39;21;land;false;hills;6
7512;170;18;202;land;false;forest;1
7513;91;39;226;land;false;forest;1
7514;170;60;222;land;false;forest;6
7515;134;6;19;land;false;forest;6
7516;91;42;41;land;false;hills;6
7517;91;42;191;land;false;plains;6
7518;91;45;6;land;false;plains;6
7519;91;45;156;land;false;plains;6
7520;174;126;192;land;false;forest;1
7521;91;48;71;land;false;forest;6
7522;174;126;137;land;false;hills;6
7523;91;48;221;land;false;forest;6
7524;91;51;36;land;false;hills;1
7525;172;150;147;land;false;forest;1
7526;91;51;186;land;false;forest;6
7527;91;54;1;land;false;hills;1
7528;91;54;151;land;false;forest;1
7529;133;117;139;land;false;plains;1
7530;91;57;66;land;true;jungle;6
7531;91;57;171;land;true;plains;6
7532;91;60;31;land;true;plains;6
7533;173;81;152;land;false;mountain;6
7534;91;60;136;land;false;hills;6
7535;174;123;227;land;false;plains;6
7536;91;63;96;land;true;hills;1
7537;91;63;201;land;false;hills;6
7538;172;198;47;land;false;forest;6
7539;91;66;61;land;false;hills;1
7540;91;66;166;land;false;hills;6
7541;91;69;26;land;false;mountain;6
7542;170;6;37;land;false;plains;1
7543;91;69;131;land;true;forest;1
7544;91;72;46;land;false;jungle;6
7545;91;72;196;land;false;forest;6
7546;91;75;11;land;false;mountain;1
7547;91;75;161;land;false;mountain;1
7548;91;75;216;land;false;hills;6
7549;91;78;76;land;false;plains;6
7550;91;78;181;land;false;hills;6
7551;91;78;226;land;false;mountain;1
7552;91;81;41;land;false;hills;1
7553;91;81;146;land;false;plains;6
7554;91;81;191;land;false;forest;1
7555;91;84;6;land;false;hills;6
7556;91;84;156;land;false;hills;6
7557;134;12;49;land;true;plains;6
7558;91;87;71;land;true;plains;1
7559;91;87;176;land;false;plains;6
7560;91;90;36;land;false;plains;6
7561;91;90;91;land;false;plains;6
7562;91;90;141;land;false;plains;6
7563;91;93;1;land;false;forest;6
7564;131;165;224;land;false;forest;6
7565;91;93;206;land;false;hills;6
7566;172;195;82;land;false;plains;1
7567;174;210;222;land;false;hills;6
7568;91;96;171;land;false;plains;6
7569;91;99;31;land;false;forest;6
7570;133;117;34;land;true;plains;1
7571;91;99;136;land;false;marsh;6
7572;91;102;51;land;true;urban;6
7573;91;102;201;land;false;plains;1
7574;91;105;16;land;false;hills;6
7575;91;105;166;land;false;plains;6
7576;91;105;221;land;false;mountain;6
7577;91;108;81;land;false;forest;6
7578;91;108;131;land;false;plains;6
7579;176;42;217;land;false;hills;6
7580;91;111;46;land;false;plains;6
7581;91;111;151;land;false;plains;6
7582;91;111;196;land;false;hills;6
7583;91;114;11;land;true;forest;1
7584;91;114;161;land;false;hills;6
7585;170;18;52;land;false;plains;1
7586;91;117;76;land;true;hills;1
7587;91;117;181;land;false;forest;6
7588;91;120;41;land;false;plains;1
7589;91;120;96;land;false;forest;6
7590;91;120;146;land;false;desert;1
7591;91;123;6;land;true;plains;6
7592;174;123;22;land;false;forest;6
7593;91;123;211;land;false;hills;6
7594;91;126;26;land;false;hills;6
7595;91;126;71;land;true;plains;6
7596;91;126;176;land;false;plains;6
7597;91;129;36;land;false;plains;6
7598;134;12;4;land;false;hills;6
7599;91;129;141;land;false;hills;1
7600;91;132;1;land;false;plains;6
7601;91;132;56;land;true;jungle;6
7602;91;132;206;land;false;plains;1
7603;91;135;21;land;true;plains;6
7604;91;135;171;land;false;plains;6
7605;91;135;226;land;false;plains;6
7606;91;138;86;land;false;hills;6
7607;91;138;136;land;true;forest;1
7608;176;42;172;land;false;forest;6
7609;91;141;51;land;false;forest;6
7610;172;195;27;land;false;plains;1
7611;91;141;201;land;false;mountain;1
7612;91;144;16;land;true;hills;1
7613;91;144;166;land;false;hills;6
7614;135;51;59;land;false;plains;6
7615;91;147;81;land;false;mountain;1
7616;91;147;131;land;false;plains;6
7617;91;147;186;land;false;hills;6
7618;91;150;46;land;true;plains;1
7619;91;150;151;land;false;hills;6
7620;91;153;11;land;false;hills;1
7621;91;153;66;land;false;hills;6
7622;91;153;216;land;false;desert;1
7623;175;150;167;land;false;forest;6
7624;91;156;76;land;false;plains;1
7625;91;156;181;land;false;forest;6
7626;91;159;41;land;false;hills;1
7627;170;15;137;land;false;plains;6
7628;91;159;146;land;false;hills;6
7629;91;162;6;land;false;plains;1
7630;91;162;61;land;false;hills;6
7631;91;162;211;land;false;forest;6
7632;91;165;26;land;false;forest;1
7633;91;165;176;land;false;plains;6
7634;91;168;91;land;false;plains;6
7635;91;168;141;land;true;plains;1
7636;91;168;196;land;false;plains;6
7637;91;171;56;land;false;forest;6
7638;91;171;161;land;false;hills;6
7639;91;171;206;land;false;plains;6
7640;91;174;21;land;true;plains;1
7641;91;174;171;land;false;mountain;6
7642;91;174;226;land;false;plains;6
7643;91;177;86;land;false;mountain;1
7644;91;177;136;land;false;plains;1
7645;91;177;191;land;true;urban;6
7646;91;180;51;land;false;plains;1
7647;91;180;156;land;true;plains;6
7648;91;183;16;land;false;plains;6
7649;174;120;207;land;false;plains;6
7650;91;183;221;land;false;plains;6
7651;174;120;57;land;false;hills;6
7652;91;186;81;land;false;hills;6
7653;91;186;186;land;false;plains;6
7654;91;189;1;land;false;plains;6
7655;91;189;46;land;false;plains;6
7656;91;189;151;land;false;hills;6
7657;91;192;11;land;false;plains;6
7658;91;192;66;land;false;mountain;6
7659;91;192;216;land;true;forest;6
7660;91;195;31;land;false;mountain;1
7661;91;195;181;land;false;plains;1
7662;91;198;96;land;false;hills;6
7663;91;198;146;land;false;hills;6
7664;174;120;2;land;false;hills;6
7665;91;201;61;land;false;marsh;6
7666;174;117;142;land;false;plains;1
7667;91;201;211;land;false;plains;6
7668;91;204;26;land;false;hills;1
7669;175;177;207;land;false;hills;6
7670;91;204;176;land;false;forest;6
7671;91;207;91;land;false;forest;1
7672;131;153;164;land;false;mountain;6
7673;91;207;196;land;true;plains;6
7674;91;210;56;land;false;hills;6
7675;91;210;161;land;true;plains;6
7676;92;0;31;land;false;forest;6
7677;92;0;181;land;false;forest;6
7678;92;0;240;sea;true;ocean;0
7679;177;164;114;land;false;plains;1
7680;92;3;96;land;false;plains;6
7681;92;3;146;land;false;plains;6
7682;92;3;201;land;false;plains;6
7683;92;6;61;land;false;mountain;1
7684;92;6;166;land;false;hills;6
7685;92;6;211;land;false;hills;6
7686;132;156;34;land;false;mountain;6
7687;92;9;26;land;false;plains;6
7688;92;9;131;land;false;marsh;6
7689;92;9;176;land;false;plains;6
7690;132;81;149;land;true;plains;6
7691;92;12;91;land;false;forest;6
7692;175;84;182;land;false;hills;6
7693;92;12;196;land;false;plains;6
7694;178;147;72;land;false;forest;6
7695;92;14;248;sea;true;ocean;0
7696;92;15;56;land;false;forest;6
7697;92;15;161;land;false;forest;6
7698;173;12;192;land;false;plains;1
7699;134;174;194;land;false;plains;6
7700;135;6;29;land;false;plains;6
7701;92;18;21;land;false;plains;6
7702;92;18;76;land;false;hills;6
7703;92;18;226;land;false;plains;6
7704;132;3;89;land;false;plains;6
7705;173;207;202;land;false;plains;6
7706;92;21;41;land;false;hills;6
7707;92;21;86;land;false;plains;6
7708;92;21;191;land;false;plains;6
7709;175;36;27;land;false;plains;1
7710;176;165;52;land;false;forest;6
7711;92;24;6;land;false;hills;6
7712;92;24;51;land;false;plains;6
7713;92;24;156;land;false;plains;6
7714;176;69;212;land;false;forest;1
7715;255;15;160;land;false;plains;1
7716;92;27;16;land;false;forest;6
7717;92;27;71;land;false;forest;6
7718;92;27;221;land;false;mountain;6
7719;0;0;100;land;false;hills;1
7720;43;77;79;land;false;plains;1
7721;92;30;36;land;false;forest;6
7722;92;30;186;land;false;hills;6
7723;92;30;232;sea;false;ocean;0
7724;92;31;240;sea;true;ocean;0
7725;92;33;1;land;false;forest;6
7726;92;33;151;land;true;plains;6
7727;92;33;206;land;false;plains;6
7728;168;15;172;land;true;plains;6
7729;176;144;42;land;false;mountain;6
7730;168;114;32;land;false;plains;1
7731;92;36;66;land;false;plains;6
7732;92;36;171;land;false;hills;6
7733;92;36;216;land;false;plains;6
7734;171;18;157;land;false;plains;1
7735;168;111;217;land;false;plains;1
7736;92;39;31;land;false;plains;6
7737;92;39;136;land;true;plains;6
7738;92;39;181;land;true;urban;6
7739;170;60;167;land;true;plains;1
7740;134;174;139;land;true;plains;6
7741;92;42;96;land;false;plains;6
7742;175;84;77;land;false;plains;6
7743;92;42;201;land;false;plains;6
7744;92;45;61;land;false;plains;6
7745;92;45;166;land;false;plains;6
7746;92;48;26;land;false;plains;6
7747;92;48;81;land;false;plains;6
7748;92;48;131;land;false;plains;6
7749;92;51;46;land;false;forest;6
7750;92;51;91;land;false;plains;6
7751;92;51;196;land;false;plains;6
7752;92;54;11;land;false;forest;6
7753;92;54;56;land;false;hills;6
7754;92;54;161;land;false;urban;6
7755;174;117;92;land;false;hills;6
7756;92;57;76;land;false;forest;6
7757;92;57;226;land;false;plains;6
7758;92;60;41;land;false;plains;1
7759;92;60;191;land;false;plains;6
7760;92;63;6;land;false;mountain;6
7761;92;63;156;land;false;forest;6
7762;92;63;211;land;false;plains;6
7763;92;66;71;land;false;forest;6
7764;131;63;44;land;false;plains;6
7765;92;66;221;land;false;plains;6
7766;92;69;36;land;false;mountain;6
7767;92;69;141;land;false;forest;6
7768;92;69;186;sea;false;ocean;0
7769;92;72;1;land;false;forest;6
7770;92;72;151;land;false;forest;6
7771;92;72;206;land;false;hills;6
7772;92;75;66;land;false;plains;6
7773;92;75;171;land;false;plains;6
7774;92;78;31;land;false;plains;6
7775;92;78;86;land;false;plains;6
7776;92;78;136;land;false;hills;1
7777;92;81;51;land;false;plains;6
7778;92;81;96;land;false;forest;6
7779;92;81;201;land;false;plains;6
7780;92;84;16;land;false;forest;6
7781;92;84;61;land;false;hills;6
7782;92;84;166;sea;false;ocean;0
7783;174;117;37;land;true;plains;6
7784;92;87;81;land;false;plains;6
7785;92;87;131;land;false;forest;6
7786;92;90;46;land;false;plains;6
7787;92;90;196;land;false;mountain;6
7788;92;93;11;land;false;plains;1
7789;92;93;161;land;false;plains;6
7790;92;93;216;land;false;hills;6
7791;92;96;76;land;false;forest;1
7792;92;96;181;land;false;hills;6
7793;92;96;226;land;false;hills;6
7794;92;99;41;land;true;plains;1
7795;92;99;146;land;false;hills;6
7796;92;99;191;land;false;plains;6
7797;92;102;6;land;true;hills;1
7798;174;210;72;land;false;mountain;6
7799;92;102;211;land;false;plains;6
7800;92;105;71;land;false;forest;6
7801;131;171;4;land;false;plains;6
7802;92;108;36;land;false;plains;6
7803;92;108;91;land;false;plains;6
7804;92;108;141;land;false;marsh;6
7805;92;111;1;land;false;plains;6
7806;92;111;56;land;false;forest;6
7807;92;111;206;land;false;mountain;1
7808;92;114;21;land;true;hills;6
7809;92;114;66;land;false;plains;6
7810;92;114;171;land;false;plains;1
7811;174;210;17;land;false;hills;6
7812;92;117;86;land;false;hills;6
7813;135;141;179;land;false;forest;6
7814;92;120;51;land;false;plains;6
7815;92;120;201;land;false;plains;6
7816;92;123;16;land;false;plains;6
7817;92;123;166;land;false;hills;6
7818;131;210;209;land;false;plains;6
7819;92;126;81;land;false;plains;6
7820;92;126;131;land;false;forest;6
7821;92;126;186;land;false;plains;6
7822;92;129;46;land;false;plains;6
7823;92;129;151;land;false;forest;6
7824;92;129;196;land;false;forest;6
7825;92;132;11;land;false;plains;6
7826;175;81;162;land;false;plains;6
7827;92;132;216;land;false;forest;6
7828;92;135;76;land;false;forest;6
7829;92;135;181;land;true;forest;1
7830;92;138;41;land;false;forest;6
7831;92;138;96;land;false;mountain;1
7832;92;138;146;land;false;marsh;6
7833;92;141;6;land;false;mountain;6
7834;92;141;61;land;false;forest;1
7835;92;141;211;land;false;forest;6
7836;92;144;26;land;false;forest;6
7837;92;144;71;land;false;mountain;6
7838;92;144;176;land;false;forest;6
7839;175;120;12;land;true;plains;6
7840;92;147;91;land;false;plains;6
7841;92;147;141;land;false;plains;6
7842;92;150;1;land;false;forest;6
7843;92;150;56;land;false;plains;6
7844;92;150;206;land;false;marsh;6
7845;92;153;21;land;false;plains;6
7846;92;153;171;land;false;hills;6
7847;92;153;226;land;false;hills;6
7848;92;156;86;land;false;plains;6
7849;92;156;136;land;true;hills;6
7850;92;156;191;land;false;hills;6
7851;92;159;51;land;false;forest;6
7852;92;159;156;land;false;plains;6
7853;92;159;201;land;false;forest;6
7854;92;162;16;land;false;plains;6
7855;92;162;166;land;false;hills;6
7856;92;162;221;land;false;hills;6
7857;92;163;14;land;false;jungle;1
7858;92;165;81;land;false;hills;6
7859;131;183;64;land;false;plains;6
7860;92;165;186;land;false;mountain;6
7861;92;168;46;land;false;plains;6
7862;92;168;151;land;false;forest;6
7863;92;171;11;land;false;plains;6
7864;92;171;66;land;false;forest;6
7865;92;171;216;land;false;plains;6
7866;92;174;31;land;false;plains;6
7867;92;174;76;land;false;hills;6
7868;92;174;181;land;false;hills;6
7869;92;177;41;land;false;hills;6
7870;92;177;96;land;false;forest;6
7871;92;177;146;land;false;forest;6
7872;92;180;6;land;false;forest;6
7873;92;180;61;land;false;plains;6
7874;92;180;211;land;false;plains;6
7875;92;183;26;land;false;plains;1
7876;92;183;176;land;false;plains;6
7877;92;186;91;land;false;mountain;1
7878;132;30;29;land;false;mountain;6
7879;92;186;196;land;false;plains;6
7880;92;189;56;land;false;mountain;6
7881;92;189;161;land;false;plains;6
7882;92;189;206;land;true;plains;6
7883;92;192;21;land;false;mountain;6
7884;92;192;171;land;false;hills;6
7885;92;192;226;land;false;forest;6
7886;92;195;86;land;false;plains;6
7887;175;81;12;land;false;hills;6
7888;92;195;191;land;false;forest;6
7889;92;198;51;land;false;forest;6
7890;92;198;156;land;false;plains;6
7891;92;201;16;land;false;hills;6
7892;92;201;71;land;false;plains;1
7893;92;201;221;land;false;marsh;1
7894;92;204;36;land;false;plains;6
7895;92;204;81;land;false;plains;6
7896;92;204;186;land;false;hills;1
7897;92;207;1;land;false;hills;6
7898;92;207;46;land;false;forest;6
7899;92;207;151;land;false;mountain;1
7900;92;210;11;land;false;hills;6
7901;92;210;66;land;true;plains;6
7902;92;210;216;land;false;plains;6
7903;93;0;86;land;false;plains;6
7904;93;0;136;land;false;hills;6
7905;93;0;191;land;false;plains;6
7906;93;0;244;land;false;plains;6
7907;84;152;63;land;false;hills;1
7908;93;3;51;land;false;marsh;1
7909;93;3;156;land;false;plains;6
7910;188;96;100;land;false;plains;1
7911;93;6;16;land;false;forest;6
7912;93;6;71;land;false;hills;6
7913;93;6;221;land;false;plains;6
7914;130;138;129;land;false;plains;1
7915;93;9;36;land;false;jungle;6
7916;93;9;81;land;false;forest;6
7917;93;9;186;land;false;plains;6
7918;132;75;164;land;true;plains;6
7919;93;12;1;land;false;plains;6
7920;93;12;46;land;false;forest;6
7921;93;12;151;land;false;plains;6
7922;178;144;157;land;true;jungle;6
7923;93;14;232;sea;false;ocean;0
7924;93;15;11;land;false;forest;6
7925;93;15;66;land;true;plains;6
7926;93;15;216;land;false;mountain;6
7927;173;51;42;land;false;plains;1
7928;134;174;89;land;false;plains;6
7929;134;201;29;land;false;plains;6
7930;93;18;31;land;false;hills;6
7931;93;18;181;land;false;hills;6
7932;131;195;79;land;true;hills;6
7933;173;207;147;land;false;forest;1
7934;93;21;96;land;false;marsh;6
7935;93;21;146;land;false;forest;6
7936;177;204;7;land;false;forest;6
7937;255;7;40;land;false;mountain;1
7938;93;24;61;land;false;mountain;6
7939;93;24;166;land;false;forest;6
7940;93;24;211;land;false;forest;6
7941;176;69;157;land;true;plains;6
7942;132;60;89;land;false;hills;6
7943;93;27;26;land;false;plains;1
7944;93;27;131;land;false;mountain;6
7945;93;27;176;land;false;plains;1
7946;0;255;0;land;true;plains;6
7947;82;143;163;land;false;plains;1
7948;93;30;91;land;false;marsh;6
7949;131;180;204;land;false;mountain;6
7950;93;30;196;land;false;mountain;6
7951;93;30;236;sea;false;ocean;0
7952;136;114;194;land;false;hills;6
7953;93;33;56;land;true;plains;6
7954;93;33;161;land;false;forest;6
7955;168;15;22;land;false;plains;1
7956;134;144;84;land;false;plains;6
7957;135;186;59;land;true;plains;6
7958;93;36;21;land;false;plains;1
7959;93;36;76;land;false;forest;6
7960;93;36;226;land;false;forest;6
7961;171;15;192;land;false;hills;6
7962;168;111;172;land;false;forest;6
7963;93;39;41;land;false;plains;6
7964;93;39;86;land;false;plains;6
7965;93;39;191;land;false;plains;6
7966;170;60;17;land;false;plains;1
7967;134;198;214;land;false;plains;6
7968;93;42;6;land;false;plains;1
7969;93;42;51;land;false;plains;6
7970;93;42;156;land;false;forest;6
7971;93;45;16;land;false;plains;6
7972;93;45;71;land;true;hills;6
7973;93;45;221;land;false;forest;6
7974;93;48;36;land;false;hills;6
7975;93;48;186;land;false;plains;6
7976;93;51;1;land;false;hills;6
7977;93;51;151;land;false;plains;6
7978;176;162;87;land;false;plains;6
7979;93;54;66;land;false;jungle;1
7980;93;54;171;land;false;forest;6
7981;93;54;216;land;false;plains;6
7982;93;57;31;land;false;forest;6
7983;93;57;136;land;false;hills;6
7984;93;57;181;land;false;plains;6
7985;93;60;96;land;false;plains;1
7986;93;60;146;land;false;plains;6
7987;131;33;39;land;true;plains;6
7988;93;63;61;land;false;mountain;6
7989;93;63;166;land;false;plains;6
7990;93;66;26;land;false;plains;6
7991;93;66;81;land;false;hills;6
7992;93;66;131;land;true;forest;6
7993;93;69;46;land;false;hills;6
7994;93;69;91;land;false;forest;6
7995;93;69;196;land;false;plains;6
7996;93;72;11;land;false;plains;6
7997;93;72;56;land;false;plains;6
7998;93;72;161;land;false;plains;6
7999;93;75;21;land;false;hills;6
8000;169;87;152;land;false;forest;1
8001;93;75;226;land;false;forest;6
8002;93;78;41;land;false;forest;6
8003;93;78;191;land;false;plains;6
8004;93;81;6;land;false;hills;6
8005;93;81;156;land;false;plains;6
8006;131;39;69;land;false;plains;6
8007;93;84;71;land;false;plains;6
8008;93;84;176;land;false;mountain;6
8009;93;84;221;land;true;plains;1
8010;93;87;36;land;false;hills;6
8011;93;87;141;land;false;hills;6
8012;93;87;186;land;false;forest;6
8013;93;90;1;land;false;plains;6
8014;93;90;151;land;false;hills;1
8015;93;90;206;land;true;hills;6
8016;93;93;66;land;false;forest;6
8017;93;93;171;land;false;plains;6
8018;93;96;31;land;false;plains;6
8019;93;96;86;land;false;hills;6
8020;93;96;136;land;false;forest;6
8021;93;99;51;land;true;plains;6
8022;93;99;96;land;false;plains;6
8023;93;99;201;land;false;hills;6
8024;93;102;16;land;false;jungle;6
8025;93;102;61;land;false;hills;1
8026;93;102;166;land;false;plains;6
8027;93;105;26;land;false;hills;6
8028;93;105;81;land;false;plains;6
8029;93;105;131;land;false;hills;6
8030;93;108;46;land;false;hills;6
8031;93;108;196;land;true;plains;6
8032;93;111;11;land;false;forest;6
8033;93;111;161;land;false;plains;6
8034;93;111;216;land;false;forest;6
8035;93;114;76;land;true;jungle;1
8036;93;114;181;land;false;hills;6
8037;93;114;226;land;false;hills;6
8038;93;117;41;land;false;jungle;1
8039;93;117;146;land;false;forest;6
8040;93;117;191;sea;true;ocean;0
8041;93;120;6;land;false;hills;6
8042;93;120;156;land;false;mountain;6
8043;93;120;211;land;true;plains;6
8044;93;123;71;land;false;plains;6
8045;93;123;176;land;false;hills;6
8046;93;126;36;land;false;jungle;1
8047;93;126;91;land;true;plains;6
8048;93;126;141;land;false;forest;6
8049;93;129;1;land;false;hills;6
8050;93;129;56;land;false;mountain;6
8051;131;108;29;land;false;hills;6
8052;93;132;21;land;false;plains;6
8053;93;132;66;land;false;plains;6
8054;93;132;171;land;false;plains;6
8055;93;135;31;land;false;forest;6
8056;134;54;219;land;false;plains;6
8057;93;135;136;land;false;plains;6
8058;93;138;51;land;false;plains;6
8059;93;138;201;land;false;plains;6
8060;93;141;16;land;false;plains;6
8061;93;141;166;land;false;hills;1
8062;93;141;221;land;false;hills;6
8063;93;144;81;land;false;hills;6
8064;93;144;131;land;false;plains;6
8065;93;144;186;land;false;hills;6
8066;93;147;46;land;false;forest;6
8067;93;147;151;land;true;plains;6
8068;93;147;196;land;false;plains;6
8069;93;150;11;land;false;hills;1
8070;93;150;161;land;false;plains;6
8071;93;150;216;land;false;plains;6
8072;93;153;76;land;false;plains;6
8073;93;153;181;land;false;plains;6
8074;93;156;41;land;false;plains;1
8075;93;156;96;land;true;plains;6
8076;93;156;146;land;false;forest;6
8077;93;159;6;land;false;hills;1
8078;93;159;61;land;false;plains;6
8079;93;159;211;land;false;urban;6
8080;93;162;26;land;false;jungle;6
8081;93;162;71;land;false;hills;6
8082;93;162;176;land;false;hills;6
8083;93;165;36;land;false;hills;1
8084;93;165;91;land;false;mountain;6
8085;93;165;141;land;false;plains;6
8086;93;168;1;land;false;mountain;6
8087;93;168;56;land;false;jungle;6
8088;93;168;206;land;true;plains;1
8089;93;171;21;land;false;plains;6
8090;93;171;171;land;false;plains;6
8091;93;171;226;land;true;plains;6
8092;93;174;86;land;true;forest;6
8093;93;174;136;land;false;hills;6
8094;93;174;191;land;true;forest;6
8095;93;177;51;land;false;plains;6
8096;93;177;156;land;false;hills;6
8097;93;177;201;land;false;plains;6
8098;93;180;16;land;false;hills;6
8099;93;180;166;land;false;plains;1
8100;93;180;221;land;false;jungle;6
8101;93;183;81;land;true;plains;6
8102;93;183;131;land;false;plains;6
8103;93;183;186;land;true;plains;6
8104;93;186;46;land;false;plains;6
8105;93;186;151;land;false;hills;6
8106;93;189;11;land;false;plains;6
8107;93;189;66;land;true;hills;6
8108;93;189;216;land;false;hills;6
8109;93;192;31;land;false;forest;6
8110;93;192;76;land;false;forest;1
8111;93;192;181;land;false;jungle;1
8112;93;195;41;land;false;forest;6
8113;93;195;96;land;false;desert;1
8114;93;195;146;land;false;hills;6
8115;93;198;6;land;false;plains;6
8116;93;198;61;land;false;plains;6
8117;93;198;211;land;false;forest;6
8118;93;201;26;land;false;plains;6
8119;93;201;176;land;false;plains;6
8120;93;204;91;land;false;hills;6
8121;93;204;141;land;false;hills;6
8122;93;204;196;land;false;plains;6
8123;93;207;56;land;false;forest;6
8124;93;207;161;land;true;plains;6
8125;93;207;206;land;true;plains;6
8126;93;210;21;land;false;forest;6
8127;93;210;171;land;false;hills;6
8128;93;210;226;land;true;plains;1
8129;94;0;41;land;false;hills;6
8130;176;42;67;land;false;plains;6
8131;94;0;248;land;false;plains;6
8132;71;136;60;land;false;hills;1
8133;94;3;6;land;false;hills;6
8134;175;150;17;land;true;plains;6
8135;198;232;204;land;false;mountain;1
8136;94;6;176;land;false;hills;6
8137;130;147;224;land;false;plains;1
8138;94;9;141;land;false;hills;6
8139;133;114;174;land;false;plains;6
8140;94;12;206;land;false;forest;6
8141;173;207;97;land;true;plains;6
8142;94;14;236;sea;false;ocean;0
8143;94;15;21;land;false;hills;6
8144;94;15;171;land;false;forest;6
8145;173;48;227;land;false;plains;1
8146;134;171;174;land;false;forest;6
8147;135;3;214;land;false;plains;6
8148;94;18;86;land;false;forest;6
8149;94;18;136;land;true;plains;6
8150;131;195;24;land;false;plains;6
8151;173;204;182;land;false;hills;1
8152;176;39;207;land;false;hills;6
8153;175;33;167;land;false;forest;6
8154;176;159;227;land;false;hills;6
8155;175;147;202;land;false;jungle;6
8156;176;69;7;land;false;mountain;1
8157;94;27;81;land;false;mountain;6
8158;0;225;255;land;false;forest;6
8159;177;81;77;land;false;hills;6
8160;94;30;46;land;true;plains;6
8161;94;30;151;land;false;plains;6
8162;94;30;240;sea;true;ocean;0
8163;174;93;222;land;false;forest;6
8164;94;33;11;land;false;hills;6
8165;175;147;157;land;false;hills;6
8166;168;12;207;land;false;plains;6
8167;134;141;224;land;false;mountain;1
8168;168;111;67;land;false;plains;1
8169;131;51;29;land;false;plains;6
8170;171;15;147;land;false;plains;1
8171;168;135;42;land;false;hills;6
8172;94;39;146;land;false;forest;6
8173;171;201;152;land;false;plains;1
8174;134;198;64;land;false;marsh;6
8175;94;42;211;land;false;plains;6
8176;94;45;26;land;false;hills;6
8177;94;45;176;land;false;hills;6
8178;94;48;91;land;false;mountain;6
8179;94;48;141;land;false;forest;6
8180;174;66;227;land;false;plains;6
8181;94;54;21;land;false;forest;6
8182;94;57;86;land;false;plains;6
8183;94;60;51;land;false;forest;6
8184;94;60;156;land;false;hills;6
8185;94;63;16;land;true;plains;6
8186;131;123;159;land;false;forest;6
8187;94;66;186;land;false;forest;6
8188;94;69;151;land;false;hills;6
8189;94;72;216;land;false;hills;6
8190;94;75;31;land;false;hills;6
8191;94;75;181;land;true;plains;6
8192;94;78;96;land;false;hills;6
8193;94;78;146;land;false;mountain;6
8194;94;81;61;land;false;marsh;6
8195;94;84;26;land;false;plains;6
8196;94;87;91;land;false;plains;6
8197;94;90;56;land;false;hills;6
8198;170;108;67;land;false;forest;6
8199;94;93;21;land;true;hills;6
8200;176;39;152;land;false;forest;6
8201;94;96;191;land;false;forest;6
8202;94;99;156;land;false;hills;6
8203;94;102;221;land;false;forest;6
8204;175;117;197;land;false;forest;6
8205;94;105;186;land;false;plains;6
8206;174;207;52;land;false;plains;6
8207;94;108;151;land;false;hills;6
8208;94;111;66;land;false;plains;6
8209;175;177;162;land;false;hills;6
8210;94;117;96;land;false;plains;6
8211;94;120;61;land;true;plains;6
8212;172;192;62;land;false;plains;6
8213;94;123;26;land;true;plains;6
8214;94;123;131;land;false;mountain;6
8215;94;126;196;land;false;plains;6
8216;94;129;161;land;false;forest;6
8217;94;132;226;land;true;forest;6
8218;170;105;152;land;false;plains;1
8219;94;135;191;land;false;plains;6
8220;175;18;37;land;false;forest;6
8221;94;138;156;land;false;plains;6
8222;94;141;71;land;false;forest;6
8223;94;144;36;land;false;hills;6
8224;94;147;1;land;false;hills;6
8225;94;150;66;land;true;plains;6
8226;94;150;171;land;false;plains;6
8227;94;153;31;land;false;plains;6
8228;176;39;2;land;false;plains;6
8229;94;156;201;land;false;forest;6
8230;172;189;202;land;false;plains;1
8231;94;162;131;land;false;hills;6
8232;175;117;47;land;false;forest;6
8233;94;165;196;land;false;forest;6
8234;174;114;72;land;true;plains;6
8235;170;15;87;land;false;hills;1
8236;94;171;51;land;false;forest;6
8237;175;147;52;land;false;hills;1
8238;94;174;41;land;false;plains;6
8239;94;177;6;land;false;hills;6
8240;94;180;71;land;true;forest;6
8241;175;114;187;land;false;forest;6
8242;94;183;36;land;false;hills;6
8243;176;36;187;land;false;plains;6
8244;94;186;1;land;false;hills;6
8245;94;186;206;land;false;hills;6
8246;176;159;172;land;false;hills;6
8247;175;177;57;land;false;plains;6
8248;94;195;201;land;false;marsh;6
8249;174;207;7;land;true;plains;6
8250;135;48;199;land;true;plains;6
8251;94;201;81;land;false;hills;6
8252;94;201;131;land;true;plains;6
8253;94;204;46;land;false;forest;6
8254;94;207;11;land;true;plains;6
8255;94;210;76;land;false;plains;6
8256;95;0;232;sea;true;ocean;0
8257;117;139;104;land;false;forest;6
8258;34;134;177;land;false;plains;1
8259;176;93;132;land;false;plains;6
8260;132;183;74;land;false;marsh;1
8261;135;114;139;land;false;plains;6
8262;95;14;240;sea;true;ocean;0
8263;175;78;197;land;false;plains;6
8264;134;171;24;land;false;mountain;1
8265;135;3;64;land;false;forest;6
8266;131;192;164;land;false;plains;6
8267;173;204;137;land;false;plains;6
8268;175;33;62;land;false;forest;6
8269;134;9;189;land;false;plains;1
8270;176;162;192;land;false;hills;6
8271;255;127;127;land;false;forest;1
8272;124;152;75;land;true;plains;6
8273;95;30;244;sea;true;ocean;0
8274;136;66;144;land;false;plains;6
8275;171;111;87;land;false;plains;1
8276;134;141;169;land;false;mountain;6
8277;131;144;9;land;false;plains;6
8278;171;15;42;land;false;plains;1
8279;168;108;152;land;false;plains;1
8280;171;201;2;land;false;forest;1
8281;175;72;62;land;true;hills;1
8282;96;0;236;sea;true;ocean;0
8283;177;111;132;land;false;hills;6
8284;168;248;79;land;false;plains;6
8285;176;93;82;land;false;forest;6
8286;133;36;174;land;false;plains;6
8287;135;114;89;land;false;forest;6
8288;96;14;244;sea;true;ocean;0
8289;175;78;47;land;true;plains;6
8290;135;102;224;sea;true;ocean;0
8291;134;195;149;land;false;mountain;1
8292;131;192;59;land;true;plains;1
8293;173;204;32;land;false;hills;1
8294;175;30;147;land;false;forest;6
8295;175;30;97;land;false;forest;1
8296;176;66;192;land;false;plains;6
8297;178;3;77;land;false;forest;6
8298;177;81;22;land;false;hills;1
8299;96;30;248;sea;false;ocean;0
8300;96;31;236;sea;true;ocean;0
8301;171;108;227;land;false;marsh;1
8302;134;141;19;land;false;plains;6
8303;135;186;4;land;false;hills;6
8304;171;12;227;land;false;plains;6
8305;170;201;47;land;false;jungle;1
8306;134;162;74;land;false;plains;6
8307;134;195;99;land;false;hills;6
8308;97;0;240;sea;true;ocean;0
8309;177;90;222;land;false;plains;6
8310;224;93;214;land;false;plains;6
8311;176;129;222;land;false;plains;6
8312;169;135;147;land;false;plains;6
8313;169;168;67;land;false;hills;6
8314;97;14;248;sea;false;ocean;0
8315;173;39;82;land;false;forest;6
8316;135;102;179;land;false;forest;6
8317;135;3;9;land;false;hills;1
8318;131;189;199;land;false;forest;6
8319;173;201;217;land;false;forest;6
8320;175;27;182;land;false;hills;6
8321;175;162;32;land;false;hills;6
8322;176;201;137;land;false;forest;6
8323;176;129;167;land;false;hills;6
8324;178;54;142;land;false;hills;6
8325;177;174;207;land;false;plains;1
8326;97;31;240;sea;true;ocean;0
8327;171;108;172;land;false;jungle;1
8328;134;138;204;land;false;plains;6
8329;135;183;144;land;false;plains;6
8330;171;12;182;land;true;plains;1
8331;170;198;132;land;true;plains;1
8332;134;162;29;land;false;forest;6
8333;131;126;169;land;false;plains;6
8334;98;0;244;sea;true;ocean;0
8335;255;61;254;land;false;forest;6
8336;11;82;182;sea;false;ocean;0
8337;176;93;27;land;false;forest;6
8338;133;147;39;land;false;forest;6
8339;173;201;172;land;false;plains;6
8340;98;14;232;sea;true;ocean;0
8341;173;39;27;land;false;plains;6
8342;135;102;74;land;false;hills;6
8343;132;207;199;land;false;plains;6
8344;173;201;67;land;true;plains;6
8345;175;27;32;land;false;hills;1
8346;175;24;217;land;true;plains;1
8347;176;201;87;land;false;urban;6
8348;177;90;177;land;false;forest;6
8349;178;0;12;land;false;plains;6
8350;175;144;192;land;false;plains;6
8351;177;174;57;land;true;forest;6
8352;98;31;244;sea;true;ocean;0
8353;171;108;22;land;false;desert;1
8354;134;138;54;land;false;plains;6
8355;135;183;94;land;false;jungle;6
8356;171;12;77;land;false;plains;1
8357;170;198;82;land;true;plains;1
8358;134;159;214;land;false;plains;6
8359;168;105;187;land;false;forest;1
8360;98;98;98;land;true;plains;6
8361;99;0;248;sea;false;ocean;0
8362;255;61;253;land;false;plains;6
8363;169;3;103;land;true;forest;6
8364;176;129;17;land;false;marsh;6
8365;169;129;67;land;false;marsh;1
8366;169;165;207;land;false;plains;1
8367;99;14;236;sea;true;ocean;0
8368;173;36;167;land;true;forest;1
8369;135;99;214;land;true;forest;6
8370;132;177;139;land;false;forest;6
8371;132;207;144;land;false;hills;6
8372;173;198;207;land;false;forest;6
8373;176;18;142;land;false;hills;6
8374;255;5;120;land;false;hills;1
8375;176;198;227;land;false;forest;6
8376;178;51;177;land;false;plains;6
8377;174;204;192;land;false;hills;6
8378;177;174;2;land;false;hills;6
8379;99;31;248;sea;false;ocean;0
8380;171;105;207;land;false;desert;1
8381;134;135;139;land;false;plains;6
8382;135;183;39;land;false;plains;6
8383;172;78;27;land;true;plains;1
8384;170;198;27;land;false;mountain;1
8385;134;159;64;land;false;plains;6
8386;177;144;202;land;false;hills;6
8387;255;4;40;land;false;forest;6
8388;41;48;27;land;false;forest;6
8389;206;169;161;land;true;plains;6
8390;176;126;202;land;false;plains;6
8391;169;126;207;land;false;forest;6
8392;173;198;152;land;false;forest;6
8393;100;14;240;sea;false;ocean;0
8394;173;36;62;land;true;hills;1
8395;133;135;79;land;false;forest;6
8396;131;189;144;land;false;hills;1
8397;174;114;27;land;false;mountain;6
8398;175;24;67;land;false;plains;6
8399;255;3;160;land;false;forest;1
8400;176;198;172;land;false;plains;1
8401;178;48;212;land;false;forest;6
8402;178;45;147;land;false;hills;6
8403;100;30;244;sea;true;ocean;0
8404;100;32;232;sea;true;ocean;0
8405;168;12;57;land;false;plains;1
8406;134;108;49;land;false;plains;6
8407;135;180;179;land;false;plains;6
8408;170;165;162;land;false;forest;6
8409;171;9;217;land;false;forest;1
8410;170;195;167;land;false;forest;6
8411;134;159;9;land;false;plains;6
8412;134;9;84;land;false;hills;6
8413;255;61;252;land;true;jungle;1
8414;86;181;96;land;false;plains;1
8415;130;171;144;land;false;forest;1
8416;176;126;52;land;false;forest;6
8417;173;198;2;land;true;plains;1
8418;101;14;244;sea;false;ocean;0
8419;173;36;17;land;false;plains;6
8420;134;168;209;land;false;mountain;6
8421;131;189;94;land;false;hills;6
8422;178;141;192;land;false;forest;6
8423;175;21;207;land;false;mountain;6
8424;255;3;3;land;true;urban;1
8425;176;198;22;land;false;mountain;6
8426;178;42;182;land;false;plains;6
8427;178;39;217;land;false;plains;6
8428;101;32;236;sea;true;ocean;0
8429;168;12;2;land;false;plains;1
8430;134;129;209;land;false;plains;6
8431;135;180;74;land;false;plains;6
8432;168;42;212;land;false;plains;1
8433;170;195;62;land;false;forest;6
8434;134;156;149;land;false;plains;6
8435;101;198;199;land;false;plains;1
8436;130;168;134;land;false;forest;1
8437;131;103;169;land;false;plains;1
8438;19;97;36;land;false;forest;6
8439;172;114;212;land;true;plains;1
8440;169;126;152;land;false;mountain;6
8441;173;195;187;land;true;mountain;1
8442;102;14;248;sea;true;ocean;0
8443;135;0;149;land;false;hills;6
8444;170;3;177;land;false;desert;1
8445;131;186;179;land;false;forest;1
8446;175;114;132;land;false;plains;6
8447;177;51;72;land;false;hills;6
8448;255;2;120;land;false;plains;1
8449;176;195;207;land;true;hills;1
8450;102;25;240;sea;false;ocean;0
8451;178;39;12;land;true;plains;6
8452;177;78;162;land;false;mountain;6
8453;102;30;232;sea;true;ocean;0
8454;102;32;240;sea;false;ocean;0
8455;168;9;142;land;false;plains;1
8456;134;105;134;land;false;mountain;6
8457;134;87;39;land;false;forest;6
8458;169;0;202;land;false;hills;1
8459;170;195;17;land;false;plains;1
8460;134;156;99;land;false;plains;6
8461;130;165;214;land;false;plains;1
8462;102;184;149;sea;false;ocean;0
8463;174;204;87;land;false;mountain;6
8464;17;16;183;sea;true;ocean;0
8465;131;129;134;land;false;plains;1
8466;172;114;62;land;false;hills;1
8467;133;174;79;land;false;hills;6
8468;178;138;227;land;true;jungle;6
8469;103;14;232;sea;false;ocean;0
8470;173;33;202;land;false;plains;1
8471;133;132;14;land;false;mountain;1
8472;131;186;134;land;false;plains;6
8473;178;135;162;land;false;forest;6
8474;177;51;17;land;false;forest;6
8475;255;1;40;land;false;hills;1
8476;176;195;162;land;false;plains;6
8477;135;99;159;land;false;plains;6
8478;43;75;39;land;false;hills;1
8479;178;36;47;land;true;plains;6
8480;177;78;57;land;false;hills;6
8481;103;30;236;sea;true;ocean;0
8482;103;32;244;sea;true;ocean;0
8483;168;9;92;land;false;forest;1
8484;134;105;84;land;false;plains;6
8485;134;84;224;land;false;plains;6
8486;169;0;52;land;false;plains;1
8487;170;192;202;land;false;forest;1
8488;171;198;187;land;false;marsh;1
8489;174;45;67;land;false;plains;6
8490;255;61;133;land;true;plains;6
8491;71;76;99;land;false;plains;1
8492;104;4;244;sea;false;ocean;0
8493;134;129;59;land;false;plains;6
8494;169;126;2;land;false;forest;6
8495;255;0;0;land;true;plains;6
8496;104;14;236;sea;false;ocean;0
8497;173;33;97;land;true;jungle;1
8498;134;168;59;land;false;mountain;6
8499;132;207;94;land;true;plains;6
8500;178;132;197;land;false;hills;6
8501;177;48;157;land;false;plains;6
8502;254;123;76;sea;false;ocean;0
8503;176;195;57;land;false;mountain;1
8504;135;99;9;land;false;plains;6
8505;66;127;100;land;false;plains;1
8506;178;33;82;land;false;forest;6
8507;177;78;12;land;false;hills;6
8508;175;174;197;land;false;forest;6
8509;238;149;159;sea;false;ocean;0
8510;136;111;24;land;false;hills;6
8511;171;132;97;land;false;plains;1
8512;134;84;179;land;false;hills;6
8513;168;210;182;land;true;plains;6
8514;170;165;57;land;false;forest;1
8515;171;198;142;land;false;plains;1
8516;174;42;207;land;true;hills;6
8517;105;0;232;sea;true;ocean;0
8518;105;4;248;sea;false;ocean;0
8519;134;129;4;land;false;hills;6
8520;133;114;24;land;false;hills;6
8521;134;156;44;land;false;hills;6
8522;105;14;240;sea;false;ocean;0
8523;173;33;52;land;false;plains;6
8524;174;96;132;land;true;plains;6
8525;132;204;179;land;true;plains;6
8526;176;36;37;land;false;forest;6
8527;175;21;152;land;true;plains;6
8528;214;55;134;sea;false;ocean;0
8529;176;192;197;land;false;hills;6
8530;105;25;232;sea;true;ocean;0
8531;40;39;82;land;false;plains;1
8532;255;61;132;land;true;jungle;1
8533;105;30;244;sea;true;ocean;0
8534;210;90;30;land;false;forest;1
8535;136;108;164;land;false;forest;6
8536;134;126;144;land;false;plains;6
8537;168;189;67;land;false;plains;6
8538;168;210;77;land;true;jungle;6
8539;168;105;37;land;false;hills;6
8540;171;198;37;land;false;forest;1
8541;174;42;152;land;true;urban;6
8542;106;0;236;sea;true;ocean;0
8543;106;6;232;sea;true;ocean;0
8544;176;123;137;land;false;plains;6
8545;169;135;97;land;false;forest;1
8546;106;14;244;sea;false;ocean;0
8547;173;30;137;land;false;forest;6
8548;132;204;134;land;false;mountain;1
8549;178;129;27;land;false;forest;6
8550;177;48;52;land;false;forest;1
8551;199;16;94;land;false;marsh;6
8552;135;15;174;land;false;plains;6
8553;62;46;110;land;false;plains;1
8554;255;61;131;land;false;mountain;1
8555;137;216;165;land;false;plains;6
8556;106;30;248;sea;true;ocean;0
8557;106;32;236;sea;true;ocean;0
8558;168;93;77;land;false;plains;1
8559;134;126;94;land;false;hills;6
8560;168;189;22;land;false;forest;6
8561;168;207;217;land;false;plains;1
8562;172;27;12;land;false;hills;1
8563;175;174;92;land;false;forest;6
8564;173;132;212;land;false;hills;6
8565;107;0;240;sea;true;ocean;0
8566;107;6;236;land;false;forest;1
8567;176;141;182;land;false;plains;6
8568;169;132;182;land;false;forest;1
8569;107;14;248;sea;false;ocean;0
8570;135;96;194;land;true;plains;6
8571;169;123;37;land;false;jungle;1
8572;133;42;99;land;false;forest;6
8573;170;126;162;land;false;hills;6
8574;177;48;7;land;false;hills;6
8575;170;15;32;land;false;plains;6
8576;121;108;73;land;false;plains;1
8577;143;28;80;land;false;marsh;1
8578;214;89;237;land;false;forest;6
8579;107;30;232;sea;false;ocean;0
8580;107;32;240;sea;true;ocean;0
8581;168;93;22;land;false;hills;6
8582;134;126;39;land;false;hills;6
8583;168;186;207;land;true;plains;1
8584;135;168;219;land;false;forest;6
8585;170;165;12;land;false;jungle;1
8586;132;153;69;land;false;mountain;6
8587;174;42;2;land;false;forest;6
8588;108;0;244;sea;false;ocean;0
8589;108;6;240;land;false;forest;1
8590;172;102;47;land;false;plains;1
8591;133;30;39;land;false;hills;6
8592;108;14;232;sea;false;ocean;0
8593;173;12;42;land;false;hills;6
8594;169;120;222;land;false;hills;1
8595;76;254;206;land;false;plains;1
8596;178;126;62;land;false;hills;6
8597;177;45;192;land;false;plains;6
8598;178;210;47;land;false;forest;6
8599;176;192;92;land;false;hills;6
8600;20;47;27;land;false;plains;1
8601;110;197;243;land;false;jungle;6
8602;74;32;152;land;false;plains;6
8603;108;30;236;sea;false;ocean;0
8604;108;32;244;sea;true;ocean;0
8605;168;90;162;land;true;plains;6
8606;134;123;179;land;false;plains;6
8607;168;186;57;land;false;forest;1
8608;172;75;212;land;false;hills;1
8609;170;162;197;land;false;forest;6
8610;132;153;14;land;true;plains;6
8611;132;57;174;land;true;plains;6
8612;109;0;248;sea;true;ocean;0
8613;177;111;82;land;false;hills;6
8614;109;6;244;sea;true;ocean;0
8615;134;123;74;land;false;plains;6
8616;132;180;159;land;false;mountain;6
8617;176;189;177;land;false;forest;6
8618;109;14;236;sea;false;ocean;0
8619;173;9;227;land;true;hills;6
8620;169;120;72;land;false;plains;1
8621;109;16;244;sea;false;ocean;0
8622;109;17;244;land;false;urban;1
8623;135;114;34;land;false;plains;6
8624;178;207;132;land;true;jungle;6
8625;177;45;87;land;false;plains;6
8626;178;123;97;land;false;plains;6
8627;176;189;27;land;false;plains;1
8628;53;51;132;land;false;plains;1
8629;219;136;90;land;false;plains;1
8630;84;82;210;land;false;plains;1
8631;109;30;240;sea;false;ocean;0
8632;109;32;248;sea;true;ocean;0
8633;168;90;57;land;false;mountain;1
8634;172;114;7;land;true;plains;1
8635;168;186;2;land;false;forest;1
8636;172;75;62;land;false;mountain;1
8637;170;162;92;land;false;plains;6
8638;171;177;132;land;true;urban;1
8639;131;15;199;land;false;hills;6
8640;110;0;232;sea;true;ocean;0
8641;131;129;84;land;false;plains;6
8642;172;180;2;land;false;plains;1
8643;110;8;236;sea;false;ocean;0
8644;133;114;69;land;false;forest;6
8645;178;207;82;land;false;forest;6
8646;110;14;240;sea;false;ocean;0
8647;173;9;77;land;false;plains;6
8648;134;192;184;land;false;mountain;6
8649;132;201;169;land;false;hills;1
8650;178;204;167;land;true;plains;6
8651;178;204;17;land;false;hills;6
8652;135;48;144;land;false;forest;6
8653;131;204;74;land;true;plains;6
8654;50;59;40;land;false;plains;1
8655;178;246;249;land;false;plains;1
8656;191;135;77;land;false;plains;6
8657;110;30;244;sea;true;ocean;0
8658;178;198;137;land;false;forest;6
8659;168;87;197;land;false;plains;1
8660;172;111;147;land;true;plains;1
8661;170;162;47;land;false;plains;1
8662;172;72;147;land;false;forest;6
8663;172;24;197;land;true;plains;1
8664;171;177;82;land;false;plains;1
8665;174;66;182;land;true;plains;6
8666;171;63;92;land;false;forest;1
8667;10;12;180;sea;true;ocean;0
8668;111;6;232;land;true;plains;1
8669;171;177;27;land;false;plains;1
8670;133;198;159;land;false;hills;6
8671;172;189;147;land;false;plains;1
8672;111;14;244;sea;false;ocean;0
8673;135;96;44;land;true;plains;6
8674;169;120;17;land;false;forest;1
8675;134;192;79;land;false;forest;6
8676;173;0;132;land;false;forest;6
8677;177;3;172;land;false;hills;6
8678;177;45;42;land;false;plains;6
8679;178;114;152;land;false;hills;6
8680;85;92;106;land;false;plains;1
8681;173;81;47;land;false;forest;6
8682;255;61;129;land;false;mountain;1
8683;111;30;248;sea;false;ocean;0
8684;176;66;42;land;false;plains;6
8685;171;63;37;land;false;plains;1
8686;172;111;97;land;false;plains;6
8687;168;183;142;land;false;plains;6
8688;172;72;97;land;false;plains;1
8689;172;24;47;land;false;forest;6
8690;132;150;154;land;false;forest;6
8691;174;63;217;land;false;forest;6
8692;112;0;240;sea;true;ocean;0
8693;255;61;128;land;false;plains;1
8694;112;6;236;sea;true;ocean;0
8695;133;33;4;land;false;hills;6
8696;133;39;184;land;false;plains;6
8697;176;33;222;land;false;forest;6
8698;112;14;248;sea;false;ocean;0
8699;135;93;129;land;false;hills;6
8700;169;117;157;land;false;mountain;1
8701;133;84;19;land;false;hills;6
8702;178;114;2;land;false;plains;6
8703;175;144;137;land;false;hills;1
8704;178;111;187;land;true;plains;6
8705;29;34;44;land;false;plains;1
8706;131;51;134;land;false;plains;1
8707;177;90;72;land;false;hills;6
8708;112;30;232;sea;true;ocean;0
8709;178;27;52;land;false;forest;6
8710;171;60;177;land;true;plains;1
8711;172;108;182;land;false;plains;1
8712;168;162;132;land;false;forest;6
8713;172;69;77;land;false;plains;1
8714;172;21;132;land;false;plains;1
8715;171;195;222;land;false;marsh;1
8716;131;120;89;land;true;plains;1
8717;113;0;244;sea;false;ocean;0
8718;165;36;199;land;false;jungle;1
8719;135;48;94;land;false;plains;6
8720;131;93;49;land;false;hills;6
8721;133;189;164;land;false;hills;6
8722;178;192;2;land;false;hills;6
8723;113;14;232;sea;false;ocean;0
8724;135;93;79;land;false;forest;6
8725;135;0;99;land;false;plains;1
8726;134;192;34;land;false;plains;6
8727;133;81;204;land;false;plains;6
8728;178;111;37;land;false;plains;6
8729;176;33;72;land;false;mountain;6
8730;178;108;222;land;false;forest;6
8731;49;89;119;land;false;plains;1
8732;255;60;160;land;false;hills;6
8733;255;59;120;land;false;forest;1
8734;113;30;236;sea;false;ocean;0
8735;132;171;164;land;false;plains;6
8736;170;105;47;land;false;plains;1
8737;176;123;87;land;false;plains;6
8738;168;162;82;land;true;forest;6
8739;168;207;162;land;false;hills;1
8740;170;180;142;land;false;forest;1
8741;171;195;177;land;false;forest;1
8742;132;168;144;land;false;forest;6
8743;114;0;248;sea;false;ocean;0
8744;61;248;94;land;true;urban;1
8745;135;156;204;land;false;plains;6
8746;168;48;92;land;false;plains;1
8747;132;198;204;land;false;plains;1
8748;174;21;92;land;false;forest;6
8749;114;14;236;sea;false;ocean;0
8750;135;93;24;land;false;jungle;6
8751;172;144;12;land;false;plains;1
8752;178;105;157;land;false;plains;6
8753;175;114;82;land;false;plains;6
8754;172;189;97;land;false;mountain;1
8755;33;51;69;land;false;hills;1
8756;255;58;40;land;false;forest;6
8757;255;57;160;land;false;plains;1
8758;114;30;240;sea;false;ocean;0
8759;178;24;137;land;false;plains;6
8760;170;102;82;land;false;plains;1
8761;172;108;77;land;false;plains;1
8762;168;162;27;land;false;plains;1
8763;135;168;164;land;true;plains;6
8764;172;21;82;land;true;plains;1
8765;171;195;72;land;true;plains;1
8766;175;171;177;land;true;plains;1
8767;115;0;232;sea;false;ocean;0
8768;115;6;248;sea;false;ocean;0
8769;134;153;184;land;false;plains;6
8770;169;165;152;land;false;forest;1
8771;175;144;87;land;false;plains;6
8772;115;14;240;sea;true;ocean;0
8773;135;90;164;land;false;plains;6
8774;133;198;54;land;true;plains;1
8775;178;99;22;land;false;plains;6
8776;178;186;72;land;true;plains;6
8777;174;21;47;land;false;hills;6
8778;96;20;43;land;false;hills;1
8779;255;56;120;land;false;forest;6
8780;177;210;197;land;false;forest;6
8781;115;30;244;sea;false;ocean;0
8782;115;32;232;sea;true;ocean;0
8783;134;120;214;land;false;plains;6
8784;168;159;167;land;true;plains;6
8785;135;168;14;land;false;plains;6
8786;172;21;27;land;true;plains;1
8787;171;192;212;land;false;forest;1
8788;169;87;47;land;false;plains;1
8789;116;0;236;sea;true;ocean;0
8790;171;81;187;land;false;plains;1
8791;131;186;29;land;false;jungle;1
8792;170;99;222;land;false;plains;1
8793;116;14;244;sea;false;ocean;0
8794;135;90;59;land;false;plains;6
8795;169;117;7;land;false;plains;1
8796;132;27;169;land;false;forest;6
8797;133;195;194;land;false;forest;6
8798;178;96;57;land;false;hills;6
8799;178;183;7;land;false;forest;6
8800;173;48;182;land;false;plains;6
8801;92;105;115;land;false;plains;1
8802;132;141;159;land;true;forest;6
8803;177;210;142;land;false;hills;6
8804;116;30;248;sea;false;ocean;0
8805;136;168;174;land;false;hills;6
8806;171;60;72;land;false;forest;1
8807;174;96;187;land;false;plains;6
8808;168;159;62;land;false;forest;1
8809;135;165;199;land;false;forest;6
8810;172;18;62;land;false;plains;1
8811;171;192;7;land;false;plains;1
8812;168;207;12;land;false;plains;1
8813;117;0;240;sea;true;ocean;0
8814;170;126;57;land;false;jungle;1
8815;135;156;54;land;false;forest;6
8816;171;105;162;land;false;hills;1
8817;133;3;149;land;true;forest;1
8818;173;195;37;land;false;plains;6
8819;117;14;248;sea;false;ocean;0
8820;135;90;14;land;false;hills;6
8821;135;0;44;land;false;hills;6
8822;134;9;39;land;false;forest;6
8823;178;93;92;land;false;plains;6
8824;178;180;42;land;false;plains;6
8825;174;18;82;land;false;plains;6
8826;135;87;199;land;false;plains;6
8827;86;61;123;land;false;plains;1
8828;132;123;64;land;false;forest;1
8829;177;210;92;land;false;hills;6
8830;117;30;232;sea;false;ocean;0
8831;176;63;227;land;false;plains;6
8832;168;87;142;land;true;plains;1
8833;134;120;9;land;false;plains;1
8834;168;183;92;land;false;forest;1
8835;135;165;154;land;false;jungle;6
8836;172;18;17;land;false;plains;6
8837;171;189;192;land;false;forest;6
8838;117;40;232;sea;true;ocean;0
8839;118;0;244;sea;true;ocean;0
8840;118;2;247;sea;false;ocean;0
8841;135;153;139;land;false;plains;6
8842;171;105;57;land;false;plains;1
8843;133;3;99;land;false;hills;6
8844;173;165;182;land;false;plains;6
8845;118;14;232;sea;true;ocean;0
8846;173;9;22;land;false;plains;1
8847;169;114;192;land;false;plains;1
8848;133;195;139;land;false;forest;6
8849;178;90;27;land;false;forest;6
8850;178;177;77;land;false;forest;6
8851;178;174;162;land;true;jungle;6
8852;135;87;94;land;false;plains;6
8853;7;175;101;land;false;mountain;1
8854;137;77;75;land;false;hills;1
8855;170;12;172;land;false;jungle;1
8856;118;30;236;sea;false;ocean;0
8857;134;54;174;land;false;marsh;6
8858;168;87;92;land;true;plains;6
8859;134;117;194;land;false;plains;6
8860;168;183;37;land;false;forest;1
8861;171;9;162;land;true;forest;1
8862;172;15;202;land;false;forest;1
8863;171;189;42;land;false;plains;1
8864;118;40;236;sea;true;ocean;0
8865;119;0;248;sea;true;ocean;0
8866;170;99;17;land;false;forest;1
8867;135;153;89;land;false;plains;1
8868;134;153;129;land;false;mountain;6
8869;132;3;44;land;true;forest;6
8870;176;63;144;land;false;plains;1
8871;119;14;236;sea;true;ocean;0
8872;173;6;162;land;false;forest;6
8873;169;114;87;land;true;plains;1
8874;175;207;62;land;false;forest;6
8875;178;87;62;land;false;forest;6
8876;178;174;12;land;false;mountain;6
8877;178;171;197;land;false;plains;6
8878;23;15;30;lake;false;lakes;0
8879;236;133;245;land;false;hills;1
8880;178;21;172;land;false;forest;6
8881;169;15;182;land;false;forest;1
8882;119;32;248;sea;true;ocean;0
8883;171;81;132;land;false;plains;1
8884;134;117;149;land;false;plains;6
8885;172;42;142;land;false;jungle;6
8886;171;9;12;land;false;plains;1
8887;172;15;97;land;false;forest;6
8888;171;186;227;land;false;forest;1
8889;177;207;177;land;false;plains;6
8890;120;2;232;sea;false;ocean;0
8891;135;153;34;land;false;plains;6
8892;134;153;79;land;false;plains;6
8893;132;27;64;land;false;plains;6
8894;173;165;32;land;false;plains;6
8895;120;14;240;sea;true;ocean;0
8896;132;78;184;land;false;plains;6
8897;169;114;42;land;false;plains;1
8898;170;12;67;land;true;forest;1
8899;178;84;147;land;false;hills;6
8900;174;111;62;land;false;plains;1
8901;178;168;132;land;false;hills;6
8902;62;14;141;sea;true;ocean;0
8903;99;241;15;land;false;mountain;1
8904;174;204;42;land;false;forest;1
8905;120;30;244;sea;true;ocean;0
8906;171;81;82;land;false;hills;1
8907;131;129;189;land;false;plains;6
8908;172;42;92;land;false;plains;6
8909;135;165;49;land;false;mountain;6
8910;120;38;232;sea;false;ocean;0
8911;171;186;77;land;false;plains;1
8912;121;2;236;sea;false;ocean;0
8913;170;96;157;land;false;forest;6
8914;135;150;174;land;false;plains;6
8915;136;168;69;land;false;plains;6
8916;172;180;207;land;false;forest;1
8917;133;39;34;land;false;hills;6
8918;121;14;244;sea;true;ocean;0
8919;132;78;129;land;true;jungle;6
8920;169;111;227;land;false;mountain;1
8921;170;12;22;land;false;mountain;1
8922;178;84;97;land;false;mountain;6
8923;174;111;7;land;false;plains;6
8924;178;165;167;land;false;forest;6
8925;178;162;202;land;false;hills;6
8926;55;122;120;land;true;plains;6
8927;233;19;12;land;true;hills;1
8928;178;18;207;land;false;forest;6
8929;121;30;248;sea;true;ocean;0
8930;121;32;236;sea;false;ocean;0
8931;171;78;222;land;false;hills;6
8932;175;75;132;land;false;hills;6
8933;172;42;37;land;true;plains;1
8934;171;6;197;land;false;plains;1
8935;132;177;89;land;false;plains;6
8936;171;186;22;land;false;plains;1
8937;122;2;240;sea;false;ocean;0
8938;135;45;179;land;false;plains;6
8939;134;210;174;land;false;forest;6
8940;174;15;167;land;false;plains;6
8941;122;14;248;sea;false;ocean;0
8942;132;78;79;land;false;mountain;1
8943;169;111;77;land;false;plains;6
8944;132;123;9;land;false;forest;6
8945;170;9;207;land;false;plains;1
8946;178;81;182;land;false;forest;6
8947;175;141;172;land;false;plains;1
8948;176;30;157;land;false;plains;6
8949;62;104;103;land;true;plains;6
8950;151;53;125;land;false;plains;1
8951;178;15;142;land;false;forest;6
8952;122;30;232;sea;false;ocean;0
8953;122;32;240;sea;false;ocean;0
8954;171;78;167;land;false;plains;1
8955;176;138;217;land;false;plains;6
8956;172;39;177;land;false;plains;1
8957;135;162;189;land;false;mountain;6
8958;122;38;240;sea;false;ocean;0
8959;171;183;162;land;false;forest;1
8960;123;2;244;sea;false;ocean;0
8961;170;96;52;land;false;hills;6
8962;110;14;25;land;false;forest;6
8963;136;63;29;land;false;plains;6
8964;176;63;77;land;false;plains;6
8965;123;14;232;sea;true;ocean;0
8966;173;6;57;land;false;plains;6
8967;131;165;74;land;true;hills;6
8968;134;189;219;land;true;forest;6
8969;170;9;57;land;false;plains;1
8970;178;81;32;land;false;forest;6
8971;178;159;32;land;false;plains;6
8972;176;30;52;sea;true;ocean;0
8973;123;25;244;sea;false;ocean;0
8974;53;43;135;sea;false;ocean;0
8975;229;164;140;land;true;forest;1
8976;177;144;52;land;false;forest;6
8977;123;30;236;sea;false;ocean;0
8978;123;32;244;sea;false;ocean;0
8979;171;78;17;land;false;plains;1
8980;176;120;172;land;false;plains;6
8981;170;159;132;land;false;marsh;1
8982;135;162;134;land;false;forest;6
8983;123;38;244;sea;false;ocean;0
8984;171;183;12;land;false;plains;1
8985;124;2;248;sea;true;ocean;0
8986;170;93;192;land;false;mountain;6
8987;168;9;37;land;false;mountain;6
8988;174;108;147;land;false;marsh;6
8989;124;14;236;sea;true;ocean;0
8990;173;6;12;land;false;hills;6
8991;169;111;22;land;true;plains;6
8992;132;120;149;land;true;plains;1
8993;172;186;182;land;false;plains;1
8994;178;78;217;land;false;hills;6
8995;177;42;227;land;false;plains;6
8996;176;30;7;land;false;forest;6
8997;134;135;89;land;false;hills;6
8998;220;91;182;land;false;mountain;1
8999;177;207;27;land;false;hills;6
9000;124;30;240;sea;false;ocean;0
9001;135;150;69;land;false;mountain;6
9002;168;84;177;land;false;plains;1
9003;176;120;67;land;false;hills;6
9004;168;159;17;land;false;plains;6
9005;171;6;47;land;false;plains;1
9006;173;78;82;land;true;plains;6
9007;171;180;197;land;false;forest;6
9008;125;2;232;sea;true;ocean;0
9009;168;72;67;land;false;forest;1
9010;134;150;219;land;false;urban;1
9011;131;201;159;land;true;plains;1
9012;176;60;162;land;false;plains;6
9013;125;14;240;sea;false;ocean;0
9014;173;3;197;land;false;forest;6
9015;169;108;162;land;false;plains;1
9016;132;120;99;land;false;plains;1
9017;172;186;32;land;false;plains;1
9018;172;183;217;land;false;plains;1
9019;177;42;77;land;false;plains;6
9020;176;27;192;land;false;plains;6
9021;84;164;229;land;false;forest;1
9022;212;203;216;land;false;mountain;1
9023;125;28;248;sea;false;ocean;0
9024;177;141;137;land;false;plains;6
9025;125;30;244;sea;false;ocean;0
9026;168;84;132;land;false;plains;1
9027;176;120;22;land;false;plains;6
9028;168;156;202;land;false;hills;1
9029;135;162;84;land;true;jungle;1
9030;132;174;174;land;false;forest;6
9031;174;168;157;land;false;hills;6
9032;126;0;84;land;false;plains;1
9033;126;0;189;land;false;forest;1
9034;126;2;236;sea;false;ocean;0
9035;126;3;49;land;false;plains;1
9036;126;3;154;land;false;desert;1
9037;168;72;12;land;true;forest;1
9038;126;6;14;land;false;mountain;1
9039;126;6;164;land;false;hills;6
9040;168;6;72;land;false;forest;1
9041;126;9;79;land;false;hills;6
9042;126;9;129;land;true;plains;1
9043;126;9;184;land;false;plains;6
9044;133;171;219;land;false;forest;6
9045;126;12;44;land;true;plains;6
9046;126;12;99;land;false;plains;1
9047;126;12;149;land;false;desert;1
9048;133;195;89;land;true;forest;6
9049;131;105;214;land;false;forest;6
9050;126;15;64;land;false;hills;1
9051;126;15;214;land;false;forest;1
9052;173;3;92;land;false;plains;6
9053;169;105;197;land;false;plains;1
9054;126;18;29;land;false;hills;1
9055;126;18;74;land;true;plains;6
9056;126;18;179;land;false;forest;1
9057;175;174;142;land;false;plains;1
9058;178;72;187;land;false;plains;6
9059;126;21;39;land;true;plains;6
9060;126;21;94;land;false;mountain;1
9061;126;21;144;land;false;hills;1
9062;177;42;22;land;false;hills;6
9063;176;27;87;land;false;hills;6
9064;126;24;4;land;true;plains;1
9065;126;24;59;land;false;hills;1
9066;126;24;209;land;false;plains;1
9067;176;186;212;land;false;plains;6
9068;126;27;24;land;false;hills;1
9069;126;27;174;land;false;plains;1
9070;148;159;103;land;false;plains;1
9071;121;241;235;land;false;plains;1
9072;177;141;87;land;true;hills;6
9073;126;30;89;land;false;hills;1
9074;126;30;139;land;false;forest;1
9075;126;30;194;land;false;plains;1
9076;126;30;248;sea;true;ocean;0
9077;135;150;24;land;false;hills;6
9078;126;33;54;land;false;plains;6
9079;126;33;159;land;false;hills;1
9080;168;84;27;land;false;plains;1
9081;176;117;207;land;false;plains;6
9082;126;36;19;land;false;hills;1
9083;126;36;169;land;false;hills;1
9084;126;36;224;land;false;plains;6
9085;168;156;97;land;false;plains;1
9086;171;3;132;land;true;urban;1
9087;171;207;87;land;false;plains;1
9088;126;39;84;land;false;plains;1
9089;126;39;134;land;true;plains;1
9090;126;39;189;land;false;plains;1
9091;136;165;4;land;false;hills;6
9092;126;40;248;sea;false;ocean;0
9093;126;42;49;land;false;plains;1
9094;126;42;154;land;false;plains;1
9095;126;45;14;land;false;hills;1
9096;126;45;69;land;false;desert;1
9097;126;45;219;land;false;plains;1
9098;126;48;34;land;false;plains;1
9099;126;48;184;land;true;forest;6
9100;126;51;44;land;false;mountain;1
9101;126;51;99;land;false;plains;6
9102;126;51;149;land;true;jungle;6
9103;126;54;64;land;false;plains;1
9104;126;54;214;land;false;hills;1
9105;126;57;29;land;false;plains;1
9106;126;57;179;land;false;hills;1
9107;126;60;94;land;false;mountain;1
9108;126;60;144;land;false;forest;1
9109;126;60;199;land;false;forest;1
9110;126;63;59;land;true;plains;6
9111;126;63;164;land;false;hills;1
9112;126;63;209;land;false;marsh;1
9113;126;66;24;land;false;forest;6
9114;126;66;129;land;false;plains;6
9115;126;66;174;land;true;plains;6
9116;126;69;139;land;false;marsh;6
9117;126;69;194;land;false;hills;1
9118;126;72;54;land;true;urban;6
9119;126;75;19;land;false;forest;1
9120;126;75;74;land;false;mountain;1
9121;126;75;224;land;false;hills;6
9122;126;78;39;land;true;urban;6
9123;126;78;84;land;false;plains;1
9124;126;78;189;land;false;plains;6
9125;132;138;194;land;true;plains;6
9126;126;81;49;land;false;forest;1
9127;126;81;154;land;false;plains;1
9128;126;84;14;land;false;plains;1
9129;126;84;69;land;false;plains;1
9130;126;84;219;land;true;hills;6
9131;126;87;34;land;true;plains;6
9132;126;87;184;land;false;plains;1
9133;126;90;99;land;true;plains;1
9134;126;90;149;land;false;hills;1
9135;126;93;64;land;false;plains;1
9136;126;93;169;land;false;forest;1
9137;126;93;214;land;false;hills;6
9138;126;96;134;land;false;mountain;1
9139;126;99;94;land;false;plains;1
9140;126;99;144;land;false;hills;6
9141;126;102;59;land;false;forest;1
9142;126;102;164;land;false;plains;6
9143;126;105;24;land;false;plains;1
9144;126;105;79;land;false;plains;1
9145;126;105;129;land;true;plains;6
9146;126;108;44;land;false;forest;6
9147;126;108;89;land;false;hills;1
9148;126;108;194;land;false;hills;1
9149;126;111;9;land;false;plains;1
9150;126;111;54;land;false;plains;1
9151;126;111;159;land;false;forest;1
9152;126;114;19;land;false;hills;6
9153;126;114;74;land;false;plains;1
9154;126;114;224;land;false;plains;1
9155;126;117;39;land;true;plains;6
9156;126;117;189;land;false;forest;1
9157;126;120;4;land;false;plains;1
9158;126;120;154;land;false;plains;1
9159;126;120;209;land;false;plains;6
9160;126;123;69;land;false;hills;1
9161;126;123;174;land;false;plains;1
9162;126;123;219;land;false;marsh;1
9163;126;126;34;land;false;forest;1
9164;126;126;139;land;false;plains;1
9165;126;126;184;land;true;plains;6
9166;126;129;99;land;false;plains;1
9167;126;129;149;land;false;hills;1
9168;126;129;204;land;false;hills;6
9169;126;132;64;land;false;mountain;1
9170;126;132;169;land;false;desert;1
9171;126;135;29;land;false;forest;1
9172;126;135;84;land;false;forest;1
9173;126;135;134;land;false;plains;1
9174;126;138;49;land;false;plains;1
9175;126;138;94;land;false;hills;1
9176;126;138;199;land;true;plains;1
9177;126;141;14;land;false;hills;1
9178;126;141;59;land;false;plains;1
9179;126;144;24;land;false;plains;6
9180;126;144;79;land;false;hills;1
9181;126;144;129;land;false;plains;1
9182;126;147;44;land;false;mountain;1
9183;126;150;9;land;false;plains;1
9184;126;153;74;land;false;forest;1
9185;126;153;179;land;false;plains;1
9186;126;153;224;land;false;hills;1
9187;126;156;39;land;true;hills;6
9188;126;156;144;land;true;plains;6
9189;126;156;189;land;false;forest;1
9190;126;159;4;land;true;hills;1
9191;126;159;154;land;false;plains;1
9192;126;159;209;land;false;forest;6
9193;126;162;69;land;false;plains;1
9194;126;162;174;land;false;plains;1
9195;126;165;34;land;true;urban;6
9196;126;165;89;land;false;desert;1
9197;126;165;139;land;false;hills;1
9198;126;168;99;land;false;plains;1
9199;126;168;204;land;true;plains;6
9200;126;171;19;land;false;forest;1
9201;126;171;64;land;true;plains;6
9202;126;171;169;land;false;plains;6
9203;126;174;29;land;false;forest;1
9204;126;174;84;land;false;desert;1
9205;126;174;134;land;false;hills;6
9206;126;177;49;land;false;mountain;1
9207;126;180;14;land;false;plains;6
9208;126;180;164;land;false;plains;1
9209;126;180;219;land;false;plains;1
9210;126;183;79;land;true;plains;6
9211;126;183;129;land;false;forest;1
9212;126;183;184;land;false;hills;1
9213;126;186;44;land;false;hills;6
9214;126;186;149;land;false;plains;1
9215;126;186;194;land;true;plains;6
9216;126;189;9;land;false;plains;1
9217;126;189;159;land;true;plains;6
9218;126;189;214;land;false;mountain;1
9219;126;192;74;land;false;hills;1
9220;126;195;39;land;false;hills;1
9221;126;195;94;land;false;plains;1
9222;126;195;144;land;true;plains;6
9223;126;198;4;land;false;plains;1
9224;126;198;59;land;false;forest;6
9225;126;198;209;land;false;hills;6
9226;126;201;69;land;false;mountain;1
9227;126;201;174;land;false;plains;1
9228;126;204;89;land;false;hills;1
9229;126;204;139;land;false;plains;1
9230;126;207;54;land;false;mountain;6
9231;126;207;204;land;false;forest;6
9232;126;210;19;land;true;plains;6
9233;126;210;169;land;false;forest;1
9234;126;210;224;land;false;plains;1
9235;127;0;39;land;false;hills;1
9236;127;0;144;land;false;plains;1
9237;127;3;4;land;false;plains;1
9238;127;3;59;land;false;forest;1
9239;127;6;24;land;false;plains;1
9240;127;6;69;land;false;forest;1
9241;127;6;174;land;false;plains;1
9242;127;9;34;land;false;plains;1
9243;127;9;89;land;true;plains;6
9244;127;9;139;land;false;hills;6
9245;127;12;54;land;false;forest;1
9246;127;12;204;land;false;plains;1
9247;127;15;19;land;false;forest;1
9248;127;15;169;land;false;forest;6
9249;127;15;224;land;false;plains;1
9250;127;18;84;land;false;plains;1
9251;127;18;134;land;false;forest;1
9252;127;18;189;land;false;forest;1
9253;127;21;49;land;false;forest;1
9254;127;21;199;land;false;plains;1
9255;127;24;14;land;false;plains;1
9256;127;24;164;land;false;forest;1
9257;127;27;129;land;false;forest;6
9258;127;27;184;land;true;plains;1
9259;127;30;44;land;false;plains;6
9260;127;30;99;land;false;forest;1
9261;127;30;149;land;false;mountain;1
9262;127;33;9;land;false;plains;1
9263;127;33;214;land;false;forest;1
9264;127;36;29;land;false;plains;1
9265;127;36;74;land;true;plains;1
9266;127;36;179;land;false;forest;1
9267;127;39;39;land;false;forest;1
9268;127;39;94;land;false;plains;1
9269;127;39;144;land;false;hills;1
9270;127;42;4;land;false;hills;1
9271;127;42;59;land;false;mountain;6
9272;127;42;209;land;false;plains;1
9273;127;45;24;land;false;plains;1
9274;127;48;89;land;false;plains;1
9275;127;48;139;land;false;forest;1
9276;127;51;54;land;false;mountain;1
9277;127;51;159;land;false;plains;1
9278;127;51;204;land;false;plains;1
9279;127;54;19;land;true;plains;1
9280;127;54;169;land;false;plains;1
9281;127;54;224;land;true;jungle;1
9282;127;57;84;land;false;forest;1
9283;127;57;134;land;false;forest;6
9284;127;57;189;land;false;forest;1
9285;127;60;49;land;false;plains;1
9286;127;60;154;land;false;plains;1
9287;127;63;14;land;false;mountain;1
9288;127;63;69;land;false;plains;1
9289;127;63;219;land;false;forest;1
9290;127;66;34;land;false;plains;1
9291;127;66;79;land;false;forest;1
9292;127;66;184;land;false;plains;6
9293;127;69;44;land;false;plains;6
9294;127;69;99;land;false;plains;1
9295;127;69;149;land;false;plains;1
9296;127;72;9;land;false;forest;1
9297;127;72;64;land;false;forest;1
9298;127;72;214;land;false;plains;1
9299;127;75;29;land;false;forest;6
9300;127;75;179;land;false;plains;1
9301;127;78;94;land;false;plains;1
9302;127;78;144;land;false;forest;1
9303;127;81;59;land;false;plains;1
9304;127;81;164;land;false;plains;1
9305;127;81;209;land;false;plains;6
9306;127;84;129;land;false;plains;1
9307;127;87;89;land;false;hills;6
9308;127;87;139;land;false;forest;1
9309;127;87;194;land;false;desert;1
9310;127;90;159;land;false;plains;1
9311;127;93;19;land;false;plains;1
9312;127;93;74;land;false;mountain;1
9313;127;93;224;land;false;plains;1
9314;127;96;84;land;false;plains;1
9315;127;96;189;land;false;plains;1
9316;127;99;4;land;false;plains;1
9317;127;99;49;land;false;mountain;1
9318;127;99;154;land;false;mountain;1
9319;127;102;14;land;false;plains;1
9320;127;102;69;land;false;plains;1
9321;127;102;219;land;false;plains;1
9322;127;105;34;land;false;forest;1
9323;127;105;184;land;false;forest;1
9324;127;108;99;land;false;hills;1
9325;127;108;149;land;false;mountain;1
9326;127;108;204;land;false;hills;6
9327;127;111;64;land;false;plains;1
9328;127;111;169;land;true;plains;1
9329;127;111;214;land;false;forest;1
9330;127;114;29;land;false;forest;1
9331;127;114;179;land;false;plains;1
9332;127;117;94;land;false;hills;1
9333;127;117;144;land;false;forest;1
9334;127;117;199;land;false;plains;1
9335;127;120;164;land;false;jungle;1
9336;127;123;24;land;false;hills;6
9337;127;123;79;land;false;forest;6
9338;127;123;129;land;false;forest;6
9339;127;126;44;land;false;forest;1
9340;127;126;89;land;false;mountain;1
9341;127;126;194;land;false;plains;1
9342;127;129;9;land;false;plains;1
9343;127;129;54;land;false;plains;1
9344;127;129;159;land;false;mountain;1
9345;127;132;19;land;false;hills;1
9346;127;132;74;land;false;plains;1
9347;127;135;39;land;false;plains;1
9348;127;135;189;land;false;mountain;1
9349;127;138;4;land;false;mountain;6
9350;127;138;154;land;false;marsh;1
9351;127;141;69;land;false;plains;1
9352;127;141;174;land;false;plains;6
9353;127;141;219;land;false;plains;1
9354;127;144;34;land;false;forest;6
9355;127;144;139;land;false;mountain;1
9356;127;144;184;land;false;plains;1
9357;127;147;99;land;false;plains;1
9358;127;147;149;land;false;plains;1
9359;127;147;204;land;false;plains;1
9360;127;150;64;land;false;forest;1
9361;127;150;169;land;true;forest;1
9362;127;153;29;land;false;forest;1
9363;127;153;84;land;true;jungle;1
9364;127;153;134;land;true;plains;1
9365;127;156;49;land;false;plains;6
9366;127;156;199;land;false;forest;1
9367;127;159;14;land;false;mountain;1
9368;127;159;59;land;false;plains;1
9369;127;159;164;land;false;plains;1
9370;127;162;24;land;false;forest;1
9371;127;162;79;land;false;forest;1
9372;127;165;44;land;false;plains;1
9373;127;165;194;land;false;forest;6
9374;127;168;159;land;false;mountain;1
9375;127;168;214;land;false;plains;1
9376;127;171;74;land;false;hills;1
9377;127;171;179;land;false;mountain;1
9378;127;171;224;land;false;hills;1
9379;127;174;39;land;false;plains;1
9380;127;174;144;land;false;forest;6
9381;127;174;189;land;false;forest;6
9382;127;177;4;land;false;plains;1
9383;127;177;154;land;false;plains;1
9384;127;177;209;land;false;forest;1
9385;127;180;69;land;false;mountain;6
9386;127;183;34;land;false;plains;1
9387;127;183;89;land;false;forest;1
9388;127;183;139;land;false;plains;1
9389;127;186;99;land;false;forest;1
9390;127;186;204;land;false;hills;1
9391;127;189;19;land;true;plains;6
9392;127;189;64;land;false;plains;1
9393;127;192;29;land;false;plains;1
9394;127;192;84;land;false;hills;1
9395;127;192;134;land;false;forest;1
9396;127;195;49;land;false;marsh;1
9397;127;195;199;land;false;hills;1
9398;127;198;14;land;false;plains;1
9399;127;198;164;land;false;forest;1
9400;127;198;219;land;false;plains;1
9401;127;201;79;land;false;mountain;6
9402;127;201;129;land;false;forest;1
9403;127;201;184;land;false;desert;1
9404;127;204;44;land;false;forest;1
9405;127;204;149;land;false;plains;1
9406;127;204;194;land;true;plains;1
9407;127;207;9;land;false;plains;1
9408;127;207;159;land;false;mountain;1
9409;127;207;214;land;false;plains;6
9410;127;210;74;land;false;forest;1
9411;127;210;179;land;false;plains;1
9412;128;0;49;land;false;hills;1
9413;128;0;199;land;false;forest;1
9414;128;3;14;land;false;desert;1
9415;128;3;219;land;false;marsh;1
9416;128;6;79;land;false;jungle;1
9417;128;6;184;land;true;plains;1
9418;128;9;44;land;false;forest;1
9419;128;9;149;land;false;plains;1
9420;128;9;194;land;false;forest;6
9421;128;12;9;land;false;jungle;1
9422;128;12;159;land;true;plains;6
9423;128;12;214;land;false;plains;1
9424;128;15;74;land;false;forest;1
9425;128;15;179;land;false;forest;1
9426;128;18;94;land;false;plains;1
9427;128;18;144;land;false;plains;1
9428;128;21;4;land;false;desert;1
9429;128;21;209;land;false;jungle;1
9430;128;24;24;land;true;plains;1
9431;128;24;69;land;false;hills;1
9432;128;27;34;land;false;forest;6
9433;128;27;89;land;false;plains;1
9434;128;27;139;land;false;forest;1
9435;128;30;54;land;false;plains;1
9436;128;30;204;land;true;plains;6
9437;128;33;169;land;false;forest;1
9438;128;33;224;land;false;plains;1
9439;128;36;134;land;false;plains;1
9440;128;36;189;land;false;marsh;1
9441;128;39;49;land;false;plains;1
9442;128;39;154;land;false;forest;6
9443;128;39;199;land;false;jungle;1
9444;128;42;14;land;false;forest;1
9445;128;42;164;land;false;forest;6
9446;128;42;219;land;true;plains;1
9447;128;45;79;land;false;forest;6
9448;128;45;129;land;false;forest;1
9449;128;48;44;land;false;plains;1
9450;128;48;99;land;true;hills;1
9451;128;48;149;land;false;plains;1
9452;128;51;9;land;false;plains;1
9453;128;51;64;land;false;hills;6
9454;128;51;214;land;false;plains;1
9455;128;54;29;land;false;mountain;6
9456;128;54;74;land;false;plains;1
9457;128;54;179;land;false;plains;1
9458;128;57;39;land;false;plains;1
9459;128;57;94;land;false;plains;1
9460;128;60;4;land;false;plains;6
9461;128;60;59;land;true;plains;1
9462;128;60;209;land;false;marsh;6
9463;128;63;24;land;false;forest;1
9464;128;63;174;land;false;plains;1
9465;128;66;89;land;false;plains;1
9466;128;66;139;land;false;plains;1
9467;128;66;194;land;false;hills;1
9468;128;69;54;land;false;plains;1
9469;128;69;159;land;false;plains;6
9470;128;69;204;land;false;plains;1
9471;128;72;19;land;false;hills;1
9472;128;75;84;land;false;forest;1
9473;128;75;134;land;false;plains;6
9474;128;75;189;land;false;plains;1
9475;128;78;49;land;false;plains;6
9476;128;78;154;land;false;hills;1
9477;128;81;14;land;false;plains;1
9478;128;81;69;land;false;plains;1
9479;128;81;219;land;false;mountain;1
9480;128;84;34;land;false;forest;1
9481;128;84;184;land;false;plains;1
9482;128;87;44;land;true;jungle;1
9483;128;87;99;land;false;plains;1
9484;128;90;9;land;true;urban;1
9485;128;90;64;land;false;hills;1
9486;128;90;214;land;false;jungle;1
9487;128;93;179;land;false;plains;6
9488;128;96;94;land;true;plains;1
9489;128;96;144;land;false;forest;1
9490;128;96;199;land;false;forest;1
9491;128;99;59;land;false;plains;1
9492;128;99;164;land;false;forest;1
9493;128;99;209;land;false;plains;1
9494;128;102;24;land;false;plains;1
9495;128;102;129;land;false;plains;1
9496;128;102;174;land;false;desert;1
9497;128;105;89;land;false;jungle;1
9498;128;105;139;land;false;jungle;1
9499;128;105;194;land;false;plains;1
9500;128;108;54;land;false;mountain;1
9501;128;108;159;land;false;mountain;1
9502;128;111;19;land;true;plains;6
9503;128;111;74;land;true;jungle;1
9504;128;111;224;land;false;forest;6
9505;128;114;39;land;false;forest;1
9506;128;114;84;land;false;plains;1
9507;128;117;4;land;false;forest;1
9508;128;117;49;land;false;plains;1
9509;128;120;14;land;true;jungle;1
9510;128;120;69;land;false;forest;1
9511;128;120;219;land;false;plains;1
9512;128;123;34;land;false;hills;6
9513;128;126;99;land;false;plains;6
9514;128;126;149;land;false;forest;6
9515;128;126;204;land;false;plains;1
9516;128;129;64;land;false;marsh;1
9517;128;129;169;land;true;jungle;1
9518;128;129;214;land;false;plains;1
9519;128;132;29;land;false;hills;1
9520;128;132;179;land;false;desert;1
9521;128;135;94;land;false;plains;1
9522;128;135;144;land;false;jungle;1
9523;128;135;199;land;false;plains;1
9524;128;138;59;land;true;plains;1
9525;128;138;164;land;false;hills;1
9526;128;141;24;land;false;forest;6
9527;128;141;79;land;false;marsh;1
9528;128;141;129;land;true;forest;6
9529;128;144;89;land;false;hills;1
9530;128;144;194;land;false;forest;6
9531;128;147;159;land;false;plains;1
9532;128;150;19;land;false;plains;1
9533;128;150;224;land;false;plains;1
9534;128;153;39;land;false;hills;1
9535;128;153;189;land;false;desert;1
9536;128;156;154;land;false;hills;1
9537;128;156;209;land;false;forest;1
9538;128;159;69;land;false;hills;6
9539;128;159;174;land;false;plains;1
9540;128;162;34;land;false;plains;1
9541;128;162;139;land;false;marsh;1
9542;128;162;184;land;false;plains;1
9543;128;165;99;land;false;plains;1
9544;128;165;149;land;false;plains;1
9545;128;165;204;land;false;jungle;1
9546;128;168;64;land;false;desert;1
9547;128;171;29;land;false;jungle;1
9548;128;171;84;land;false;plains;1
9549;128;174;94;land;false;forest;6
9550;128;174;199;land;false;forest;1
9551;128;177;14;land;true;forest;1
9552;128;177;59;land;false;forest;1
9553;128;177;164;land;true;marsh;6
9554;128;180;24;land;false;forest;1
9555;128;180;79;land;false;jungle;1
9556;128;180;129;land;false;mountain;1
9557;128;183;44;land;true;plains;1
9558;128;183;194;land;false;plains;1
9559;128;186;9;land;false;forest;1
9560;128;186;159;land;false;plains;1
9561;128;189;74;land;false;forest;1
9562;128;189;224;land;false;plains;1
9563;128;192;144;land;false;hills;1
9564;128;192;189;land;false;plains;6
9565;128;195;4;land;false;hills;1
9566;128;195;154;land;false;forest;1
9567;128;195;209;land;false;forest;1
9568;128;198;69;land;false;plains;1
9569;128;198;174;land;false;jungle;1
9570;128;201;34;land;false;forest;1
9571;128;201;89;land;false;plains;1
9572;128;201;139;land;true;plains;1
9573;128;204;54;land;false;plains;1
9574;128;204;99;land;false;jungle;1
9575;128;204;204;land;false;mountain;1
9576;128;207;19;land;false;forest;1
9577;128;207;64;land;false;marsh;6
9578;128;207;169;land;false;forest;1
9579;128;210;29;land;false;forest;1
9580;129;0;4;land;true;plains;1
9581;129;0;154;land;false;marsh;1
9582;129;0;209;land;false;forest;1
9583;129;3;69;land;false;plains;1
9584;129;3;174;land;false;plains;1
9585;129;6;34;land;false;plains;1
9586;129;6;89;land;false;hills;1
9587;129;6;139;land;false;forest;1
9588;129;9;54;land;false;forest;1
9589;129;9;99;land;false;plains;6
9590;129;9;204;land;false;plains;1
9591;129;12;19;land;false;plains;1
9592;129;12;64;land;false;hills;6
9593;129;12;169;land;false;plains;1
9594;129;15;29;land;false;plains;1
9595;129;15;84;land;false;forest;1
9596;129;18;49;land;false;plains;1
9597;129;18;199;land;false;plains;1
9598;129;21;14;land;false;plains;1
9599;129;21;219;land;false;hills;1
9600;129;24;79;land;true;plains;1
9601;129;24;129;land;false;forest;1
9602;129;24;184;land;true;forest;1
9603;129;27;44;land;false;plains;1
9604;129;27;194;land;false;plains;6
9605;129;30;159;land;false;plains;6
9606;129;30;214;land;true;plains;1
9607;129;33;74;land;false;forest;1
9608;129;33;179;land;false;plains;1
9609;129;36;39;land;false;plains;1
9610;129;36;94;land;false;desert;1
9611;129;36;144;land;false;forest;1
9612;129;39;59;land;false;desert;1
9613;129;39;209;land;false;desert;1
9614;129;42;24;land;false;desert;1
9615;129;42;69;land;false;mountain;6
9616;129;45;34;land;false;plains;6
9617;129;45;89;land;true;plains;1
9618;129;45;139;land;false;hills;1
9619;129;48;54;land;false;desert;1
9620;129;48;204;land;false;mountain;1
9621;129;51;19;land;false;plains;1
9622;129;51;169;land;false;plains;1
9623;129;51;224;land;false;hills;6
9624;129;54;84;land;true;plains;1
9625;129;54;134;land;false;plains;1
9626;129;54;189;land;false;forest;1
9627;129;57;49;land;true;plains;1
9628;129;57;154;land;false;forest;1
9629;129;57;199;land;false;forest;1
9630;129;60;14;land;true;plains;1
9631;129;60;164;land;false;forest;1
9632;129;60;219;land;false;forest;1
9633;129;63;79;land;false;plains;1
9634;129;63;129;land;true;plains;1
9635;129;63;184;land;false;desert;1
9636;129;66;44;land;false;plains;1
9637;129;66;99;land;false;plains;6
9638;129;69;9;land;false;forest;1
9639;129;69;64;land;false;plains;6
9640;129;69;214;land;false;plains;1
9641;129;72;29;land;false;plains;6
9642;129;72;74;land;false;mountain;1
9643;129;72;179;land;false;plains;1
9644;129;75;39;land;false;forest;1
9645;129;75;94;land;false;plains;1
9646;129;75;144;land;false;plains;1
9647;129;78;59;land;false;forest;1
9648;129;78;209;land;false;forest;1
9649;129;81;24;land;false;forest;1
9650;129;81;174;land;false;desert;1
9651;129;84;89;land;false;desert;1
9652;129;84;139;land;false;jungle;1
9653;129;84;194;land;false;mountain;1
9654;129;87;159;land;false;mountain;1
9655;129;87;204;land;false;marsh;1
9656;129;90;19;land;false;plains;1
9657;129;90;224;land;false;forest;1
9658;129;93;134;land;false;mountain;1
9659;129;93;189;land;false;plains;6
9660;129;96;49;land;false;forest;1
9661;129;99;14;land;false;plains;1
9662;129;99;69;land;false;mountain;1
9663;129;99;219;land;false;plains;1
9664;129;102;34;land;false;hills;1
9665;129;102;79;land;false;desert;1
9666;129;105;44;land;false;plains;1
9667;129;105;99;land;false;plains;1
9668;129;105;149;land;false;plains;1
9669;129;108;64;land;false;mountain;6
9670;129;108;214;land;false;plains;1
9671;129;111;29;land;false;plains;6
9672;129;111;179;land;false;plains;1
9673;129;114;199;land;false;hills;1
9674;129;117;59;land;false;plains;1
9675;129;117;164;land;false;plains;1
9676;129;117;209;land;false;forest;1
9677;129;120;24;land;false;plains;1
9678;129;120;129;land;false;forest;1
9679;129;120;174;land;false;desert;1
9680;129;123;89;land;false;forest;1
9681;129;123;139;land;false;plains;1
9682;129;123;194;land;false;hills;1
9683;129;126;54;land;false;plains;1
9684;129;126;159;land;false;mountain;1
9685;129;129;19;land;false;plains;1
9686;129;132;39;land;true;plains;1
9687;129;132;84;land;false;plains;1
9688;129;132;189;land;false;plains;1
9689;129;135;4;land;false;plains;1
9690;129;135;49;land;false;desert;1
9691;129;135;154;land;false;plains;1
9692;129;138;14;land;false;hills;1
9693;129;138;69;land;true;plains;1
9694;129;138;219;land;false;plains;1
9695;129;141;34;land;false;forest;6
9696;129;141;184;land;false;plains;1
9697;129;144;99;land;false;hills;6
9698;129;144;149;land;false;forest;1
9699;129;144;204;land;true;plains;1
9700;129;147;169;land;false;plains;1
9701;129;147;214;land;false;mountain;1
9702;129;150;29;land;false;plains;6
9703;129;150;134;land;false;plains;1
9704;129;150;179;land;false;plains;1
9705;129;153;94;land;false;plains;1
9706;129;153;144;land;false;hills;1
9707;129;156;59;land;false;forest;1
9708;129;156;164;land;false;hills;1
9709;129;159;24;land;false;plains;1
9710;129;159;79;land;false;plains;1
9711;129;159;129;land;false;forest;1
9712;129;162;89;land;true;forest;1
9713;129;162;194;land;false;forest;6
9714;129;165;54;land;false;plains;1
9715;129;165;159;land;false;plains;1
9716;129;168;19;land;false;plains;1
9717;129;168;74;land;false;forest;1
9718;129;168;224;land;false;plains;1
9719;129;171;39;land;true;plains;1
9720;129;171;189;land;false;plains;1
9721;129;174;4;land;false;plains;1
9722;129;174;154;land;false;marsh;1
9723;129;174;209;land;false;hills;1
9724;129;177;69;land;false;forest;1
9725;129;177;174;land;false;plains;1
9726;129;177;219;land;false;plains;1
9727;129;180;34;land;false;forest;1
9728;129;180;139;land;false;plains;1
9729;129;180;184;land;true;forest;1
9730;129;183;99;land;false;mountain;6
9731;129;183;149;land;false;plains;1
9732;129;183;204;land;false;plains;1
9733;129;186;64;land;false;plains;6
9734;129;186;169;land;false;plains;1
9735;129;189;29;land;false;plains;1
9736;129;189;84;land;false;hills;1
9737;129;189;134;land;false;plains;1
9738;129;192;49;land;false;plains;1
9739;129;192;94;land;false;plains;1
9740;129;192;199;land;false;forest;1
9741;129;195;14;land;false;plains;1
9742;129;195;59;land;false;forest;1
9743;129;195;164;land;false;mountain;1
9744;129;198;24;land;false;plains;1
9745;129;198;79;land;false;plains;1
9746;129;198;129;land;false;hills;1
9747;129;201;194;land;false;forest;1
9748;129;204;9;land;false;plains;1
9749;129;204;159;land;false;hills;6
9750;129;204;214;land;true;plains;1
9751;129;207;74;land;false;plains;1
9752;129;207;179;land;false;plains;1
9753;129;207;224;land;false;hills;6
9754;129;210;39;land;false;mountain;1
9755;130;0;14;land;false;plains;1
9756;130;0;59;land;false;hills;1
9757;130;3;79;land;false;plains;1
9758;130;3;129;land;false;hills;1
9759;130;6;44;land;false;plains;6
9760;130;6;194;land;false;mountain;1
9761;130;9;9;land;true;plains;1
9762;130;9;159;land;false;forest;6
9763;130;9;214;land;false;plains;1
9764;130;12;74;land;false;plains;1
9765;130;12;179;land;false;hills;1
9766;130;12;224;land;false;forest;6
9767;130;15;39;land;false;plains;1
9768;130;15;144;land;false;plains;6
9769;130;15;189;land;false;desert;1
9770;130;18;4;land;false;plains;1
9771;130;18;154;land;false;mountain;1
9772;130;18;209;sea;true;ocean;0
9773;130;21;69;land;false;forest;6
9774;130;21;174;land;false;forest;1
9775;130;24;34;land;false;mountain;1
9776;130;24;89;land;false;plains;6
9777;130;24;139;land;false;plains;1
9778;130;27;54;land;false;plains;1
9779;130;27;99;land;false;forest;1
9780;130;27;204;land;false;mountain;1
9781;130;30;19;land;false;plains;6
9782;130;30;64;land;false;forest;6
9783;130;33;29;land;false;desert;1
9784;130;33;84;land;false;forest;1
9785;130;33;134;land;false;plains;1
9786;130;36;49;land;false;mountain;1
9787;130;36;199;land;false;plains;1
9788;130;39;14;land;false;plains;6
9789;130;39;164;land;false;marsh;1
9790;130;39;219;land;false;forest;6
9791;130;42;79;land;false;plains;1
9792;130;42;129;land;false;hills;6
9793;130;42;184;sea;true;ocean;0
9794;130;45;44;land;false;forest;1
9795;130;45;149;land;false;plains;6
9796;130;45;194;land;false;hills;1
9797;130;48;9;land;false;plains;1
9798;130;48;159;land;false;forest;6
9799;130;48;214;land;false;plains;1
9800;130;51;74;land;false;plains;1
9801;130;54;39;land;false;forest;1
9802;130;54;94;land;true;plains;1
9803;130;54;144;land;false;plains;6
9804;130;57;4;land;false;mountain;1
9805;130;57;59;land;false;hills;1
9806;130;57;209;land;false;plains;1
9807;130;60;24;land;false;forest;6
9808;130;60;69;land;false;forest;1
9809;130;60;174;land;false;mountain;1
9810;130;63;34;land;false;mountain;1
9811;130;63;89;land;false;plains;1
9812;130;66;54;land;false;forest;1
9813;130;66;204;land;false;plains;1
9814;130;69;19;land;false;plains;6
9815;130;69;224;land;false;forest;1
9816;130;72;84;land;true;plains;6
9817;130;72;134;land;true;forest;1
9818;130;75;49;land;false;plains;1
9819;130;75;154;land;false;plains;1
9820;130;75;199;land;false;hills;1
9821;130;78;14;land;true;plains;1
9822;130;78;164;land;false;hills;6
9823;130;78;219;land;false;mountain;1
9824;130;81;79;land;false;plains;1
9825;130;81;129;land;false;forest;1
9826;130;81;184;land;false;forest;1
9827;130;84;44;land;false;plains;1
9828;130;84;99;land;true;plains;1
9829;130;84;149;land;false;plains;1
9830;130;87;64;land;false;forest;1
9831;130;87;214;land;false;hills;6
9832;130;90;74;land;true;plains;1
9833;130;90;179;land;true;plains;1
9834;130;93;39;land;true;plains;1
9835;130;93;94;land;false;plains;6
9836;130;96;4;land;false;hills;1
9837;130;96;59;land;false;plains;1
9838;130;96;209;land;false;plains;1
9839;130;99;24;land;false;hills;1
9840;130;99;174;land;false;plains;1
9841;130;102;89;land;false;plains;6
9842;130;102;139;land;false;plains;1
9843;130;102;194;land;false;plains;6
9844;130;105;54;land;false;plains;1
9845;130;105;159;land;true;plains;6
9846;130;105;204;land;false;plains;1
9847;130;108;169;land;true;plains;1
9848;130;108;224;land;false;jungle;6
9849;130;111;84;land;false;mountain;1
9850;130;111;134;land;true;plains;1
9851;130;114;49;land;true;hills;1
9852;130;114;154;land;false;plains;1
9853;130;117;14;land;false;plains;1
9854;130;117;69;land;true;plains;6
9855;130;117;219;land;false;forest;6
9856;130;120;34;land;false;marsh;1
9857;130;120;79;land;false;hills;1
9858;130;120;184;land;false;plains;6
9859;130;123;99;land;true;forest;6
9860;130;123;149;land;false;hills;1
9861;130;126;64;land;false;marsh;1
9862;130;126;214;land;false;plains;1
9863;130;129;29;land;true;plains;1
9864;45;42;55;land;false;plains;1
9865;205;196;23;land;false;plains;3
9866;181;152;85;land;false;plains;2
9867;25;219;118;land;false;plains;2
9868;28;228;79;land;false;plains;4
9869;19;41;204;land;false;plains;2
9870;92;173;219;land;false;plains;2
9871;155;163;147;land;false;plains;2
9872;110;150;183;land;false;plains;2
9873;49;184;212;land;false;plains;2
9874;57;99;119;land;false;plains;2
9875;138;145;2;land;false;plains;2
9876;9;71;120;land;false;plains;2
9877;40;245;39;land;false;plains;2
9878;206;223;49;land;false;plains;2
9879;130;153;82;land;false;plains;2
9880;23;82;158;land;false;plains;2
9881;209;145;198;land;false;plains;2
9882;121;185;26;land;false;plains;2
9883;168;137;97;land;false;plains;2
9884;21;217;179;land;false;plains;2
9885;40;204;118;land;false;plains;2
9886;74;145;233;land;false;plains;2
9887;123;255;203;land;false;plains;2
9888;208;241;95;land;false;plains;2
9889;154;54;100;land;false;plains;2
9890;231;123;102;land;false;plains;2
9891;71;54;119;land;false;plains;2
9892;225;199;129;land;false;plains;2
9893;54;58;110;land;false;plains;2
9894;77;224;222;land;false;plains;2
9895;3;43;18;land;false;plains;2
9896;183;202;187;land;false;plains;2
9897;202;59;107;land;false;plains;2
9898;59;212;174;land;false;plains;2
9899;190;32;102;land;false;plains;2
9900;124;127;24;land;false;plains;2
9901;226;224;85;land;false;plains;2
9902;164;128;39;land;false;plains;2
9903;208;89;168;land;false;plains;2
9904;8;118;51;land;false;plains;2
9905;25;83;114;land;false;plains;2
9906;182;18;73;land;false;plains;2
9907;147;84;90;land;false;plains;2
9908;144;5;170;land;false;plains;2
9909;70;16;109;land;false;plains;2
9910;5;95;97;land;false;plains;2
9911;217;62;192;land;false;plains;2
9912;7;33;100;land;false;plains;2
9913;68;19;75;land;false;plains;2
9914;103;11;27;land;false;plains;2
9915;46;23;137;land;false;plains;2
9916;171;213;46;land;false;plains;2
9917;12;133;77;land;false;plains;2
9918;5;52;107;land;false;plains;2
9919;171;173;152;land;false;plains;2
9920;186;213;107;land;false;plains;2
9921;87;229;206;land;false;plains;2
9922;200;111;30;land;false;plains;2
9923;165;28;2;land;false;plains;2
9924;208;236;54;land;false;plains;2
9925;40;153;161;land;false;plains;2
9926;93;237;22;land;false;plains;2
9927;220;152;234;land;false;plains;2
9928;101;201;154;land;false;plains;2
9929;82;73;138;land;false;plains;2
9930;61;232;165;land;false;plains;2
9931;71;45;130;land;false;plains;2
9932;216;177;49;land;false;plains;2
9933;166;55;55;land;false;plains;2
9934;138;157;173;land;false;plains;2
9935;51;217;190;land;false;plains;2
9936;137;176;196;land;false;plains;2
9937;193;38;250;land;false;plains;2
9938;32;68;209;land;false;plains;2
9939;231;247;80;land;false;plains;2
9940;149;24;39;land;false;plains;2
9941;56;24;239;land;false;plains;2
9942;74;195;169;land;false;plains;2
9943;17;208;242;land;false;plains;2
9944;59;100;242;land;false;plains;2
9945;21;85;241;land;false;plains;2
9946;177;145;120;land;false;plains;2
9947;22;88;81;land;false;plains;2
9948;106;142;255;land;false;plains;2
9949;184;39;196;land;false;plains;2
9950;109;23;99;land;false;plains;2
9951;0;81;64;land;false;plains;2
9952;172;221;177;land;false;plains;2
9953;54;13;30;land;false;plains;2
9954;203;37;212;land;false;plains;2
9955;24;166;249;land;false;plains;2
9956;79;243;43;land;false;plains;2
9957;104;206;58;land;false;plains;2
9958;119;47;170;land;false;plains;2
9959;217;136;66;land;false;plains;2
9960;219;216;244;land;false;plains;2
9961;68;214;35;land;false;plains;2
9962;65;7;78;land;false;plains;2
9963;241;164;213;land;false;plains;2
9964;100;103;99;land;false;plains;2
9965;197;31;211;land;false;plains;2
9966;241;237;82;land;false;plains;2
9967;233;124;98;land;false;plains;2
9968;45;247;159;land;false;plains;2
9969;200;205;252;land;false;plains;2
9970;200;101;62;land;false;plains;2
9971;163;70;213;land;false;plains;2
9972;169;50;153;land;false;plains;2
9973;197;222;248;land;false;plains;2
9974;128;44;160;land;false;plains;2
9975;186;157;172;land;false;plains;2
9976;234;188;182;land;false;plains;2
9977;185;59;45;land;false;plains;2
9978;134;111;28;land;false;plains;2
9979;71;228;136;land;false;plains;2
9980;240;8;131;land;false;plains;2
9981;249;128;176;land;false;plains;2
9982;113;243;16;land;false;plains;2
9983;254;228;208;land;false;plains;2
9984;124;129;43;land;false;plains;2
9985;224;18;231;land;false;plains;2
9986;191;118;134;land;false;plains;2
9987;60;227;153;land;false;plains;2
9988;13;50;47;land;false;plains;2
9989;21;190;38;land;false;plains;2
9990;118;253;58;land;false;plains;2
9991;247;186;166;land;false;plains;2
9992;107;111;208;land;false;plains;2
9993;135;141;17;land;false;plains;2
9994;11;51;8;land;false;plains;2
9995;107;58;44;land;false;plains;2
9996;178;246;10;land;false;plains;2
9997;147;77;133;land;false;plains;2
9998;172;255;204;land;false;plains;2
9999;78;220;138;land;false;plains;2
10000;28;181;26;land;false;plains;2
10001;97;76;184;land;false;plains;2
10002;172;73;232;land;false;plains;2
10003;151;116;234;land;false;plains;2
10004;106;92;1;land;false;plains;2
10005;245;38;65;land;false;plains;2
10006;241;65;150;land;false;plains;2
10007;77;48;142;land;false;plains;2
10008;143;100;42;land;false;plains;2
10009;216;226;246;land;false;plains;2
10010;55;36;179;land;false;plains;2
10011;166;149;36;land;false;plains;2
10012;48;35;42;land;false;plains;2
10013;48;72;208;land;false;plains;2
10014;65;16;160;land;false;plains;2
10015;175;159;53;land;false;plains;2
10016;40;26;191;land;false;plains;2
10017;202;4;93;land;false;plains;2
10018;2;35;93;land;false;plains;2
10019;129;204;38;land;false;plains;2
10020;204;208;150;land;false;plains;2
10021;73;94;90;land;false;plains;2
10022;230;155;74;land;false;plains;2
10023;231;130;211;land;false;plains;2
10024;14;191;96;land;false;plains;2
10025;93;4;251;land;false;plains;2
10026;84;59;141;land;false;plains;2
10027;139;225;209;land;false;plains;2
10028;62;74;133;land;false;plains;2
10029;140;109;204;land;false;plains;2
10030;216;77;144;land;false;plains;2
10031;245;97;172;land;false;plains;2
10032;124;159;4;land;false;plains;2
10033;77;253;53;land;false;plains;2
10034;250;176;89;land;false;plains;2
10035;173;213;213;land;false;plains;2
10036;183;4;242;land;false;plains;2
10037;216;143;180;land;false;plains;2
10038;170;11;149;land;false;plains;2
10039;93;12;83;land;false;plains;2
10040;233;121;110;land;false;plains;2
10041;70;43;167;land;false;plains;2
10042;224;243;92;land;false;plains;2
10043;1;121;149;land;false;plains;2
10044;51;171;139;land;false;plains;2
10045;90;22;25;land;false;plains;2
10046;20;13;98;land;false;plains;2
10047;160;251;135;land;false;plains;2
10048;88;230;122;land;false;plains;2
10049;122;152;243;land;false;plains;2
10050;234;248;143;land;false;plains;2
10051;13;3;117;land;false;plains;2
10052;74;77;110;land;false;plains;2
10053;138;253;248;land;false;plains;2
10054;141;113;78;land;false;plains;2
10055;222;126;23;land;false;plains;2
10056;187;16;6;land;false;plains;2
10057;214;192;6;land;false;plains;2
10058;141;161;60;land;false;plains;2
10059;253;62;100;land;false;plains;2
10060;189;156;122;land;false;plains;2
10061;94;113;206;land;false;plains;2
10062;145;243;66;land;false;plains;2
10063;199;148;97;land;false;plains;2
10064;118;186;63;land;false;plains;2
10065;209;78;148;land;false;plains;2
10066;113;15;38;land;false;plains;2
10067;126;117;138;land;false;plains;2
10068;4;76;216;land;false;plains;2
10069;123;163;215;land;false;plains;2
10070;138;242;103;land;false;plains;2
10071;7;125;102;land;false;plains;2
10072;138;237;215;land;false;plains;2
10073;131;242;176;land;false;plains;2
10074;226;194;142;land;false;plains;2
10075;145;156;71;land;false;plains;2
10076;228;173;27;land;false;plains;2
10077;103;147;117;land;false;plains;2
10078;76;56;105;land;false;plains;2
10079;57;85;238;land;false;plains;2
10080;229;164;175;land;false;plains;2
10081;17;125;250;land;false;plains;2
10082;68;186;39;land;false;plains;2
10083;45;168;23;land;false;plains;2
10084;122;131;0;land;false;plains;2
10085;228;221;133;land;false;plains;2
10086;15;171;91;land;false;plains;2
10087;120;12;104;land;false;plains;2
10088;13;66;229;land;false;plains;2
10089;170;41;6;land;false;plains;2
10090;244;174;218;land;false;plains;2
10091;230;181;192;land;false;plains;2
10092;56;200;219;land;false;plains;2
10093;151;148;190;land;false;plains;2
10094;243;125;128;land;false;plains;2
10095;198;97;195;land;false;plains;2
10096;110;150;242;land;false;plains;2
10097;112;202;203;land;false;plains;2
10098;190;61;10;land;false;plains;2
10099;93;85;62;land;false;plains;2
10100;12;130;93;land;false;plains;2
10101;68;208;59;land;false;plains;2
10102;241;8;156;land;false;plains;2
10103;73;207;52;land;false;plains;2
10104;52;14;38;land;false;plains;2
10105;49;225;251;land;false;plains;2
10106;7;138;155;land;false;plains;2
10107;58;9;184;land;false;plains;2
10108;187;106;194;land;false;plains;2
10109;248;123;14;land;false;plains;2
10110;66;126;216;land;false;plains;2
10111;29;90;84;land;false;plains;2
10112;243;202;65;land;false;plains;2
10113;199;9;69;land;false;plains;2
10114;31;100;251;land;false;plains;2
10115;111;240;14;land;false;plains;2
10116;31;226;100;land;false;plains;2
10117;184;147;255;land;false;plains;2
10118;140;154;246;land;false;plains;2
10119;73;233;179;land;false;plains;2
10120;175;153;225;land;false;plains;2
10121;125;189;153;land;false;plains;2
10122;34;253;69;land;false;plains;2
10123;92;20;63;land;false;plains;2
10124;88;73;72;land;false;plains;2
10125;112;211;217;land;false;plains;2
10126;187;237;201;land;false;plains;2
10127;102;11;92;land;false;plains;2
10128;98;73;139;land;false;plains;2
10129;54;253;245;land;false;plains;2
10130;126;138;184;land;false;plains;2
10131;234;247;200;land;false;plains;2
10132;56;233;227;land;false;plains;2
10133;176;172;116;land;false;plains;2
10134;63;88;24;land;false;plains;2
10135;220;135;144;land;false;plains;2
10136;87;197;14;land;false;plains;2
10137;94;49;109;land;false;plains;2
10138;110;193;8;land;false;plains;2
10139;223;67;215;land;false;plains;2
10140;178;201;179;land;false;plains;2
10141;193;242;95;land;false;plains;2
10142;38;155;91;land;false;plains;2
10143;39;160;242;land;false;plains;2
10144;15;146;111;land;false;plains;2
10145;225;211;232;land;false;plains;2
10146;7;15;153;land;false;plains;2
10147;53;249;23;land;false;plains;2
10148;229;231;214;land;false;plains;2
10149;89;12;208;land;false;plains;2
10150;119;23;44;land;false;plains;2
10151;202;169;254;land;false;plains;2
10152;167;94;241;land;false;plains;2
10153;253;133;249;land;false;plains;2
10154;70;200;159;land;false;plains;2
10155;204;254;13;land;false;plains;2
10156;216;83;227;land;false;plains;2
10157;190;39;238;land;false;plains;2
10158;243;98;144;land;false;plains;2
10159;79;152;142;land;false;plains;2
10160;190;142;159;land;false;plains;2
10161;152;25;53;land;false;plains;2
10162;237;64;216;land;false;plains;2
10163;185;123;130;land;false;plains;2
10164;219;162;184;land;false;plains;2
10165;51;118;188;land;false;plains;2
10166;108;212;60;land;false;plains;2
10167;135;227;102;land;false;plains;2
10168;108;163;162;land;false;plains;2
10169;70;242;53;land;false;plains;2
10170;187;199;163;land;false;plains;2
10171;89;65;210;land;false;plains;2
10172;199;221;178;land;false;plains;2
10173;24;25;84;land;false;plains;2
10174;123;197;216;land;false;plains;2
10175;31;240;53;land;false;plains;2
10176;125;94;47;land;false;plains;2
10177;252;160;41;land;false;plains;2
10178;75;21;186;land;false;plains;2
10179;87;124;149;land;false;plains;2
10180;109;136;246;land;false;plains;2
10181;13;15;74;land;false;plains;2
10182;166;107;166;land;false;plains;2
10183;223;123;61;land;false;plains;2
10184;97;76;202;land;false;plains;2
10185;118;134;124;land;false;plains;2
10186;119;8;35;land;false;plains;2
10187;237;173;24;land;false;plains;2
10188;32;30;167;land;false;plains;2
10189;102;255;61;land;false;plains;2
10190;83;100;250;land;false;plains;2
10191;249;152;10;land;false;plains;2
10192;238;249;225;land;false;plains;2
10193;216;217;86;land;false;plains;2
10194;64;74;87;land;false;plains;2
10195;229;58;182;land;false;plains;2
10196;176;48;14;land;false;plains;2
10197;206;176;131;land;false;plains;2
10198;167;70;189;land;false;plains;2
10199;169;147;186;land;false;plains;2
10200;213;102;76;land;false;plains;2
10201;97;111;225;land;false;plains;2
10202;180;40;178;land;false;plains;2
10203;154;126;255;land;false;plains;2
10204;218;128;108;land;false;plains;2
10205;3;111;64;land;false;plains;2
10206;126;68;70;land;false;plains;2
10207;63;232;9;land;false;plains;2
10208;88;167;236;land;false;plains;2
10209;181;210;172;land;false;plains;2
10210;253;62;151;land;false;plains;2
10211;145;164;54;land;false;plains;2
10212;161;117;193;land;false;plains;2
10213;128;216;62;land;false;plains;2
10214;192;81;89;land;false;plains;2
10215;40;182;173;land;false;plains;2
10216;7;9;116;land;false;plains;2
10217;5;178;172;land;false;plains;2
10218;242;187;82;land;false;plains;2
10219;105;120;100;land;false;plains;2
10220;164;108;82;land;false;plains;2
10221;187;6;125;land;false;plains;2
10222;8;140;71;land;false;plains;2
10223;235;147;153;land;false;plains;2
10224;56;15;232;land;false;plains;2
10225;174;165;223;land;false;plains;2
10226;219;216;21;land;false;plains;2
10227;48;158;146;land;false;plains;2
10228;103;205;78;land;false;plains;2
10229;135;98;39;land;false;plains;2
10230;5;132;11;land;false;plains;2
10231;186;131;218;land;false;plains;2
10232;55;239;12;land;false;plains;2
10233;33;10;133;land;false;plains;2
10234;177;84;225;land;false;plains;2
10235;84;133;255;land;false;plains;2
10236;197;66;180;land;false;plains;2
10237;73;182;34;land;false;plains;2
10238;248;8;127;land;false;plains;2
10239;208;69;7;land;false;plains;2
10240;227;78;200;land;false;plains;2
10241;70;224;233;land;false;plains;2
10242;232;165;66;land;false;plains;2
10243;44;196;176;land;false;plains;2
10244;86;151;202;land;false;plains;2
10245;220;188;10;land;false;plains;2
10246;85;108;203;land;false;plains;2
10247;138;146;184;land;false;plains;2
10248;3;248;28;land;false;plains;2
10249;120;204;142;land;false;plains;2
10250;91;216;49;land;false;plains;2
10251;129;93;104;land;false;plains;2
10252;52;171;164;land;false;plains;2
10253;99;56;163;land;false;plains;2
10254;81;69;102;land;false;plains;2
10255;118;161;76;land;false;plains;2
10256;183;4;153;land;false;plains;2
10257;67;91;187;land;false;plains;2
10258;156;157;229;land;false;plains;2
10259;177;201;12;land;false;plains;2
10260;104;239;181;land;false;plains;2
10261;159;30;213;land;false;plains;2
10262;105;49;237;land;false;plains;2
10263;4;2;248;land;false;plains;2
10264;230;211;154;land;false;plains;2
10265;46;65;205;land;false;plains;2
10266;38;156;113;land;false;plains;2
10267;179;136;197;land;false;plains;2
10268;183;112;33;land;false;plains;2
10269;100;252;69;land;false;plains;2
10270;10;113;197;land;false;plains;2
10271;156;202;230;land;false;plains;2
10272;217;70;84;land;false;plains;2
10273;219;64;69;land;false;plains;2
10274;60;34;215;land;false;plains;2
10275;71;218;24;land;false;plains;2
10276;40;175;107;land;false;plains;2
10277;83;13;53;land;false;plains;2
10278;72;88;34;land;false;plains;2
10279;107;101;253;land;false;plains;2
10280;140;26;144;land;false;plains;2
10281;228;104;249;land;false;plains;2
10282;33;185;32;land;false;plains;2
10283;102;24;168;land;false;plains;2
10284;81;159;88;land;false;plains;2
10285;174;253;5;land;false;plains;2
10286;15;43;93;land;false;plains;2
10287;241;155;4;land;false;plains;2
10288;37;40;99;land;false;plains;2
10289;172;83;116;land;false;plains;2
10290;223;108;146;land;false;plains;2
10291;128;165;46;land;false;plains;2
10292;205;91;80;land;false;plains;2
10293;202;220;117;land;false;plains;2
10294;19;72;234;land;false;plains;2
10295;28;52;207;land;false;plains;2
10296;27;163;88;land;false;plains;2
10297;145;83;119;land;false;plains;2
10298;151;67;71;land;false;plains;2
10299;133;120;232;land;false;plains;2
10300;143;98;80;land;false;plains;2
10301;81;33;57;land;false;plains;2
10302;82;173;127;land;false;plains;2
10303;33;15;93;land;false;plains;2
10304;7;117;134;land;false;plains;2
10305;211;230;145;land;false;plains;2
10306;155;1;162;land;false;plains;2
10307;172;9;145;land;false;plains;2
10308;144;214;181;land;false;plains;2
10309;32;162;158;land;false;plains;2
10310;128;120;168;land;false;plains;2
10311;143;25;191;land;false;plains;2
10312;0;148;79;land;false;plains;2
10313;216;207;9;land;false;plains;2
10314;162;192;100;land;false;plains;2
10315;252;49;189;land;false;plains;2
10316;138;146;68;land;false;plains;2
10317;41;23;46;land;false;plains;2
10318;23;73;218;land;false;plains;2
10319;108;1;15;land;false;plains;2
10320;0;115;201;land;false;plains;2
10321;62;95;250;land;false;plains;2
10322;221;119;153;land;false;plains;2
10323;42;124;241;land;false;plains;2
10324;66;73;255;land;false;plains;2
10325;157;254;61;land;false;plains;2
10326;110;83;233;land;false;plains;2
10327;161;87;16;land;false;plains;2
10328;72;114;129;land;false;plains;2
10329;133;223;55;land;false;plains;2
10330;180;35;53;land;false;plains;2
10331;178;150;230;land;false;plains;2
10332;239;120;78;land;false;plains;2
10333;82;213;85;land;false;plains;2
10334;149;101;144;land;false;plains;2
10335;152;66;30;land;false;plains;2
10336;76;41;47;land;false;plains;2
10337;80;223;216;land;false;plains;2
10338;12;99;210;land;false;plains;2
10339;14;212;54;land;false;plains;2
10340;126;253;155;land;false;plains;2
10341;37;146;119;land;false;plains;2
10342;105;125;173;land;false;plains;2
10343;205;24;226;land;false;plains;2
10344;194;88;15;land;false;plains;2
10345;52;106;135;land;false;plains;2
10346;45;193;173;land;false;plains;2
10347;220;121;86;land;false;plains;2
10348;97;164;38;land;false;plains;2
10349;204;5;91;land;false;plains;2
10350;224;185;128;land;false;plains;2
10351;218;214;130;land;false;plains;2
10352;50;184;232;land;false;plains;2
10353;122;211;130;land;false;plains;2
10354;108;64;203;land;false;plains;2
10355;98;66;123;land;false;plains;2
10356;163;147;17;land;false;plains;2
10357;178;28;33;land;false;plains;2
10358;191;8;2;land;false;plains;2
10359;175;118;46;land;false;plains;2
10360;188;89;219;land;false;plains;2
10361;195;65;7;land;false;plains;2
10362;63;73;106;land;false;plains;2
10363;21;87;194;land;false;plains;2
10364;21;249;11;land;false;plains;2
10365;227;169;216;land;false;plains;2
10366;40;250;67;land;false;plains;2
10367;163;215;65;land;false;plains;2
10368;55;226;162;land;false;plains;2
10369;217;78;111;land;false;plains;2
10370;62;135;239;land;false;plains;2
10371;82;128;45;land;false;plains;2
10372;114;25;198;land;false;plains;2
10373;41;47;230;land;false;plains;2
10374;164;117;124;land;false;plains;2
10375;161;31;62;land;false;plains;2
10376;49;88;183;land;false;plains;2
10377;122;111;31;land;false;plains;2
10378;163;222;28;land;false;plains;2
10379;96;1;174;land;false;plains;2
10380;123;232;64;land;false;plains;2
10381;163;6;206;land;false;plains;2
10382;243;214;55;land;false;plains;2
10383;139;211;125;land;false;plains;2
10384;202;255;211;land;false;plains;2
10385;253;229;232;land;false;plains;2
10386;175;101;229;land;false;plains;2
10387;111;109;35;land;false;plains;2
10388;84;200;51;land;false;plains;2
10389;11;46;174;land;false;plains;2
10390;251;195;2;land;false;plains;2
10391;52;198;49;land;false;plains;2
10392;111;33;235;land;false;plains;2
10393;151;49;130;land;false;plains;2
10394;34;107;197;land;false;plains;2
10395;44;241;66;land;false;plains;2
10396;233;210;45;land;false;plains;2
10397;187;255;158;land;false;plains;2
10398;19;63;70;land;false;plains;2
10399;242;254;73;land;false;plains;2
10400;75;192;157;land;false;plains;2
10401;197;155;29;land;false;plains;2
10402;104;186;144;land;false;plains;2
10403;48;40;217;land;false;plains;2
10404;235;172;111;land;false;plains;2
10405;21;227;172;land;false;plains;2
10406;231;205;46;land;false;plains;2
10407;123;221;106;land;false;plains;2
10408;175;248;238;land;false;plains;2
10409;11;222;120;land;false;plains;2
10410;219;127;123;land;false;plains;2
10411;95;195;7;land;false;plains;2
10412;14;245;79;land;false;plains;2
10413;6;49;193;land;false;plains;2
10414;124;39;14;land;false;plains;2
10415;59;172;25;land;false;plains;2
10416;18;129;99;land;false;plains;2
10417;189;44;17;land;false;plains;2
10418;224;185;108;land;false;plains;2
10419;194;33;194;land;false;plains;2
10420;63;146;105;land;false;plains;2
10421;132;213;78;land;false;plains;2
10422;7;108;196;land;false;plains;2
10423;110;216;135;land;false;plains;2
10424;250;224;97;land;false;plains;2
10425;114;129;39;land;false;plains;2
10426;254;15;19;land;false;plains;2
10427;147;188;177;land;false;plains;2
10428;114;122;226;land;false;plains;2
10429;185;116;248;land;false;plains;2
10430;223;99;195;land;false;plains;2
10431;235;4;141;land;false;plains;2
10432;106;125;127;land;false;plains;2
10433;167;8;179;land;false;plains;2
10434;146;183;190;land;false;plains;2
10435;93;54;93;land;false;plains;2
10436;117;82;215;land;false;plains;2
10437;8;0;142;land;false;plains;2
10438;15;144;189;land;false;plains;2
10439;213;233;6;land;false;plains;2
10440;232;122;38;land;false;plains;2
10441;100;127;63;land;false;plains;2
10442;70;19;14;land;false;plains;2
10443;44;27;112;land;false;plains;2
10444;66;27;4;land;false;plains;2
10445;126;150;52;land;false;plains;2
10446;242;229;55;land;false;plains;2
10447;236;214;217;land;false;plains;2
10448;134;23;46;land;false;plains;2
10449;47;209;48;land;false;plains;2
10450;89;0;62;land;false;plains;2
10451;5;163;25;land;false;plains;2
10452;206;241;54;land;false;plains;2
10453;95;147;32;land;false;plains;2
10454;115;149;105;land;false;plains;2
10455;54;110;83;land;false;plains;2
10456;243;15;230;land;false;plains;2
10457;195;103;41;land;false;plains;2
10458;171;215;229;land;false;plains;2
10459;188;117;238;land;false;plains;2
10460;39;5;24;land;false;plains;2
10461;0;59;159;land;false;plains;2
10462;239;173;182;land;false;plains;2
10463;225;28;105;land;false;plains;2
10464;91;44;201;land;false;plains;2
10465;239;165;39;land;false;plains;2
10466;22;229;222;land;false;plains;2
10467;43;185;158;land;false;plains;2
10468;16;173;245;land;false;plains;2
10469;228;2;4;land;false;plains;2
10470;192;168;110;land;false;plains;2
10471;255;30;141;land;false;plains;2
10472;149;140;78;land;false;plains;2
10473;203;145;17;land;false;plains;2
10474;38;74;119;land;false;plains;2
10475;231;94;132;land;false;plains;2
10476;1;15;6;land;false;plains;2
10477;171;37;36;land;false;plains;2
10478;118;171;177;land;false;plains;2
10479;63;243;108;land;false;plains;2
10480;213;68;37;land;false;plains;2
10481;116;148;166;land;false;plains;2
10482;171;73;74;land;false;plains;2
10483;99;77;248;land;false;plains;2
10484;221;120;24;land;false;plains;2
10485;23;43;218;land;false;plains;2
10486;228;48;138;land;false;plains;2
10487;204;123;221;land;false;plains;2
10488;75;162;56;land;false;plains;2
10489;123;108;153;land;false;plains;2
10490;126;85;115;land;false;plains;2
10491;96;53;95;land;false;plains;2
10492;216;93;14;land;false;plains;2
10493;227;44;12;land;false;plains;2
10494;241;115;201;land;false;plains;2
10495;156;10;128;land;false;plains;2
10496;217;63;139;land;false;plains;2
10497;140;139;113;land;false;plains;2
10498;42;245;18;land;false;plains;2
10499;109;33;154;land;false;plains;2
10500;242;126;100;land;false;plains;2
10501;128;132;39;land;false;plains;2
10502;53;10;191;land;false;plains;2
10503;108;212;202;land;false;plains;2
10504;192;232;9;land;false;plains;2
10505;166;236;126;land;false;plains;2
10506;87;221;245;land;false;plains;2
10507;187;21;9;land;false;plains;2
10508;187;110;137;land;false;plains;2
10509;247;17;240;land;false;plains;2
10510;97;18;120;land;false;plains;2
10511;6;124;32;land;false;plains;2
10512;126;6;29;land;false;plains;2
10513;117;109;244;land;false;plains;2
10514;70;52;38;land;false;plains;2
10515;177;158;32;land;false;plains;2
10516;112;47;64;land;false;plains;2
10517;65;99;40;land;false;plains;2
10518;155;191;31;land;false;plains;2
10519;102;159;143;land;false;plains;2
10520;36;3;208;land;false;plains;2
10521;94;110;81;land;false;plains;2
10522;14;9;132;land;false;plains;2
10523;160;146;109;land;false;plains;2
10524;143;58;246;land;false;plains;2
10525;165;38;19;land;false;plains;2
10526;221;117;62;land;false;plains;2
10527;102;98;79;land;false;plains;2
10528;105;158;236;land;false;plains;2
10529;10;63;12;land;false;plains;2
10530;163;148;145;land;false;plains;2
10531;222;47;243;land;false;plains;2
10532;27;126;114;land;false;plains;2
10533;29;210;31;land;false;plains;2
10534;140;134;171;land;false;plains;2
10535;17;163;58;land;false;plains;2
10536;175;233;34;land;false;plains;2
10537;64;151;147;land;false;plains;2
10538;97;134;95;land;false;plains;2
10539;72;94;147;land;false;plains;2
10540;236;72;66;land;false;plains;2
10541;109;103;109;land;false;plains;2
10542;148;123;212;land;false;plains;2
10543;226;150;42;land;false;plains;2
10544;32;130;5;land;false;plains;2
10545;68;230;7;land;false;plains;2
10546;191;18;107;land;false;plains;2
10547;177;200;37;land;false;plains;2
10548;105;28;45;land;false;unknown;0
10549;226;213;155;land;false;unknown;0
10550;55;39;120;land;false;unknown;0
10551;105;197;132;land;false;unknown;0
10552;146;170;246;land;false;unknown;0
10553;0;247;188;land;false;unknown;0
10554;24;105;133;land;false;unknown;0
10555;178;122;217;land;false;unknown;0
10556;206;132;42;land;false;unknown;0
10557;195;44;123;land;false;unknown;0
10558;161;21;203;land;false;unknown;0
10559;140;47;174;land;false;unknown;0
10560;83;214;140;land;false;unknown;0
10561;191;38;247;land;false;unknown;0
10562;136;214;243;land;false;unknown;0
10563;157;118;170;land;false;unknown;0
10564;72;23;33;land;false;unknown;0
10565;204;140;212;land;false;unknown;0
10566;3;152;222;land;false;unknown;0
10567;203;30;182;land;false;unknown;0
10568;102;231;200;land;false;unknown;0
10569;162;73;135;land;false;unknown;0
10570;155;22;69;land;false;unknown;0
10571;193;152;22;land;false;unknown;0
10572;137;6;156;land;false;unknown;0
10573;232;155;74;land;false;unknown;0
10574;29;36;255;land;false;unknown;0
10575;49;70;233;land;false;unknown;0
10576;238;4;91;land;false;unknown;0
10577;82;36;35;land;false;unknown;0
10578;252;17;150;land;false;unknown;0
10579;242;211;32;land;false;unknown;0
10580;47;228;225;land;false;unknown;0
10581;1;43;148;land;false;unknown;0
10582;180;196;158;land;false;unknown;0
10583;247;173;15;land;false;unknown;0
10584;253;218;184;land;false;unknown;0
10585;60;121;191;land;false;unknown;0
10586;12;4;21;land;false;unknown;0
10587;225;46;249;land;false;unknown;0
10588;109;235;102;land;false;unknown;0
10589;65;26;183;land;false;unknown;0
10590;98;197;176;land;false;unknown;0
10591;193;166;4;land;false;unknown;0
10592;137;72;37;land;false;unknown;0
10593;65;219;178;land;false;unknown;0
10594;211;161;252;land;false;unknown;0
10595;137;32;84;land;false;unknown;0
10596;202;222;200;land;false;unknown;0
10597;102;108;60;land;false;unknown;0
10598;250;204;220;land;false;unknown;0
10599;26;43;35;land;false;unknown;0
10600;148;21;139;land;false;unknown;0
10601;168;90;180;land;false;unknown;0
10602;159;245;243;land;false;unknown;0
10603;98;55;115;land;false;unknown;0
10604;181;253;114;land;false;unknown;0
10605;6;8;65;land;false;unknown;0
10606;139;108;143;land;false;unknown;0
10607;187;188;204;land;false;unknown;0
10608;180;181;81;land;false;unknown;0
10609;101;241;192;land;false;unknown;0
10610;161;227;213;land;false;unknown;0
10611;93;34;86;land;false;unknown;0
10612;112;158;242;land;false;unknown;0
10613;17;80;163;land;false;unknown;0
10614;210;113;226;land;false;unknown;0
10615;159;126;8;land;false;unknown;0
10616;216;248;94;land;false;unknown;0
10617;185;93;64;land;false;unknown;0
10618;171;34;163;land;false;unknown;0
10619;183;133;176;land;false;unknown;0
10620;13;16;184;land;false;unknown;0
10621;84;239;252;land;false;unknown;0
10622;74;117;64;land;false;unknown;0
10623;72;48;210;land;false;unknown;0
10624;111;145;255;land;false;unknown;0
10625;140;36;131;land;false;unknown;0
10626;81;155;136;land;false;unknown;0
10627;234;107;108;land;false;unknown;0
10628;178;100;31;land;false;unknown;0
10629;174;150;0;land;false;unknown;0
10630;138;175;86;land;false;unknown;0
10631;83;166;192;land;false;unknown;0
10632;113;109;111;land;false;unknown;0
10633;215;52;159;land;false;unknown;0
10634;249;97;54;land;false;unknown;0
10635;37;226;100;land;false;unknown;0
10636;97;8;249;land;false;unknown;0
10637;166;52;117;land;false;unknown;0
10638;198;57;53;land;false;unknown;0
10639;245;75;146;land;false;unknown;0
10640;13;164;0;land;false;unknown;0
10641;191;100;54;land;false;unknown;0
10642;217;220;23;land;false;unknown;0
10643;169;232;46;land;false;unknown;0
10644;243;172;183;land;false;unknown;0
10645;199;228;194;land;false;unknown;0
10646;152;172;40;land;false;unknown;0
10647;114;237;145;land;false;unknown;0
10648;211;53;245;land;false;unknown;0
10649;104;49;170;land;false;unknown;0
10650;41;183;174;land;false;unknown;0
10651;231;11;160;land;false;unknown;0
10652;149;36;117;land;false;unknown;0
10653;36;194;26;land;false;unknown;0
10654;36;157;224;land;false;unknown;0
10655;233;5;77;land;false;unknown;0
10656;54;236;70;land;false;unknown;0
10657;172;48;49;land;false;unknown;0
10658;34;182;23;land;false;unknown;0
10659;250;28;189;land;false;unknown;0
10660;85;126;128;land;false;unknown;0
10661;151;143;87;land;false;unknown;0
10662;10;37;234;land;false;unknown;0
10663;191;101;234;land;false;unknown;0
10664;72;191;140;land;false;unknown;0
10665;171;142;76;land;false;unknown;0
10666;1;162;174;land;false;unknown;0
10667;184;54;30;land;false;unknown;0
10668;166;65;39;land;false;unknown;0
10669;245;39;0;land;false;unknown;0
10670;159;131;221;land;false;unknown;0
10671;25;118;196;land;false;unknown;0
10672;55;228;35;land;false;unknown;0
10673;11;169;135;land;false;unknown;0
10674;135;32;62;land;false;unknown;0
10675;47;213;55;land;false;unknown;0
10676;115;84;176;land;false;unknown;0
10677;195;211;64;land;false;unknown;0
10678;178;233;22;land;false;unknown;0
10679;198;42;99;land;false;unknown;0
10680;24;239;115;land;false;unknown;0
10681;199;202;62;land;false;unknown;0
10682;114;169;60;land;false;unknown;0
10683;175;16;111;land;false;unknown;0
10684;40;68;127;land;false;unknown;0
10685;231;70;23;land;false;unknown;0
10686;180;203;181;land;false;unknown;0
10687;214;255;95;land;false;unknown;0
10688;145;142;82;land;false;unknown;0
10689;103;238;21;land;false;unknown;0
